date,conso_moyenne_mw,conso_max_mw,conso_min_mw,eolien_moyen_mw,solaire_moyen_mw,nucleaire_moyen_mw,temp_france,annee,mois,jour_semaine,is_weekend,is_ferie,is_jour_ouvre,hdd,cdd
2018-01-01,56117.586956521736,63153.0,50629.0,9726.260869565218,329.04347826086956,39150.717391304344,8.34553264604811,2018,1,0,False,True,False,9.65446735395189,0.0
2018-01-02,63102.958333333336,71435.0,51522.0,7132.666666666667,242.3125,52531.1875,8.248969072164948,2018,1,1,False,False,True,9.751030927835052,0.0
2018-01-03,63761.270833333336,72527.0,51616.0,9857.895833333334,240.33333333333334,52614.104166666664,10.894716494845362,2018,1,2,False,False,True,7.105283505154638,0.0
2018-01-04,63169.1875,70292.0,52547.0,9021.541666666666,245.97916666666666,52792.145833333336,11.613638316151205,2018,1,3,False,False,True,6.386361683848795,0.0
2018-01-05,62318.708333333336,69470.0,51535.0,5334.791666666667,346.7916666666667,53464.770833333336,10.082731958762887,2018,1,4,False,False,True,7.917268041237113,0.0
2018-01-06,59227.125,65371.0,50735.0,1935.8333333333333,212.10416666666666,55227.5625,7.905691580756014,2018,1,5,True,False,False,10.094308419243987,0.0
2018-01-07,58761.979166666664,66499.0,50129.0,8347.645833333334,182.02083333333334,51759.583333333336,7.861125429553264,2018,1,6,True,False,False,10.138874570446735,0.0
2018-01-08,67164.83333333333,76799.0,53415.0,4082.2916666666665,287.2291666666667,54858.020833333336,6.719695017182131,2018,1,0,False,False,True,11.280304982817869,0.0
2018-01-09,68683.54166666667,76573.0,57069.0,2625.3125,380.9583333333333,56570.5,6.244823883161512,2018,1,1,False,False,True,11.755176116838488,0.0
2018-01-10,67405.125,75143.0,56240.0,2552.4166666666665,417.2916666666667,57408.708333333336,7.685137457044674,2018,1,2,False,False,True,10.314862542955325,0.0
2018-01-11,68516.16666666667,77318.0,56886.0,1425.2083333333333,434.2291666666667,57320.479166666664,5.872744845360826,2018,1,3,False,False,True,12.127255154639174,0.0
2018-01-12,69889.91666666667,76820.0,58514.0,1166.8333333333333,445.6458333333333,56193.833333333336,5.313573883161513,2018,1,4,False,False,True,12.686426116838486,0.0
2018-01-13,65975.45833333333,72077.0,58145.0,3183.3333333333335,424.2291666666667,54300.541666666664,4.676911512027492,2018,1,5,True,False,False,13.323088487972509,0.0
2018-01-14,63638.5625,70711.0,56476.0,1799.5625,342.3125,54455.75,4.60526202749141,2018,1,6,True,False,False,13.39473797250859,0.0
2018-01-15,70662.41666666667,79106.0,58123.0,7775.479166666667,284.2708333333333,55359.75,6.4708977663230245,2018,1,0,False,False,True,11.529102233676976,0.0
2018-01-16,68532.27083333333,76891.0,57237.0,10042.479166666666,308.7291666666667,55313.979166666664,9.093277491408935,2018,1,1,False,False,True,8.906722508591065,0.0
2018-01-17,70484.10416666667,79657.0,58776.0,9876.729166666666,603.8958333333334,56478.25,6.829080756013746,2018,1,2,False,False,True,11.170919243986255,0.0
2018-01-18,69634.875,76643.0,59844.0,9481.916666666666,394.4791666666667,56306.791666666664,8.321391752577322,2018,1,3,False,False,True,9.678608247422678,0.0
2018-01-19,68817.375,75959.0,57723.0,5235.0625,542.1458333333334,55965.6875,6.962779209621992,2018,1,4,False,False,True,11.037220790378008,0.0
2018-01-20,64436.0,71275.0,57081.0,7006.333333333333,171.52083333333334,54980.791666666664,6.794974226804124,2018,1,5,True,False,False,11.205025773195876,0.0
2018-01-21,59333.958333333336,66372.0,51485.0,4953.416666666667,331.3125,55040.479166666664,8.730283505154638,2018,1,6,True,False,False,9.269716494845362,0.0
2018-01-22,64262.8125,73146.0,51845.0,6719.666666666667,283.75,54875.416666666664,10.595274914089346,2018,1,0,False,False,True,7.404725085910654,0.0
2018-01-23,64893.625,72694.0,53807.0,4930.854166666667,480.7291666666667,56382.958333333336,8.998002577319587,2018,1,1,False,False,True,9.001997422680413,0.0
2018-01-24,63726.145833333336,72140.0,52714.0,7929.541666666667,686.5208333333334,55071.125,10.506701030927834,2018,1,2,False,False,True,7.493298969072166,0.0
2018-01-25,65070.625,73786.0,52928.0,3868.9166666666665,191.70833333333334,56290.791666666664,9.58475085910653,2018,1,3,False,False,True,8.41524914089347,0.0
2018-01-26,66985.75,74066.0,55153.0,1780.375,334.3125,58269.875,6.742697594501719,2018,1,4,False,False,True,11.257302405498281,0.0
2018-01-27,63842.770833333336,69694.0,55931.0,2272.7083333333335,460.375,57936.791666666664,5.64920532646048,2018,1,5,True,False,False,12.35079467353952,0.0
2018-01-28,60005.75,66266.0,53981.0,3837.1875,657.9375,54423.3125,7.226868556701031,2018,1,6,True,False,False,10.773131443298968,0.0
2018-01-29,65833.20833333333,74604.0,53554.0,3949.2083333333335,490.9375,55236.625,8.353973367697595,2018,1,0,False,False,True,9.646026632302405,0.0
2018-01-30,66266.47916666667,74146.0,54802.0,1350.1458333333333,409.6875,55971.3125,7.909536082474228,2018,1,1,False,False,True,10.090463917525772,0.0
2018-01-31,67475.35416666667,76555.0,55086.0,7604.1875,395.1458333333333,55825.625,7.8187500000000005,2018,1,2,False,False,True,10.181249999999999,0.0
2018-02-01,70213.64583333333,79330.0,58400.0,4145.4375,498.9583333333333,57077.270833333336,5.382603092783505,2018,2,3,False,False,True,12.617396907216495,0.0
2018-02-02,72491.27083333333,79678.0,61946.0,3560.1041666666665,688.4791666666666,56896.604166666664,3.5727018900343643,2018,2,4,False,False,True,14.427298109965635,0.0
2018-02-03,67554.95833333333,73046.0,59949.0,1833.0833333333333,530.8541666666666,53839.833333333336,3.5913230240549825,2018,2,5,True,False,False,14.408676975945017,0.0
2018-02-04,66343.6875,74759.0,58515.0,4163.979166666667,677.1041666666666,54488.041666666664,3.2495919243986258,2018,2,6,True,False,False,14.750408075601374,0.0
2018-02-05,77231.02083333333,87041.0,63748.0,4151.5,324.4583333333333,55753.833333333336,2.001932989690722,2018,2,0,False,False,True,15.998067010309278,0.0
2018-02-06,78708.9375,87441.0,66942.0,2944.0,411.1041666666667,55265.604166666664,1.905627147766323,2018,2,1,False,False,True,16.094372852233676,0.0
2018-02-07,80049.0625,88868.0,68613.0,2605.1458333333335,567.0,55682.708333333336,0.30822594501718215,2018,2,2,False,False,True,17.69177405498282,0.0
2018-02-08,80230.20833333333,87449.0,70670.0,1105.8541666666667,613.0625,55716.4375,0.23653350515463906,2018,2,3,False,False,True,17.76346649484536,0.0
2018-02-09,79876.60416666667,87371.0,70868.0,4093.8125,613.2291666666666,56647.666666666664,1.2149484536082475,2018,2,4,False,False,True,16.785051546391752,0.0
2018-02-10,72386.10416666667,77791.0,66833.0,4135.458333333333,925.7291666666666,56237.854166666664,2.450171821305842,2018,2,5,True,False,False,15.549828178694158,0.0
2018-02-11,67135.0,73823.0,61379.0,6942.145833333333,565.75,55477.583333333336,5.013573883161513,2018,2,6,True,False,False,12.986426116838487,0.0
2018-02-12,74370.04166666667,82960.0,63293.0,3073.3541666666665,1180.25,56943.270833333336,2.9668599656357397,2018,2,0,False,False,True,15.03314003436426,0.0
2018-02-13,79028.16666666667,86795.0,68431.0,5792.645833333333,762.25,56952.0,1.8161512027491404,2018,2,1,False,False,True,16.18384879725086,0.0
2018-02-14,78045.60416666667,84929.0,68204.0,4418.291666666667,630.0416666666666,56920.25,3.185180412371134,2018,2,2,False,False,True,14.814819587628866,0.0
2018-02-15,71888.64583333333,77569.0,63226.0,4098.9375,499.7916666666667,56578.875,7.874484536082474,2018,2,3,False,False,True,10.125515463917527,0.0
2018-02-16,68817.89583333333,76835.0,59412.0,1283.0208333333333,736.125,56287.1875,7.234643470790378,2018,2,4,False,False,True,10.765356529209622,0.0
2018-02-17,62918.583333333336,68626.0,55498.0,2017.0833333333333,519.0625,51960.875,6.686039518900342,2018,2,5,True,False,False,11.313960481099658,0.0
2018-02-18,62391.958333333336,69131.0,56398.0,1929.625,703.7083333333334,52077.625,4.628457903780069,2018,2,6,True,False,False,13.371542096219931,0.0
2018-02-19,70529.04166666667,78648.0,58554.0,1097.25,652.6458333333334,51396.270833333336,4.654188144329897,2018,2,0,False,False,True,13.345811855670103,0.0
2018-02-20,70390.14583333333,78399.0,59524.0,2760.3958333333335,582.3333333333334,50589.4375,5.619802405498281,2018,2,1,False,False,True,12.38019759450172,0.0
2018-02-21,73132.08333333333,81843.0,61966.0,5012.708333333333,1266.2916666666667,50642.8125,3.109385738831615,2018,2,2,False,False,True,14.890614261168384,0.0
2018-02-22,76916.20833333333,84072.0,66794.0,5898.3125,1141.5833333333333,52217.541666666664,1.6307560137457044,2018,2,3,False,False,True,16.369243986254297,0.0
2018-02-23,77731.45833333333,85491.0,69165.0,5652.791666666667,985.6875,52400.395833333336,1.0174613402061856,2018,2,4,False,False,True,16.982538659793814,0.0
2018-02-24,72350.27083333333,77405.0,66475.0,5905.770833333333,1131.5208333333333,52538.604166666664,1.4808419243986255,2018,2,5,True,False,False,16.519158075601375,0.0
2018-02-25,70274.54166666667,77210.0,63676.0,7453.854166666667,1403.7916666666667,52367.416666666664,1.004810996563574,2018,2,6,True,False,False,16.995189003436426,0.0
2018-02-26,81881.5625,91858.0,70063.0,8075.208333333333,1579.7083333333333,51123.0,-1.806314432989691,2018,2,0,False,False,True,19.80631443298969,0.0
2018-02-27,87012.25,94202.0,78011.0,4342.458333333333,1467.7916666666667,51726.0625,-3.62227233676976,2018,2,1,False,False,True,21.62227233676976,0.0
2018-02-28,89600.08333333333,96272.0,80461.0,7335.354166666667,614.9166666666666,50977.645833333336,-2.7173969072164943,2018,2,2,False,False,True,20.717396907216493,0.0
2018-03-01,84582.27083333333,91064.0,77231.0,8706.770833333334,517.6458333333334,52693.020833333336,2.328157216494845,2018,3,3,False,False,True,15.671842783505156,0.0
2018-03-02,76882.625,84436.0,69475.0,6038.604166666667,1041.9791666666667,52688.75,4.901181271477663,2018,3,4,False,False,True,13.098818728522337,0.0
2018-03-03,66938.27083333333,74514.0,60439.0,3713.2083333333335,1156.1041666666667,51183.25,6.0904853951890034,2018,3,5,True,False,False,11.909514604810997,0.0
2018-03-04,62062.75,68072.0,56648.0,4223.145833333333,706.3958333333334,49898.520833333336,6.987779209621992,2018,3,6,True,False,False,11.012220790378008,0.0
2018-03-05,67215.79166666667,74198.0,57557.0,3259.1041666666665,851.3541666666666,50602.125,7.485674398625431,2018,3,0,False,False,True,10.51432560137457,0.0
2018-03-06,66901.52083333333,74366.0,57469.0,2218.9791666666665,998.3333333333334,51051.833333333336,7.241494845360825,2018,3,1,False,False,True,10.758505154639174,0.0
2018-03-07,67873.16666666667,75076.0,57931.0,5216.0625,1136.3958333333333,51013.041666666664,6.63485824742268,2018,3,2,False,False,True,11.365141752577319,0.0
2018-03-08,67788.1875,74667.0,59810.0,5734.6875,1426.125,50931.479166666664,7.12759879725086,2018,3,3,False,False,True,10.87240120274914,0.0
2018-03-09,64220.479166666664,70378.0,55764.0,3786.3125,777.0,50607.041666666664,9.665399484536083,2018,3,4,False,False,True,8.334600515463917,0.0
2018-03-10,55351.208333333336,61842.0,49532.0,5044.520833333333,690.0208333333334,48542.708333333336,12.344222508591065,2018,3,5,True,False,False,5.655777491408935,0.0
2018-03-11,50928.354166666664,57599.0,45153.0,4354.541666666667,1022.3541666666666,44608.5625,12.288487972508591,2018,3,6,True,False,False,5.711512027491409,0.0
2018-03-12,60062.520833333336,69492.0,47731.0,9012.416666666666,896.5625,48104.291666666664,10.239411512027491,2018,3,0,False,False,True,7.760588487972509,0.0
2018-03-13,62450.020833333336,69219.0,52917.0,4453.958333333333,1162.3333333333333,49999.479166666664,8.622229381443299,2018,3,1,False,False,True,9.377770618556701,0.0
2018-03-14,62423.395833333336,69719.0,54626.0,5172.958333333333,1423.7916666666667,50318.5625,9.007195017182132,2018,3,2,False,False,True,8.992804982817868,0.0
2018-03-15,62012.145833333336,69026.0,51485.0,4650.041666666667,905.1458333333334,48728.208333333336,9.398432130584192,2018,3,3,False,False,True,8.601567869415808,0.0
2018-03-16,61202.208333333336,67702.0,52689.0,1659.9791666666667,1142.3125,48290.270833333336,8.452426975945018,2018,3,4,False,False,True,9.547573024054982,0.0
2018-03-17,59760.916666666664,67104.0,51199.0,2818.5208333333335,947.1666666666666,45959.958333333336,5.54379295532646,2018,3,5,True,False,False,12.45620704467354,0.0
2018-03-18,61730.333333333336,69736.0,54363.0,3415.125,851.7916666666666,46645.9375,3.778823024054983,2018,3,6,True,False,False,14.221176975945017,0.0
2018-03-19,72389.47916666667,81769.0,60071.0,2678.25,971.5416666666666,47887.666666666664,3.1134020618556706,2018,3,0,False,False,True,14.88659793814433,0.0
2018-03-20,74346.77083333333,81092.0,65062.0,6584.708333333333,1165.9583333333333,47892.5625,3.3987972508591064,2018,3,1,False,False,True,14.601202749140894,0.0
2018-03-21,73350.625,80916.0,65657.0,3571.3958333333335,1737.0416666666667,48085.041666666664,3.671713917525773,2018,3,2,False,False,True,14.328286082474227,0.0
2018-03-22,72089.1875,78688.0,64603.0,3652.625,1521.1041666666667,47984.75,4.232302405498282,2018,3,3,False,False,True,13.767697594501719,0.0
2018-03-23,69088.22916666667,75854.0,60804.0,3259.8333333333335,1082.0625,48128.208333333336,5.829188144329898,2018,3,4,False,False,True,12.170811855670102,0.0
2018-03-24,60309.75,67334.0,54828.0,1719.6666666666667,1005.0625,42947.416666666664,7.41161941580756,2018,3,5,True,False,False,10.58838058419244,0.0
2018-03-25,55763.333333333336,61770.0,49766.0,1239.5208333333333,1097.9583333333333,42561.1875,8.2571735395189,2018,3,6,True,False,False,9.7428264604811,0.0
2018-03-26,62077.458333333336,69998.0,51279.0,1879.1458333333333,1066.8125,45630.8125,8.540206185567012,2018,3,0,False,False,True,9.459793814432988,0.0
2018-03-27,64169.270833333336,71353.0,53308.0,5268.958333333333,658.9375,45737.625,8.292010309278352,2018,3,1,False,False,True,9.707989690721648,0.0
2018-03-28,62737.6875,69204.0,52422.0,6337.375,903.75,44900.625,10.195382302405498,2018,3,2,False,False,True,7.804617697594502,0.0
2018-03-29,63105.708333333336,70731.0,53805.0,3356.4166666666665,1320.2708333333333,44782.208333333336,8.204617697594504,2018,3,3,False,False,True,9.795382302405496,0.0
2018-03-30,63157.708333333336,70240.0,53835.0,4256.541666666667,1135.7916666666667,45189.791666666664,7.73208762886598,2018,3,4,False,False,True,10.26791237113402,0.0
2018-03-31,58258.354166666664,64182.0,52334.0,3102.0416666666665,1284.0,44280.375,7.198883161512027,2018,3,5,True,False,False,10.801116838487973,0.0
2018-04-01,54856.958333333336,62390.0,48611.0,3205.375,1557.5416666666667,42716.458333333336,7.9794029209622,2018,4,6,True,False,False,10.020597079037799,0.0
2018-04-02,53712.604166666664,59156.0,48734.0,4851.354166666667,914.6458333333334,42618.3125,10.258204467353952,2018,4,0,False,True,False,7.741795532646048,0.0
2018-04-03,57779.520833333336,64508.0,47116.0,6620.854166666667,987.8333333333334,44486.291666666664,12.487951030927833,2018,4,1,False,False,True,5.512048969072167,0.0
2018-04-04,58139.583333333336,64482.0,48680.0,6571.416666666667,1098.1041666666667,45554.208333333336,11.677835051546394,2018,4,2,False,False,True,6.322164948453606,0.0
2018-04-05,58601.666666666664,65806.0,49697.0,4116.229166666667,1680.8333333333333,45504.041666666664,10.163981958762887,2018,4,3,False,False,True,7.8360180412371125,0.0
2018-04-06,56631.291666666664,65978.0,50544.0,5757.270833333333,1926.8125,44430.979166666664,11.336060996563576,2018,4,4,False,False,True,6.663939003436424,0.0
2018-04-07,48548.270833333336,54792.0,42777.0,4236.541666666667,1065.0416666666667,40196.8125,13.619415807560138,2018,4,5,True,False,False,4.380584192439862,0.0
2018-04-08,45271.520833333336,51390.0,39315.0,1870.1875,711.6875,39632.75,13.253930412371135,2018,4,6,True,False,False,4.746069587628865,0.0
2018-04-09,52922.916666666664,59997.0,41258.0,1645.5416666666667,845.3125,41946.0625,12.191387457044673,2018,4,0,False,False,True,5.808612542955327,0.0
2018-04-10,55150.104166666664,61327.0,45098.0,3307.0416666666665,1085.1666666666667,42874.270833333336,11.424226804123712,2018,4,1,False,False,True,6.5757731958762875,0.0
2018-04-11,56084.833333333336,62621.0,46728.0,2568.7083333333335,854.1875,43004.041666666664,10.931722508591069,2018,4,2,False,False,True,7.0682774914089315,0.0
2018-04-12,56018.5625,62032.0,46148.0,1596.8541666666667,1017.1041666666666,42327.104166666664,10.93107817869416,2018,4,3,False,False,True,7.068921821305841,0.0
2018-04-13,54375.208333333336,61188.0,46656.0,1305.2916666666667,1232.6041666666667,43778.854166666664,11.446112542955328,2018,4,4,False,False,True,6.553887457044672,0.0
2018-04-14,48535.916666666664,55044.0,43090.0,1101.5416666666667,1104.5833333333333,43227.729166666664,12.135502577319587,2018,4,5,True,False,False,5.864497422680413,0.0
2018-04-15,45253.916666666664,51988.0,40457.0,1959.5833333333333,1498.25,41939.020833333336,13.07061855670103,2018,4,6,True,False,False,4.92938144329897,0.0
2018-04-16,51310.875,57773.0,41203.0,1450.8333333333333,1441.8958333333333,43620.3125,12.685567010309276,2018,4,0,False,False,True,5.314432989690724,0.0
2018-04-17,51092.958333333336,57625.0,43605.0,1646.0833333333333,2108.75,43518.9375,14.122508591065293,2018,4,1,False,False,True,3.8774914089347075,0.0
2018-04-18,48493.9375,53815.0,40379.0,2368.5833333333335,2070.875,42938.895833333336,16.32422680412371,2018,4,2,False,False,True,1.675773195876289,0.0
2018-04-19,47315.104166666664,53186.0,38239.0,1931.25,2052.1041666666665,42373.375,17.715335051546393,2018,4,3,False,False,True,0.28466494845360657,0.0
2018-04-20,47236.479166666664,53715.0,37836.0,690.8958333333334,2051.875,42714.916666666664,18.246778350515466,2018,4,4,False,False,True,0.0,0.0
2018-04-21,41829.958333333336,47779.0,35414.0,1138.8333333333333,2050.875,40647.666666666664,18.165592783505158,2018,4,5,True,False,False,0.0,0.0
2018-04-22,39012.3125,44921.0,32874.0,2352.2916666666665,1745.5833333333333,38224.520833333336,17.99647766323024,2018,4,6,True,False,False,0.0035223367697589936,0.0
2018-04-23,45426.979166666664,52232.0,34659.0,1733.2916666666667,1240.4583333333333,42828.833333333336,15.211920103092783,2018,4,0,False,False,True,2.7880798969072167,0.0
2018-04-24,46849.895833333336,52915.0,37609.0,1424.1875,1911.3333333333333,43734.583333333336,15.20534793814433,2018,4,1,False,False,True,2.79465206185567,0.0
2018-04-25,47722.791666666664,54302.0,37573.0,4452.166666666667,1357.3541666666667,42949.020833333336,14.578157216494846,2018,4,2,False,False,True,3.421842783505154,0.0
2018-04-26,48564.666666666664,54827.0,39178.0,3458.4791666666665,1931.0,43502.208333333336,12.75517611683849,2018,4,3,False,False,True,5.24482388316151,0.0
2018-04-27,48608.0,54537.0,40115.0,4134.416666666667,1748.3125,44472.5,12.876073883161514,2018,4,4,False,False,True,5.123926116838486,0.0
2018-04-28,43579.395833333336,49549.0,37206.0,2668.25,1224.2916666666667,40200.604166666664,12.998969072164948,2018,4,5,True,False,False,5.0010309278350515,0.0
2018-04-29,42856.958333333336,49693.0,35754.0,3148.3958333333335,802.3333333333334,38029.791666666664,12.339733676975944,2018,4,6,True,False,False,5.6602663230240555,0.0
2018-04-30,50589.791666666664,58496.0,39362.0,6838.791666666667,1226.0,39733.479166666664,10.007431271477664,2018,4,0,False,False,True,7.992568728522336,0.0
2018-05-01,45796.416666666664,53432.0,41311.0,2068.75,1473.3125,36310.979166666664,9.721262886597938,2018,5,1,False,True,False,8.278737113402062,0.0
2018-05-02,52406.145833333336,59004.0,41690.0,3463.0,1666.6666666666667,43942.166666666664,11.271155498281788,2018,5,2,False,False,True,6.728844501718212,0.0
2018-05-03,51819.75,57693.0,43184.0,2901.2708333333335,1300.7916666666667,44986.875,12.336275773195878,2018,5,3,False,False,True,5.663724226804122,0.0
2018-05-04,50296.229166666664,56633.0,42707.0,4283.3125,1687.9791666666667,45631.354166666664,13.52399054982818,2018,5,4,False,False,True,4.476009450171819,0.0
2018-05-05,43742.479166666664,50508.0,38529.0,3682.8541666666665,1770.3541666666667,37935.333333333336,16.069566151202746,2018,5,5,True,False,False,1.9304338487972537,0.0
2018-05-06,39735.770833333336,46565.0,34143.0,1959.6041666666667,1949.2083333333333,35570.770833333336,18.055025773195872,2018,5,6,True,False,False,0.0,0.0
2018-05-07,44069.625,50825.0,34479.0,1413.5416666666667,1875.3958333333333,39016.833333333336,18.605949312714777,2018,5,0,False,False,True,0.0,0.0
2018-05-08,40798.4375,46719.0,34241.0,1577.0625,1533.8958333333333,39745.6875,17.80680841924399,2018,5,1,False,True,False,0.19319158075601095,0.0
2018-05-09,43940.208333333336,50460.0,34585.0,2339.1458333333335,1440.5625,39482.125,16.24991408934708,2018,5,2,False,False,True,1.7500859106529205,0.0
2018-05-10,41078.4375,46982.0,34809.0,2950.75,1547.375,39325.604166666664,14.125279209621993,2018,5,3,False,True,False,3.8747207903780065,0.0
2018-05-11,44139.770833333336,50062.0,36219.0,1452.4375,2118.7708333333335,40483.833333333336,14.44555412371134,2018,5,4,False,False,True,3.5544458762886606,0.0
2018-05-12,41895.125,48137.0,34652.0,1779.625,1018.3958333333334,40284.354166666664,14.834493127147764,2018,5,5,True,False,False,3.1655068728522355,0.0
2018-05-13,41563.625,48214.0,34693.0,2873.8541666666665,1098.4791666666667,37488.520833333336,10.598453608247423,2018,5,6,True,False,False,7.401546391752577,0.0
2018-05-14,50479.1875,58090.0,38358.0,5036.916666666667,818.5,43104.479166666664,11.291151202749141,2018,5,0,False,False,True,6.708848797250859,0.0
2018-05-15,51005.395833333336,57964.0,41372.0,3137.3541666666665,1361.5625,45183.354166666664,14.447873711340208,2018,5,1,False,False,True,3.5521262886597924,0.0
2018-05-16,49588.854166666664,55875.0,40131.0,3502.3541666666665,1573.1875,45039.145833333336,14.920146048109967,2018,5,2,False,False,True,3.0798539518900334,0.0
2018-05-17,49093.416666666664,55264.0,39822.0,3584.375,1531.8541666666667,44442.104166666664,14.6046176975945,2018,5,3,False,False,True,3.3953823024054994,0.0
2018-05-18,47877.75,54020.0,39465.0,2070.4375,2047.2083333333333,44878.604166666664,14.661469072164946,2018,5,4,False,False,True,3.3385309278350537,0.0
2018-05-19,42357.916666666664,48869.0,36804.0,2024.2708333333333,2051.9375,41042.666666666664,15.010395189003438,2018,5,5,True,False,False,2.9896048109965623,0.0
2018-05-20,39319.104166666664,46001.0,33748.0,1871.6041666666667,2039.7708333333333,36331.104166666664,15.856529209621993,2018,5,6,True,False,False,2.1434707903780073,0.0
2018-05-21,40704.604166666664,46889.0,33568.0,1179.8541666666667,1782.3125,36490.166666666664,17.244243986254297,2018,5,0,False,True,False,0.7557560137457031,0.0
2018-05-22,46571.729166666664,53619.0,35510.0,841.375,1655.5,41713.166666666664,17.37575171821306,2018,5,1,False,False,True,0.6242482817869401,0.0
2018-05-23,47044.791666666664,53784.0,37240.0,1121.1875,1765.2916666666667,43280.875,17.168041237113403,2018,5,2,False,False,True,0.8319587628865968,0.0
2018-05-24,47270.416666666664,53659.0,37532.0,491.25,1776.1666666666667,43984.833333333336,18.177469931271478,2018,5,3,False,False,True,0.0,0.0
2018-05-25,47193.3125,54100.0,37632.0,980.5833333333334,1533.1875,43462.5,18.79770189003436,2018,5,4,False,False,True,0.0,0.0
2018-05-26,41613.395833333336,48073.0,34895.0,2970.1041666666665,1541.375,37278.104166666664,20.327469931271477,2018,5,5,True,False,False,0.0,0.0
2018-05-27,38887.75,45227.0,31612.0,1723.5208333333333,1345.4166666666667,36129.875,20.30955756013746,2018,5,6,True,False,False,0.0,0.0
2018-05-28,45889.416666666664,53293.0,34366.0,1045.5208333333333,926.3541666666666,41829.166666666664,19.397444158075604,2018,5,0,False,False,True,0.0,0.0
2018-05-29,46763.708333333336,53336.0,36729.0,954.9583333333334,1373.625,42997.75,18.88515893470791,2018,5,1,False,False,True,0.0,0.0
2018-05-30,47341.291666666664,54055.0,36828.0,678.1041666666666,1253.3958333333333,42826.770833333336,18.854252577319585,2018,5,2,False,False,True,0.0,0.0
2018-05-31,47327.291666666664,53798.0,37225.0,805.5208333333334,1356.75,43109.8125,18.44001288659794,2018,5,3,False,False,True,0.0,0.0
2018-06-01,46714.458333333336,53670.0,36992.0,849.375,1719.9166666666667,42629.354166666664,18.282044673539517,2018,6,4,False,False,True,0.0,0.0
2018-06-02,41202.25,47370.0,34404.0,483.4375,1880.1666666666667,39089.604166666664,18.83051975945017,2018,6,5,True,False,False,0.0,0.0
2018-06-03,38488.75,44691.0,31423.0,1339.5625,1465.7708333333333,37268.229166666664,19.584342783505157,2018,6,6,True,False,False,0.0,0.0
2018-06-04,45924.625,53321.0,34258.0,1386.2083333333333,1418.5625,40569.104166666664,19.292762027491406,2018,6,0,False,False,True,0.0,0.0
2018-06-05,47087.729166666664,53946.0,36567.0,1726.3125,1234.6666666666667,41167.583333333336,18.799892611683852,2018,6,1,False,False,True,0.0,0.0
2018-06-06,47363.854166666664,54397.0,36795.0,1286.3333333333333,1259.5416666666667,41348.0625,18.657624570446735,2018,6,2,False,False,True,0.0,0.0
2018-06-07,47079.979166666664,53610.0,37069.0,436.2083333333333,1436.25,41558.520833333336,18.864926975945018,2018,6,3,False,False,True,0.0,0.0
2018-06-08,46708.958333333336,53740.0,37127.0,596.3125,1818.3958333333333,41838.270833333336,19.75012886597938,2018,6,4,False,False,True,0.0,0.0
2018-06-09,41659.708333333336,48016.0,34727.0,838.0,1729.1458333333333,39894.4375,20.333440721649485,2018,6,5,True,False,False,0.0,0.0
2018-06-10,39055.333333333336,45543.0,31468.0,794.3958333333334,1415.2916666666667,38179.270833333336,20.146842783505157,2018,6,6,True,False,False,0.0,0.0
2018-06-11,46230.020833333336,53661.0,34593.0,1780.4791666666667,987.2083333333334,40461.354166666664,19.100837628865982,2018,6,0,False,False,True,0.0,0.0
2018-06-12,46775.916666666664,53648.0,36933.0,2706.0833333333335,1385.5208333333333,41136.4375,17.727963917525773,2018,6,1,False,False,True,0.2720360824742265,0.0
2018-06-13,46552.6875,53298.0,36852.0,2338.0416666666665,1650.8125,40424.833333333336,16.78318298969072,2018,6,2,False,False,True,1.2168170103092812,0.0
2018-06-14,46978.125,53548.0,36934.0,2300.6041666666665,1845.1875,39814.625,16.957452749140895,2018,6,3,False,False,True,1.042547250859105,0.0
2018-06-15,46681.729166666664,53886.0,37078.0,1257.7083333333333,1551.2708333333333,40195.270833333336,17.948861683848797,2018,6,4,False,False,True,0.0511383161512029,0.0
2018-06-16,41294.0625,48055.0,34449.0,1606.2708333333333,1775.4166666666667,37114.604166666664,18.305047250859108,2018,6,5,True,False,False,0.0,0.0
2018-06-17,38432.270833333336,44965.0,31415.0,2303.7083333333335,1693.0625,34535.958333333336,17.989884020618554,2018,6,6,True,False,False,0.010115979381446039,0.0
2018-06-18,45616.625,53012.0,34196.0,2376.9375,1630.2083333333333,40884.729166666664,18.67603092783505,2018,6,0,False,False,True,0.0,0.0
2018-06-19,47419.020833333336,54276.0,36666.0,1200.2916666666667,2037.6666666666667,41403.229166666664,20.057667525773198,2018,6,1,False,False,True,0.0,0.0
2018-06-20,48333.875,55987.0,37079.0,857.8958333333334,2194.1041666666665,41344.3125,22.132753436426114,2018,6,2,False,False,True,0.0,0.0
2018-06-21,47887.145833333336,55069.0,37447.0,3332.0,1998.6458333333333,41070.979166666664,20.663036941580756,2018,6,3,False,False,True,0.0,0.0
2018-06-22,46238.958333333336,52978.0,37149.0,3736.8541666666665,2323.5,41400.729166666664,17.462027491408936,2018,6,4,False,False,True,0.5379725085910643,0.0
2018-06-23,40929.375,46841.0,34232.0,2236.8125,2334.3333333333335,35350.125,17.565399484536083,2018,6,5,True,False,False,0.43460051546391654,0.0
2018-06-24,38570.958333333336,45203.0,31488.0,1829.2916666666667,2099.875,36213.854166666664,19.01441151202749,2018,6,6,True,False,False,0.0,0.0
2018-06-25,45996.125,53601.0,34034.0,2515.9166666666665,2286.9583333333335,40146.458333333336,19.930369415807558,2018,6,0,False,False,True,0.0,0.0
2018-06-26,47690.958333333336,54816.0,36955.0,2266.3958333333335,2286.4166666666665,40648.541666666664,21.267955326460477,2018,6,1,False,False,True,0.0,0.0
2018-06-27,48064.395833333336,55427.0,37231.0,2600.8541666666665,2189.9166666666665,40624.0,22.17285223367698,2018,6,2,False,False,True,0.0,0.0
2018-06-28,48097.270833333336,54918.0,37739.0,4246.8125,2068.2083333333335,39449.104166666664,22.569888316151204,2018,6,3,False,False,True,0.0,0.0
2018-06-29,47963.958333333336,55201.0,37901.0,3817.6875,2083.6666666666665,39981.520833333336,22.894115120274915,2018,6,4,False,False,True,0.0,0.0
2018-06-30,43454.5625,49917.0,35537.0,2109.3541666666665,2207.6666666666665,36291.729166666664,24.601847079037807,2018,6,5,True,False,False,0.0,0.6018470790378068
2018-07-01,40760.6875,47353.0,32906.0,2464.9791666666665,2130.2708333333335,34260.875,25.202920962199315,2018,7,6,True,False,False,0.0,1.2029209621993147
2018-07-02,47835.145833333336,56178.0,34910.0,1828.0208333333333,1906.9375,38328.1875,23.79806701030928,2018,7,0,False,False,True,0.0,0.0
2018-07-03,49297.583333333336,56959.0,38262.0,882.5833333333334,1842.8958333333333,39108.708333333336,23.189218213058417,2018,7,1,False,False,True,0.0,0.0
2018-07-04,49234.291666666664,57074.0,38478.0,989.0208333333334,1760.4166666666667,39798.8125,22.83026202749141,2018,7,2,False,False,True,0.0,0.0
2018-07-05,48270.9375,55570.0,37669.0,1533.9791666666667,1608.3958333333333,40766.979166666664,21.164841065292094,2018,7,3,False,False,True,0.0,0.0
2018-07-06,47703.8125,55329.0,37832.0,1216.9166666666667,1796.9791666666667,42007.729166666664,21.60191151202749,2018,7,4,False,False,True,0.0,0.0
2018-07-07,42885.104166666664,49193.0,35379.0,1174.1041666666667,2183.8333333333335,36938.020833333336,23.36355240549828,2018,7,5,True,False,False,0.0,0.0
2018-07-08,40425.729166666664,47249.0,32684.0,2003.3125,2221.5,35140.125,24.001224226804126,2018,7,6,True,False,False,0.0,0.0012242268041262605
2018-07-09,47794.416666666664,56095.0,35271.0,2783.4166666666665,2162.3958333333335,39226.791666666664,23.182195017182135,2018,7,0,False,False,True,0.0,0.0
2018-07-10,48779.583333333336,56431.0,38253.0,2501.4583333333335,2106.5625,41200.25,21.71486254295533,2018,7,1,False,False,True,0.0,0.0
2018-07-11,48300.9375,55316.0,38153.0,1696.7083333333333,2101.4583333333335,40285.8125,20.498818728522338,2018,7,2,False,False,True,0.0,0.0
2018-07-12,48567.875,55705.0,38181.0,1119.9375,2070.6875,41134.4375,21.007689003436425,2018,7,3,False,False,True,0.0,0.0
2018-07-13,48446.020833333336,56360.0,38434.0,998.2708333333334,2058.8125,40263.604166666664,22.355584192439864,2018,7,4,False,False,True,0.0,0.0
2018-07-14,42230.666666666664,48372.0,35048.0,933.4791666666666,1954.0208333333333,36641.125,23.643642611683852,2018,7,5,True,True,False,0.0,0.0
2018-07-15,40148.166666666664,46722.0,33011.0,1140.5208333333333,2006.5208333333333,36688.4375,23.93316151202749,2018,7,6,True,False,False,0.0,0.0
2018-07-16,46724.645833333336,54587.0,35184.0,1486.9166666666667,1399.375,41571.395833333336,22.704231099656358,2018,7,0,False,False,True,0.0,0.0
2018-07-17,48196.270833333336,55337.0,37853.0,1755.5208333333333,1925.9166666666667,42932.583333333336,22.424828178694156,2018,7,1,False,False,True,0.0,0.0
2018-07-18,48653.5,56175.0,38194.0,901.3125,2010.4583333333333,43141.854166666664,22.519136597938147,2018,7,2,False,False,True,0.0,0.0
2018-07-19,48960.083333333336,56616.0,38295.0,1499.3541666666667,2024.0833333333333,43786.083333333336,23.257087628865982,2018,7,3,False,False,True,0.0,0.0
2018-07-20,47840.25,55371.0,38346.0,1224.8541666666667,1647.875,43321.645833333336,21.711318728522336,2018,7,4,False,False,True,0.0,0.0
2018-07-21,41889.125,47866.0,35469.0,1210.375,1638.4375,39121.125,20.4773410652921,2018,7,5,True,False,False,0.0,0.0
2018-07-22,39381.208333333336,45991.0,32732.0,994.375,1838.5208333333333,40402.0,21.578500859106533,2018,7,6,True,False,False,0.0,0.0
2018-07-23,46958.6875,55007.0,34728.0,866.6041666666666,2188.9375,41542.0625,23.459686426116843,2018,7,0,False,False,True,0.0,0.0
2018-07-24,48783.666666666664,56399.0,37818.0,660.7916666666666,1989.1666666666667,41505.791666666664,24.337478522336767,2018,7,1,False,False,True,0.0,0.3374785223367667
2018-07-25,49453.958333333336,57116.0,38651.0,941.5208333333334,2126.5208333333335,43953.479166666664,25.308182989690724,2018,7,2,False,False,True,0.0,1.3081829896907244
2018-07-26,49864.666666666664,57647.0,39169.0,681.8333333333334,2100.6875,43091.645833333336,26.476181271477667,2018,7,3,False,False,True,0.0,2.4761812714776674
2018-07-27,48772.541666666664,56676.0,38895.0,1186.0208333333333,1847.0,42012.8125,25.723947594501713,2018,7,4,False,False,True,0.0,1.7239475945017126
2018-07-28,42229.6875,47760.0,36084.0,2947.0208333333335,1517.7083333333333,40023.958333333336,22.501138316151202,2018,7,5,True,False,False,0.0,0.0
2018-07-29,39665.145833333336,46196.0,33168.0,3189.7708333333335,1915.0208333333333,37788.5625,22.84301975945017,2018,7,6,True,False,False,0.0,0.0
2018-07-30,45994.9375,53823.0,34858.0,2010.3958333333333,1974.75,39952.375,24.003264604810997,2018,7,0,False,False,True,0.0,0.00326460481099744
2018-07-31,47459.4375,54951.0,37290.0,1097.5208333333333,1782.4791666666667,41720.541666666664,24.336018041237114,2018,7,1,False,False,True,0.0,0.3360180412371143
2018-08-01,47561.520833333336,54950.0,37360.0,973.5,1940.9166666666667,41626.479166666664,24.1900558419244,2018,8,2,False,False,True,0.0,0.1900558419244014
2018-08-02,47896.0625,55496.0,37378.0,1365.2708333333333,2164.875,39471.520833333336,25.502169243986256,2018,8,3,False,False,True,0.0,1.5021692439862555
2018-08-03,47669.145833333336,55484.0,37802.0,1770.2916666666667,2087.4166666666665,38636.645833333336,27.216043814432993,2018,8,4,False,False,True,0.0,3.216043814432993
2018-08-04,43193.270833333336,49485.0,35855.0,2319.7291666666665,2047.2708333333333,36458.166666666664,27.27652491408935,2018,8,5,True,False,False,0.0,3.27652491408935
2018-08-05,40491.125,46368.0,33533.0,2013.4791666666667,2020.25,34823.083333333336,26.64634879725086,2018,8,6,True,False,False,0.0,2.646348797250859
2018-08-06,45335.895833333336,53287.0,34761.0,867.8541666666666,2035.0625,35692.75,26.835073024054985,2018,8,0,False,False,True,0.0,2.835073024054985
2018-08-07,45861.0625,53556.0,36530.0,2274.0416666666665,1557.8125,36310.291666666664,26.355240549828178,2018,8,1,False,False,True,0.0,2.355240549828178
2018-08-08,44592.9375,51041.0,35903.0,2187.75,1675.3541666666667,38514.9375,23.33118556701031,2018,8,2,False,False,True,0.0,0.0
2018-08-09,43254.291666666664,49697.0,35319.0,3967.3333333333335,945.9375,39407.083333333336,20.415764604810995,2018,8,3,False,False,True,0.0,0.0
2018-08-10,42073.229166666664,48578.0,33578.0,2815.0625,2004.0833333333333,39117.479166666664,19.379359965635736,2018,8,4,False,False,True,0.0,0.0
2018-08-11,39000.395833333336,44490.0,32628.0,1096.5416666666667,2164.3333333333335,35168.625,20.124248281786937,2018,8,5,True,False,False,0.0,0.0
2018-08-12,36955.708333333336,43124.0,30475.0,2017.5208333333333,1992.3541666666667,35388.875,22.154553264604807,2018,8,6,True,False,False,0.0,0.0
2018-08-13,41075.979166666664,47768.0,32110.0,3249.3333333333335,1302.6041666666667,37821.666666666664,20.88805841924399,2018,8,0,False,False,True,0.0,0.0
2018-08-14,41710.541666666664,48383.0,33288.0,2005.625,1709.9583333333333,38049.520833333336,20.58737113402062,2018,8,1,False,False,True,0.0,0.0
2018-08-15,38719.9375,44033.0,32615.0,1085.9583333333333,2046.7291666666667,39689.5,21.23737113402062,2018,8,2,False,True,False,0.0,0.0
2018-08-16,42358.770833333336,49482.0,32700.0,1050.8541666666667,2007.7291666666667,39592.6875,22.16099656357388,2018,8,3,False,False,True,0.0,0.0
2018-08-17,42190.104166666664,48893.0,33943.0,2199.6458333333335,1524.9583333333333,38097.875,20.72033934707904,2018,8,4,False,False,True,0.0,0.0
2018-08-18,39325.770833333336,45101.0,32817.0,1524.8541666666667,1947.0625,35480.479166666664,20.25736683848797,2018,8,5,True,False,False,0.0,0.0
2018-08-19,37774.604166666664,44317.0,31319.0,1436.25,2070.5,34824.520833333336,21.996091065292095,2018,8,6,True,False,False,0.0,0.0
2018-08-20,43755.291666666664,51274.0,32940.0,1162.7291666666667,1797.0625,36200.916666666664,23.01164089347079,2018,8,0,False,False,True,0.0,0.0
2018-08-21,45494.208333333336,52626.0,35600.0,674.2083333333334,1933.9166666666667,36605.4375,23.66664518900344,2018,8,1,False,False,True,0.0,0.0
2018-08-22,46030.8125,53586.0,35940.0,723.4375,1798.9166666666667,36231.729166666664,24.168148625429552,2018,8,2,False,False,True,0.0,0.1681486254295521
2018-08-23,45936.083333333336,52954.0,36339.0,1625.7291666666667,1683.6875,36567.145833333336,23.02815721649485,2018,8,3,False,False,True,0.0,0.0
2018-08-24,44626.75,51406.0,36109.0,3368.9375,1534.5416666666667,35800.916666666664,19.84989261168385,2018,8,4,False,False,True,0.0,0.0
2018-08-25,39939.5625,45655.0,33743.0,2732.1666666666665,1201.75,30803.1875,16.74035652920962,2018,8,5,True,False,False,1.2596434707903796,0.0
2018-08-26,37733.104166666664,43965.0,31735.0,2748.6041666666665,1990.0625,29958.291666666668,16.996155498281787,2018,8,6,True,False,False,1.0038445017182127,0.0
2018-08-27,44692.333333333336,52243.0,33308.0,2943.0416666666665,1730.875,33264.625,19.92781357388316,2018,8,0,False,False,True,0.0,0.0
2018-08-28,46689.083333333336,53891.0,36255.0,936.5208333333334,1908.9791666666667,35419.583333333336,21.152555841924396,2018,8,1,False,False,True,0.0,0.0
2018-08-29,46796.854166666664,54125.0,36351.0,3054.4583333333335,1305.8125,36542.583333333336,20.253823024054984,2018,8,2,False,False,True,0.0,0.0
2018-08-30,46620.666666666664,53462.0,36641.0,1177.5416666666667,1570.6041666666667,37276.854166666664,18.50708762886598,2018,8,3,False,False,True,0.0,0.0
2018-08-31,46149.8125,53083.0,36720.0,1180.4791666666667,1627.8541666666667,37954.666666666664,18.448732817869413,2018,8,4,False,False,True,0.0,0.0
2018-09-01,41109.666666666664,47214.0,34434.0,1642.9166666666667,2061.5833333333335,36023.8125,18.331056701030928,2018,9,5,True,False,False,0.0,0.0
2018-09-02,38781.979166666664,44350.0,32347.0,2003.25,1998.5833333333333,36003.729166666664,18.481507731958764,2018,9,6,True,False,False,0.0,0.0
2018-09-03,45594.708333333336,52811.0,33741.0,1270.3958333333333,1863.1041666666667,39937.479166666664,18.990614261168385,2018,9,0,False,False,True,0.0,0.0
2018-09-04,47143.979166666664,53692.0,36565.0,1158.1875,1817.4791666666667,40598.791666666664,19.85055841924399,2018,9,1,False,False,True,0.0,0.0
2018-09-05,47506.0,54584.0,36782.0,1162.5208333333333,1416.3958333333333,41791.145833333336,20.57935996563574,2018,9,2,False,False,True,0.0,0.0
2018-09-06,47391.333333333336,54185.0,37011.0,1685.7708333333333,976.6041666666666,42760.916666666664,19.23320446735395,2018,9,3,False,False,True,0.0,0.0
2018-09-07,46750.9375,53632.0,36906.0,1852.2708333333333,1687.4583333333333,43640.9375,18.313165807560136,2018,9,4,False,False,True,0.0,0.0
2018-09-08,41376.979166666664,47498.0,34481.0,601.8958333333334,1959.2291666666667,42329.458333333336,18.30642182130584,2018,9,5,True,False,False,0.0,0.0
2018-09-09,39115.895833333336,44910.0,32385.0,895.6875,1524.8125,41946.229166666664,19.95637886597938,2018,9,6,True,False,False,0.0,0.0
2018-09-10,46157.458333333336,53335.0,33995.0,1364.6875,1760.7916666666667,43876.625,20.286426116838488,2018,9,0,False,False,True,0.0,0.0
2018-09-11,47808.333333333336,54668.0,36592.0,1363.6666666666667,1914.9166666666667,43411.875,21.244050687285224,2018,9,1,False,False,True,0.0,0.0
2018-09-12,48045.083333333336,55221.0,36769.0,1014.1666666666666,1581.9375,45603.1875,21.21045962199313,2018,9,2,False,False,True,0.0,0.0
2018-09-13,47893.020833333336,54415.0,37243.0,1458.25,1179.9375,46562.083333333336,19.701224226804126,2018,9,3,False,False,True,0.0,0.0
2018-09-14,47002.0,53681.0,36927.0,1301.2916666666667,1460.9791666666667,45985.791666666664,18.68395618556701,2018,9,4,False,False,True,0.0,0.0
2018-09-15,41611.916666666664,47838.0,34731.0,1066.7083333333333,1842.6875,42463.4375,18.046756872852235,2018,9,5,True,False,False,0.0,0.0
2018-09-16,39256.0625,44990.0,32743.0,970.3958333333334,1614.6875,41471.291666666664,18.91615120274914,2018,9,6,True,False,False,0.0,0.0
2018-09-17,46466.145833333336,53588.0,34140.0,1262.125,1713.0,43978.958333333336,20.61883591065292,2018,9,0,False,False,True,0.0,0.0
2018-09-18,47533.0,54106.0,36525.0,3380.125,1436.8333333333333,43593.354166666664,21.749334192439864,2018,9,1,False,False,True,0.0,0.0
2018-09-19,47847.333333333336,54685.0,36757.0,2364.125,1624.25,43887.770833333336,21.493298969072164,2018,9,2,False,False,True,0.0,0.0
2018-09-20,47787.520833333336,54243.0,36746.0,2907.9791666666665,1712.3541666666667,42171.645833333336,21.909643470790378,2018,9,3,False,False,True,0.0,0.0
2018-09-21,47173.604166666664,53922.0,37199.0,6616.895833333333,1063.2916666666667,41114.958333333336,19.41670962199313,2018,9,4,False,False,True,0.0,0.0
2018-09-22,41558.479166666664,47614.0,34424.0,3228.5,1555.9166666666667,36435.520833333336,16.890657216494848,2018,9,5,True,False,False,1.1093427835051521,0.0
2018-09-23,39860.6875,45812.0,32687.0,7415.145833333333,1209.625,36958.145833333336,19.864347079037803,2018,9,6,True,False,False,0.0,0.0
2018-09-24,46477.604166666664,53454.0,34552.0,3529.375,1744.7708333333333,41395.333333333336,14.404853951890034,2018,9,0,False,False,True,3.5951460481099655,0.0
2018-09-25,48047.479166666664,54301.0,37384.0,3851.6041666666665,1825.4583333333333,43741.291666666664,13.689841065292098,2018,9,1,False,False,True,4.310158934707902,0.0
2018-09-26,48629.083333333336,55165.0,38107.0,1927.2291666666667,1805.9583333333333,43772.0625,15.215463917525774,2018,9,2,False,False,True,2.784536082474226,0.0
2018-09-27,48468.3125,54560.0,38194.0,832.7083333333334,1791.5208333333333,43380.104166666664,17.174591924398626,2018,9,3,False,False,True,0.8254080756013735,0.0
2018-09-28,47554.416666666664,53687.0,37448.0,3391.9791666666665,1643.4166666666667,42565.5,17.451696735395192,2018,9,4,False,False,True,0.548303264604808,0.0
2018-09-29,42560.270833333336,48553.0,35482.0,4172.354166666667,1719.5208333333333,38003.854166666664,15.654596219931273,2018,9,5,True,False,False,2.345403780068727,0.0
2018-09-30,40728.9375,46512.0,34222.0,1540.1458333333333,1466.9791666666667,37990.270833333336,14.551911512027491,2018,9,6,True,False,False,3.448088487972509,0.0
2018-10-01,48113.645833333336,55028.0,35626.0,4567.166666666667,1344.4166666666667,41560.895833333336,13.255841924398627,2018,10,0,False,False,True,4.744158075601373,0.0
2018-10-02,50631.5625,57235.0,39491.0,4029.5833333333335,1494.8333333333333,42310.5625,12.791301546391752,2018,10,1,False,False,True,5.208698453608248,0.0
2018-10-03,49862.895833333336,56676.0,39355.0,2087.125,1379.5416666666667,41627.041666666664,15.638917525773197,2018,10,2,False,False,True,2.3610824742268033,0.0
2018-10-04,49339.6875,55391.0,39117.0,1556.9375,1818.8333333333333,42838.4375,15.457366838487973,2018,10,3,False,False,True,2.5426331615120272,0.0
2018-10-05,48565.479166666664,54797.0,38841.0,1898.0833333333333,1783.8125,43411.958333333336,16.681207044673542,2018,10,4,False,False,True,1.3187929553264581,0.0
2018-10-06,42686.75,48562.0,35596.0,3333.5416666666665,1240.7708333333333,38801.6875,16.942246563573885,2018,10,5,True,False,False,1.0577534364261147,0.0
2018-10-07,41198.479166666664,48089.0,33503.0,4323.958333333333,729.5,39647.333333333336,14.106808419243986,2018,10,6,True,False,False,3.893191580756014,0.0
2018-10-08,48557.770833333336,55622.0,36423.0,862.5833333333334,927.75,42596.041666666664,13.738745704467354,2018,10,0,False,False,True,4.2612542955326465,0.0
2018-10-09,49326.875,55658.0,39006.0,1608.9166666666667,1329.4166666666667,41456.5,15.200257731958764,2018,10,1,False,False,True,2.7997422680412356,0.0
2018-10-10,49000.270833333336,55450.0,37976.0,3821.0208333333335,874.9375,41791.166666666664,17.039411512027492,2018,10,2,False,False,True,0.9605884879725082,0.0
2018-10-11,48533.895833333336,54626.0,38029.0,5247.020833333333,974.625,40326.125,18.0483676975945,2018,10,3,False,False,True,0.0,0.0
2018-10-12,47880.875,54216.0,37658.0,4767.770833333333,1358.9166666666667,40376.4375,19.11076030927835,2018,10,4,False,False,True,0.0,0.0
2018-10-13,42226.9375,48506.0,35112.0,4808.770833333333,1424.625,39011.333333333336,19.679553264604813,2018,10,5,True,False,False,0.0,0.0
2018-10-14,39921.916666666664,46645.0,32744.0,5981.75,977.9375,38725.625,19.04265463917526,2018,10,6,True,False,False,0.0,0.0
2018-10-15,46868.729166666664,54531.0,34443.0,3082.625,723.8958333333334,42441.5625,17.27757731958763,2018,10,0,False,False,True,0.7224226804123717,0.0
2018-10-16,48215.75,54690.0,37265.0,911.0625,996.0208333333334,43216.479166666664,16.429553264604813,2018,10,1,False,False,True,1.570446735395187,0.0
2018-10-17,48674.791666666664,55492.0,37963.0,853.7083333333334,964.1666666666666,43339.3125,15.465657216494847,2018,10,2,False,False,True,2.534342783505153,0.0
2018-10-18,48683.354166666664,55342.0,38204.0,3916.2708333333335,1049.7708333333333,43209.520833333336,15.764969931271478,2018,10,3,False,False,True,2.2350300687285216,0.0
2018-10-19,48500.208333333336,54916.0,38450.0,2441.7291666666665,1313.0833333333333,43825.666666666664,15.128006872852234,2018,10,4,False,False,True,2.871993127147766,0.0
2018-10-20,43668.270833333336,49362.0,36671.0,2334.4583333333335,1275.8333333333333,40715.354166666664,14.064733676975944,2018,10,5,True,False,False,3.935266323024056,0.0
2018-10-21,42060.5625,48203.0,35738.0,2049.0833333333335,1439.5625,43332.854166666664,12.964089347079039,2018,10,6,True,False,False,5.035910652920961,0.0
2018-10-22,50087.5625,58482.0,37501.0,5271.333333333333,1306.7708333333333,44989.9375,12.871821305841925,2018,10,0,False,False,True,5.128178694158075,0.0
2018-10-23,52395.458333333336,59449.0,41810.0,3605.1041666666665,1429.3333333333333,44725.520833333336,11.744737972508593,2018,10,1,False,False,True,6.255262027491407,0.0
2018-10-24,52429.333333333336,59060.0,41999.0,2319.2291666666665,1266.6666666666667,43829.020833333336,13.34660652920962,2018,10,2,False,False,True,4.65339347079038,0.0
2018-10-25,51719.416666666664,58763.0,40911.0,1075.375,1144.3958333333333,43849.25,13.050128865979381,2018,10,3,False,False,True,4.9498711340206185,0.0
2018-10-26,52943.895833333336,59574.0,42279.0,1696.4166666666667,707.625,43342.0,11.049785223367696,2018,10,4,False,False,True,6.950214776632304,0.0
2018-10-27,50730.020833333336,57543.0,42069.0,2203.9583333333335,568.1041666666666,39990.75,8.54733676975945,2018,10,5,True,False,False,9.45266323024055,0.0
2018-10-28,52672.75,60621.0,43401.0,7887.958333333333,366.7291666666667,41963.041666666664,6.5893900343642615,2018,10,6,True,False,False,11.41060996563574,0.0
2018-10-29,63478.291666666664,73992.0,48394.0,5619.6875,226.47916666666666,45308.125,5.729338487972509,2018,10,0,False,False,True,12.270661512027491,0.0
2018-10-30,64205.0625,71492.0,53823.0,5562.5625,938.75,46153.833333333336,7.007624570446735,2018,10,1,False,False,True,10.992375429553265,0.0
2018-10-31,62362.833333333336,68787.0,52717.0,4075.5,356.4791666666667,46138.166666666664,9.273324742268041,2018,10,2,False,False,True,8.726675257731959,0.0
2018-11-01,53772.645833333336,59863.0,47050.0,3787.3333333333335,660.0208333333334,45523.979166666664,10.510996563573883,2018,11,3,False,True,False,7.489003436426117,0.0
2018-11-02,56679.145833333336,64146.0,47451.0,1285.3958333333333,878.125,44621.229166666664,8.900365120274914,2018,11,4,False,False,True,9.099634879725086,0.0
2018-11-03,55908.166666666664,61258.0,49738.0,2137.75,1126.8125,42858.645833333336,7.7544029209622,2018,11,5,True,False,False,10.2455970790378,0.0
2018-11-04,53084.729166666664,58804.0,47737.0,2410.6041666666665,1017.1666666666666,43132.291666666664,8.804209621993127,2018,11,6,True,False,False,9.195790378006873,0.0
2018-11-05,57243.958333333336,65385.0,45975.0,3805.0416666666665,616.3333333333334,44740.270833333336,12.456035223367696,2018,11,0,False,False,True,5.543964776632304,0.0
2018-11-06,57135.1875,65630.0,45538.0,4878.145833333333,496.2291666666667,45292.229166666664,12.49997852233677,2018,11,1,False,False,True,5.50002147766323,0.0
2018-11-07,58859.166666666664,67440.0,47267.0,7960.4375,427.2708333333333,45595.458333333336,11.844158075601376,2018,11,2,False,False,True,6.155841924398624,0.0
2018-11-08,59689.541666666664,67755.0,49068.0,3380.4791666666665,813.0208333333334,46015.145833333336,10.387500000000003,2018,11,3,False,False,True,7.612499999999997,0.0
2018-11-09,58382.104166666664,64772.0,48366.0,4682.229166666667,668.9583333333334,46400.020833333336,11.236082474226803,2018,11,4,False,False,True,6.763917525773197,0.0
2018-11-10,52036.666666666664,57787.0,44632.0,8494.395833333334,465.2083333333333,44243.1875,12.515979381443298,2018,11,5,True,False,False,5.484020618556702,0.0
2018-11-11,48865.145833333336,55597.0,41870.0,6718.833333333333,738.8958333333334,43765.104166666664,13.249312714776632,2018,11,6,True,True,False,4.750687285223368,0.0
2018-11-12,55486.791666666664,64659.0,42525.0,3532.6458333333335,571.0833333333334,44567.604166666664,13.414497422680414,2018,11,0,False,False,True,4.585502577319586,0.0
2018-11-13,56651.666666666664,64968.0,45345.0,3197.7708333333335,719.8541666666666,43195.479166666664,12.097744845360824,2018,11,1,False,False,True,5.902255154639176,0.0
2018-11-14,58050.729166666664,66043.0,47550.0,2538.4791666666665,768.0416666666666,44065.25,10.559815292096221,2018,11,2,False,False,True,7.440184707903779,0.0
2018-11-15,58264.0,66344.0,47052.0,2196.6458333333335,795.1875,44565.875,11.109450171821308,2018,11,3,False,False,True,6.890549828178692,0.0
2018-11-16,59217.0,66302.0,47774.0,1519.4166666666667,735.3958333333334,44276.104166666664,9.792611683848797,2018,11,4,False,False,True,8.207388316151203,0.0
2018-11-17,56324.645833333336,63279.0,47685.0,4465.75,623.125,43195.875,8.000365120274914,2018,11,5,True,False,False,9.999634879725086,0.0
2018-11-18,56732.5625,63880.0,49909.0,5979.041666666667,1046.25,44166.5625,6.374570446735395,2018,11,6,True,False,False,11.625429553264606,0.0
2018-11-19,68514.6875,78910.0,54567.0,6299.333333333333,767.7916666666666,44982.229166666664,4.429317010309278,2018,11,0,False,False,True,13.570682989690722,0.0
2018-11-20,71803.45833333333,80337.0,59449.0,3040.0625,459.1875,44759.291666666664,3.7479166666666663,2018,11,1,False,False,True,14.252083333333333,0.0
2018-11-21,71786.47916666667,79321.0,61511.0,1418.2916666666667,687.8333333333334,45543.5625,4.039733676975945,2018,11,2,False,False,True,13.960266323024054,0.0
2018-11-22,70453.79166666667,77659.0,60583.0,1759.75,757.25,45877.083333333336,5.911898625429553,2018,11,3,False,False,True,12.088101374570446,0.0
2018-11-23,68402.83333333333,75111.0,57701.0,2461.3125,307.1041666666667,45858.020833333336,6.832388316151202,2018,11,4,False,False,True,11.167611683848797,0.0
2018-11-24,60360.770833333336,65675.0,53328.0,2179.875,783.8333333333334,43996.3125,7.371842783505154,2018,11,5,True,False,False,10.628157216494845,0.0
2018-11-25,59028.375,65891.0,51096.0,2980.625,428.25,45479.1875,6.505949312714777,2018,11,6,True,False,False,11.494050687285224,0.0
2018-11-26,67217.9375,77316.0,53324.0,1773.2916666666667,425.0833333333333,47628.583333333336,6.32680412371134,2018,11,0,False,False,True,11.67319587628866,0.0
2018-11-27,68621.58333333333,76693.0,57269.0,3508.7291666666665,633.75,48992.1875,6.480562714776633,2018,11,1,False,False,True,11.519437285223367,0.0
2018-11-28,66627.97916666667,73937.0,56220.0,6167.541666666667,576.8958333333334,48930.916666666664,8.13039089347079,2018,11,2,False,False,True,9.86960910652921,0.0
2018-11-29,64280.395833333336,71413.0,53995.0,7891.458333333333,678.375,48139.604166666664,9.955777491408936,2018,11,3,False,False,True,8.044222508591064,0.0
2018-11-30,63119.645833333336,69558.0,52207.0,4491.25,419.6458333333333,49655.4375,9.044007731958763,2018,11,4,False,False,True,8.955992268041237,0.0
2018-12-01,58613.479166666664,63930.0,50984.0,6976.666666666667,424.0833333333333,46316.270833333336,8.275687285223366,2018,12,5,True,False,False,9.724312714776634,0.0
2018-12-02,54169.604166666664,59970.0,47289.0,9046.0625,157.9375,46419.958333333336,11.346842783505155,2018,12,6,True,False,False,6.653157216494845,0.0
2018-12-03,58829.479166666664,67633.0,46216.0,9390.833333333334,259.125,48875.041666666664,12.468256013745702,2018,12,0,False,False,True,5.531743986254298,0.0
2018-12-04,59891.8125,68620.0,48269.0,2046.0208333333333,446.7291666666667,51267.375,10.610180412371134,2018,12,1,False,False,True,7.389819587628866,0.0
2018-12-05,61798.458333333336,69593.0,50732.0,3317.6875,503.7708333333333,51779.645833333336,9.589862542955325,2018,12,2,False,False,True,8.410137457044675,0.0
2018-12-06,60568.416666666664,68115.0,49777.0,4853.25,361.8333333333333,51036.666666666664,11.577126288659796,2018,12,3,False,False,True,6.422873711340204,0.0
2018-12-07,60785.645833333336,68311.0,49131.0,9867.854166666666,378.3958333333333,50483.1875,10.86423969072165,2018,12,4,False,False,True,7.13576030927835,0.0
2018-12-08,57977.229166666664,63236.0,50500.0,11430.270833333334,395.1041666666667,48166.520833333336,9.270811855670102,2018,12,5,True,False,False,8.729188144329898,0.0
2018-12-09,55424.895833333336,62820.0,47376.0,10809.354166666666,284.5416666666667,46659.416666666664,10.287908075601376,2018,12,6,True,False,False,7.712091924398624,0.0
2018-12-10,63999.583333333336,73855.0,50853.0,3979.6458333333335,516.3333333333334,51994.145833333336,7.8731958762886585,2018,12,0,False,False,True,10.126804123711342,0.0
2018-12-11,68256.77083333333,77155.0,56560.0,888.7708333333334,655.4791666666666,53665.020833333336,4.94641323024055,2018,12,1,False,False,True,13.05358676975945,0.0
2018-12-12,71793.52083333333,80705.0,59649.0,1948.9375,404.6458333333333,54078.333333333336,3.2584621993127145,2018,12,2,False,False,True,14.741537800687286,0.0
2018-12-13,75093.97916666667,84675.0,62670.0,5154.458333333333,187.875,54125.479166666664,2.6093213058419247,2018,12,3,False,False,True,15.390678694158076,0.0
2018-12-14,76260.9375,83534.0,64811.0,2227.6041666666665,438.375,53517.791666666664,1.728930412371134,2018,12,4,False,False,True,16.271069587628865,0.0
2018-12-15,71726.625,77970.0,63687.0,4556.6875,289.8541666666667,52914.791666666664,2.163853092783505,2018,12,5,True,False,False,15.836146907216495,0.0
2018-12-16,65146.958333333336,71133.0,57817.0,2969.75,147.9375,53888.0,5.680004295532646,2018,12,6,True,False,False,12.319995704467354,0.0
2018-12-17,69197.39583333333,77752.0,57062.0,4279.0625,500.4375,54906.958333333336,6.737113402061856,2018,12,0,False,False,True,11.262886597938145,0.0
2018-12-18,70737.29166666667,78462.0,59385.0,7085.4375,408.6875,55044.854166666664,6.334729381443299,2018,12,1,False,False,True,11.6652706185567,0.0
2018-12-19,68134.125,75670.0,57113.0,6024.520833333333,330.0,54595.0,8.193363402061856,2018,12,2,False,False,True,9.806636597938144,0.0
2018-12-20,67425.75,74488.0,57217.0,7360.770833333333,426.7708333333333,53414.229166666664,7.300408075601374,2018,12,3,False,False,True,10.699591924398625,0.0
2018-12-21,64212.520833333336,70724.0,55118.0,10756.8125,215.39583333333334,52987.479166666664,10.002341065292097,2018,12,4,False,False,True,7.9976589347079035,0.0
2018-12-22,55893.791666666664,61007.0,48101.0,7619.291666666667,274.25,48274.9375,10.86866408934708,2018,12,5,True,False,False,7.13133591065292,0.0
2018-12-23,53138.208333333336,58429.0,46039.0,6829.75,319.3333333333333,48435.291666666664,11.026481958762885,2018,12,6,True,False,False,6.973518041237115,0.0
2018-12-24,54331.125,60225.0,45303.0,2899.0833333333335,345.2708333333333,51099.041666666664,9.455111683848799,2018,12,0,False,False,True,8.544888316151201,0.0
2018-12-25,54584.1875,62619.0,48483.0,1537.1041666666667,616.9166666666666,51215.666666666664,4.717203608247423,2018,12,1,False,True,False,13.282796391752576,0.0
2018-12-26,65192.4375,73448.0,54378.0,1167.3333333333333,566.1666666666666,54332.958333333336,2.5062070446735394,2018,12,2,False,False,True,15.49379295532646,0.0
2018-12-27,68783.9375,75757.0,59433.0,796.9791666666666,425.1458333333333,56497.708333333336,2.247615979381443,2018,12,3,False,False,True,15.752384020618557,0.0
2018-12-28,68388.35416666667,74827.0,58827.0,1044.9166666666667,348.1875,56266.604166666664,2.867268041237113,2018,12,4,False,False,True,15.132731958762887,0.0
2018-12-29,65269.145833333336,70957.0,57673.0,2302.25,390.3541666666667,55919.270833333336,3.757431271477663,2018,12,5,True,False,False,14.242568728522336,0.0
2018-12-30,61559.041666666664,67178.0,54864.0,1752.5208333333333,389.75,55292.8125,5.073603951890034,2018,12,6,True,False,False,12.926396048109966,0.0
2018-12-31,62406.1875,68632.0,54264.0,1623.7708333333333,388.6666666666667,55921.895833333336,6.278307560137456,2018,12,0,False,False,True,11.721692439862544,0.0
2019-01-01,58456.854166666664,64433.0,52833.0,2234.8541666666665,359.4791666666667,52830.75,6.424699312714775,2019,1,1,False,True,False,11.575300687285225,0.0
2019-01-02,66135.66666666667,75895.0,53450.0,3420.0625,633.8333333333334,55364.895833333336,5.253307560137457,2019,1,2,False,False,True,12.746692439862542,0.0
2019-01-03,72429.91666666667,80425.0,61445.0,2703.0,896.5416666666666,56085.729166666664,2.594329896907216,2019,1,3,False,False,True,15.405670103092785,0.0
2019-01-04,75035.77083333333,81571.0,65219.0,2512.375,739.9791666666666,56143.125,2.340034364261168,2019,1,4,False,False,True,15.659965635738832,0.0
2019-01-05,70525.54166666667,75913.0,63366.0,2994.6666666666665,663.2083333333334,54134.4375,2.776696735395189,2019,1,5,True,False,False,15.22330326460481,0.0
2019-01-06,67694.64583333333,74738.0,59778.0,2058.4583333333335,398.7083333333333,55037.833333333336,3.3838273195876285,2019,1,6,True,False,False,14.616172680412372,0.0
2019-01-07,73510.16666666667,82058.0,61125.0,2713.5625,388.7708333333333,56033.166666666664,4.654274054982817,2019,1,0,False,False,True,13.345725945017183,0.0
2019-01-08,72492.60416666667,80394.0,61223.0,6635.645833333333,310.7083333333333,55115.75,6.1273410652920965,2019,1,1,False,False,True,11.872658934707903,0.0
2019-01-09,74101.25,83501.0,61439.0,6393.270833333333,561.8125,55497.458333333336,4.337951030927836,2019,1,2,False,False,True,13.662048969072163,0.0
2019-01-10,77473.625,86434.0,65684.0,3222.4375,690.9375,54996.229166666664,2.3078178694158074,2019,1,3,False,False,True,15.692182130584193,0.0
2019-01-11,76533.22916666667,83614.0,66807.0,2288.7291666666665,638.6666666666666,54897.6875,2.8732817869415808,2019,1,4,False,False,True,15.12671821305842,0.0
2019-01-12,68562.58333333333,74008.0,61754.0,5208.8125,464.4583333333333,52958.604166666664,5.045382302405497,2019,1,5,True,False,False,12.954617697594504,0.0
2019-01-13,62183.6875,68046.0,55139.0,9404.333333333334,318.5,50687.333333333336,8.16958762886598,2019,1,6,True,False,False,9.83041237113402,0.0
2019-01-14,68072.20833333333,77716.0,54759.0,5450.9375,486.3333333333333,50971.854166666664,7.952362542955326,2019,1,0,False,False,True,10.047637457044674,0.0
2019-01-15,70619.89583333333,78514.0,59044.0,2010.3125,873.5625,52007.479166666664,5.202491408934708,2019,1,1,False,False,True,12.797508591065291,0.0
2019-01-16,72926.14583333333,81131.0,62267.0,4310.041666666667,738.9791666666666,53254.708333333336,4.705326460481099,2019,1,2,False,False,True,13.2946735395189,0.0
2019-01-17,71392.70833333333,80413.0,59356.0,5986.333333333333,611.2291666666666,53243.625,5.970382302405499,2019,1,3,False,False,True,12.029617697594501,0.0
2019-01-18,74970.70833333333,82962.0,64168.0,2013.625,674.6666666666666,53850.5625,2.35090206185567,2019,1,4,False,False,True,15.64909793814433,0.0
2019-01-19,70531.97916666667,76073.0,63526.0,2741.0208333333335,721.0208333333334,49731.0,2.0694158075601377,2019,1,5,True,False,False,15.930584192439863,0.0
2019-01-20,67246.5625,74207.0,59598.0,1494.0208333333333,395.7083333333333,51545.5,2.7237757731958765,2019,1,6,True,False,False,15.276224226804123,0.0
2019-01-21,76809.08333333333,86548.0,63809.0,1695.5625,636.3333333333334,52824.0625,1.2235824742268042,2019,1,0,False,False,True,16.776417525773194,0.0
2019-01-22,79380.16666666667,87197.0,68815.0,4089.4375,559.3541666666666,53273.895833333336,1.364926975945017,2019,1,1,False,False,True,16.635073024054982,0.0
2019-01-23,78659.20833333333,88023.0,66907.0,3623.2916666666665,382.3125,54392.1875,2.1402491408934705,2019,1,2,False,False,True,15.85975085910653,0.0
2019-01-24,80309.91666666667,88453.0,69524.0,2233.9375,688.75,54895.729166666664,1.0819587628865979,2019,1,3,False,False,True,16.918041237113403,0.0
2019-01-25,77510.58333333333,84433.0,68625.0,2768.8958333333335,502.7291666666667,54911.854166666664,2.980433848797251,2019,1,4,False,False,True,15.01956615120275,0.0
2019-01-26,67508.29166666667,73328.0,61256.0,6561.916666666667,523.9583333333334,54085.020833333336,6.3490549828178695,2019,1,5,True,False,False,11.650945017182131,0.0
2019-01-27,64431.625,73207.0,56185.0,10593.0,570.3333333333334,53151.6875,6.358462199312714,2019,1,6,True,False,False,11.641537800687285,0.0
2019-01-28,73855.85416666667,83280.0,61366.0,6105.083333333333,613.375,55318.166666666664,4.238681271477663,2019,1,0,False,False,True,13.761318728522337,0.0
2019-01-29,76675.39583333333,84805.0,65755.0,4095.2916666666665,482.75,55469.875,2.806207044673539,2019,1,1,False,False,True,15.193792955326462,0.0
2019-01-30,77216.08333333333,86012.0,66132.0,5100.645833333333,541.1875,55155.833333333336,3.2454037800687283,2019,1,2,False,False,True,14.754596219931273,0.0
2019-01-31,78307.60416666667,85341.0,67825.0,3832.4166666666665,311.3541666666667,54801.6875,2.684600515463918,2019,1,3,False,False,True,15.315399484536082,0.0
2019-02-01,73943.8125,80341.0,63954.0,2935.6875,430.9375,55116.6875,5.807667525773195,2019,2,4,False,False,True,12.192332474226806,0.0
2019-02-02,69333.0,75909.0,60232.0,6181.270833333333,335.8333333333333,55348.3125,4.342697594501718,2019,2,5,True,False,False,13.657302405498282,0.0
2019-02-03,68711.16666666667,76148.0,62149.0,4463.395833333333,799.8541666666666,55049.916666666664,3.041473367697595,2019,2,6,True,False,False,14.958526632302405,0.0
2019-02-04,78172.60416666667,86358.0,66540.0,4941.1875,763.0,55665.8125,2.3514819587628866,2019,2,0,False,False,True,15.648518041237114,0.0
2019-02-05,75308.5625,82470.0,66005.0,1886.7291666666667,745.0833333333334,55157.520833333336,4.587757731958764,2019,2,1,False,False,True,13.412242268041236,0.0
2019-02-06,72370.91666666667,79516.0,63144.0,3621.6458333333335,841.6666666666666,55414.333333333336,6.515657216494845,2019,2,2,False,False,True,11.484342783505156,0.0
2019-02-07,70569.64583333333,77982.0,60330.0,7911.791666666667,700.75,55087.541666666664,6.6525987972508585,2019,2,3,False,False,True,11.347401202749142,0.0
2019-02-08,69949.89583333333,76911.0,60324.0,9493.1875,933.25,54974.4375,6.953672680412372,2019,2,4,False,False,True,11.046327319587629,0.0
2019-02-09,62651.729166666664,68375.0,56880.0,9833.3125,819.75,52121.75,8.583548109965639,2019,2,5,True,False,False,9.416451890034361,0.0
2019-02-10,60343.375,68603.0,52206.0,11258.104166666666,438.375,51801.9375,8.726439003436427,2019,2,6,True,False,False,9.273560996563573,0.0
2019-02-11,69734.85416666667,77811.0,58029.0,4299.708333333333,912.9583333333334,54713.3125,6.095575601374571,2019,2,0,False,False,True,11.90442439862543,0.0
2019-02-12,71763.16666666667,80656.0,62794.0,1169.6666666666667,1294.6458333333333,55407.791666666664,4.453951890034364,2019,2,1,False,False,True,13.546048109965636,0.0
2019-02-13,71857.16666666667,81608.0,63675.0,2017.125,1493.3958333333333,55358.916666666664,4.046499140893471,2019,2,2,False,False,True,13.95350085910653,0.0
2019-02-14,69983.79166666667,80006.0,62896.0,2870.125,1500.375,53979.791666666664,5.398775773195877,2019,2,3,False,False,True,12.601224226804124,0.0
2019-02-15,66930.29166666667,77294.0,59084.0,2807.1666666666665,1535.0208333333333,53724.583333333336,6.275300687285223,2019,2,4,False,False,True,11.724699312714776,0.0
2019-02-16,60210.520833333336,66465.0,51891.0,2078.3541666666665,1517.5208333333333,51437.479166666664,6.634450171821306,2019,2,5,True,False,False,11.365549828178693,0.0
2019-02-17,56327.395833333336,62384.0,48287.0,4699.125,1503.1458333333333,50954.916666666664,7.943041237113403,2019,2,6,True,False,False,10.056958762886598,0.0
2019-02-18,63091.6875,70720.0,53268.0,3248.0416666666665,1341.7291666666667,52984.229166666664,7.781507731958763,2019,2,0,False,False,True,10.218492268041237,0.0
2019-02-19,64697.9375,71661.0,55107.0,1039.5,956.9166666666666,52764.4375,7.161920103092784,2019,2,1,False,False,True,10.838079896907216,0.0
2019-02-20,65548.25,74289.0,57772.0,832.7083333333334,1363.8333333333333,52935.625,6.537993986254295,2019,2,2,False,False,True,11.462006013745704,0.0
2019-02-21,64367.6875,73107.0,56823.0,647.125,1464.4375,53573.8125,7.390614261168387,2019,2,3,False,False,True,10.609385738831612,0.0
2019-02-22,62148.875,71652.0,55522.0,2145.7083333333335,1524.8125,53698.083333333336,8.60884879725086,2019,2,4,False,False,True,9.39115120274914,0.0
2019-02-23,55160.083333333336,60828.0,48635.0,4145.770833333333,1632.625,50948.9375,8.948346219931272,2019,2,5,True,False,False,9.051653780068728,0.0
2019-02-24,53696.25,59270.0,46160.0,2524.0208333333335,1533.5625,51811.354166666664,7.489368556701032,2019,2,6,True,False,False,10.51063144329897,0.0
2019-02-25,60462.895833333336,69591.0,52039.0,2337.3958333333335,1623.6666666666667,53073.75,7.9321735395189,2019,2,0,False,False,True,10.0678264604811,0.0
2019-02-26,59825.333333333336,68659.0,53011.0,1874.5,1607.625,53388.979166666664,9.133634020618558,2019,2,1,False,False,True,8.866365979381442,0.0
2019-02-27,58780.229166666664,67551.0,51728.0,1177.2291666666667,1689.6041666666667,53461.9375,9.76512027491409,2019,2,2,False,False,True,8.23487972508591,0.0
2019-02-28,59140.8125,66243.0,49821.0,7066.125,1208.0208333333333,53024.8125,10.036941580756015,2019,2,3,False,False,True,7.9630584192439855,0.0
2019-03-01,59320.770833333336,65220.0,49696.0,5153.5,913.4166666666666,51263.666666666664,9.45176116838488,2019,3,4,False,False,True,8.54823883161512,0.0
2019-03-02,54647.333333333336,59797.0,48382.0,5725.479166666667,1032.1041666666667,50324.833333333336,9.586361683848796,2019,3,5,True,False,False,8.413638316151204,0.0
2019-03-03,51936.416666666664,57988.0,46704.0,10011.916666666666,1243.8541666666667,39925.0625,10.75719501718213,2019,3,6,True,False,False,7.242804982817869,0.0
2019-03-04,60229.104166666664,69678.0,47617.0,10626.791666666666,932.7083333333334,47583.291666666664,9.962478522336768,2019,3,0,False,False,True,8.037521477663232,0.0
2019-03-05,61895.166666666664,68613.0,53487.0,6885.104166666667,1407.5625,50362.4375,8.7893470790378,2019,3,1,False,False,True,9.2106529209622,0.0
2019-03-06,61692.833333333336,68765.0,51839.0,9213.833333333334,551.7708333333334,50670.479166666664,10.695489690721647,2019,3,2,False,False,True,7.304510309278353,0.0
2019-03-07,61069.625,68531.0,51069.0,9735.458333333334,1327.5416666666667,50543.145833333336,9.827942439862543,2019,3,3,False,False,True,8.172057560137457,0.0
2019-03-08,61395.9375,68357.0,53325.0,6011.166666666667,1162.2083333333333,50747.0625,8.743449312714779,2019,3,4,False,False,True,9.256550687285221,0.0
2019-03-09,55084.104166666664,61187.0,48787.0,8769.5625,745.3125,44487.604166666664,10.567268041237115,2019,3,5,True,False,False,7.432731958762885,0.0
2019-03-10,51253.916666666664,58827.0,44615.0,10299.0625,929.3125,42272.854166666664,11.5588058419244,2019,3,6,True,False,False,6.4411941580756,0.0
2019-03-11,61074.041666666664,69203.0,49845.0,8131.125,1529.1458333333333,49216.333333333336,7.629703608247422,2019,3,0,False,False,True,10.370296391752579,0.0
2019-03-12,63878.833333333336,70961.0,55437.0,8542.541666666666,1553.5833333333333,50769.604166666664,7.3760094501718205,2019,3,1,False,False,True,10.623990549828179,0.0
2019-03-13,64255.229166666664,71956.0,54600.0,10839.520833333334,1345.25,50058.3125,7.733977663230241,2019,3,2,False,False,True,10.266022336769758,0.0
2019-03-14,65125.333333333336,72363.0,54510.0,11319.479166666666,862.0416666666666,51190.270833333336,8.474269759450172,2019,3,3,False,False,True,9.525730240549828,0.0
2019-03-15,61550.416666666664,67183.0,52407.0,11140.75,844.7708333333334,49177.145833333336,11.34194587628866,2019,3,4,False,False,True,6.65805412371134,0.0
2019-03-16,53494.0625,60084.0,48121.0,9763.666666666666,1653.6458333333333,42608.083333333336,11.01213487972509,2019,3,5,True,False,False,6.987865120274909,0.0
2019-03-17,52584.520833333336,61139.0,45620.0,8707.5625,1186.875,36648.833333333336,9.064669243986256,2019,3,6,True,False,False,8.935330756013744,0.0
2019-03-18,62325.9375,70603.0,51784.0,3246.6666666666665,1343.7083333333333,45985.229166666664,7.101868556701032,2019,3,0,False,False,True,10.898131443298968,0.0
2019-03-19,62870.854166666664,70073.0,54969.0,1187.1666666666667,1423.1875,48210.875,7.033827319587629,2019,3,1,False,False,True,10.96617268041237,0.0
2019-03-20,62042.5,69887.0,55240.0,1399.1041666666667,1946.1666666666667,48646.625,7.94821735395189,2019,3,2,False,False,True,10.05178264604811,0.0
2019-03-21,60067.291666666664,67933.0,53745.0,1784.1666666666667,2000.8958333333333,47663.770833333336,8.596262886597938,2019,3,3,False,False,True,9.403737113402062,0.0
2019-03-22,57730.583333333336,66821.0,51260.0,644.875,2028.2708333333333,47632.125,9.75176116838488,2019,3,4,False,False,True,8.24823883161512,0.0
2019-03-23,51469.604166666664,56830.0,45872.0,1282.0625,1960.5625,46523.125,10.435244845360826,2019,3,5,True,False,False,7.564755154639174,0.0
2019-03-24,48818.270833333336,55040.0,43517.0,2207.4375,1892.1875,46937.270833333336,10.638917525773195,2019,3,6,True,False,False,7.361082474226805,0.0
2019-03-25,57077.25,64395.0,46899.0,6076.270833333333,1862.0,48815.604166666664,8.795704467353952,2019,3,0,False,False,True,9.204295532646048,0.0
2019-03-26,58960.770833333336,65758.0,51491.0,3609.25,2121.2291666666665,50357.666666666664,7.867547250859107,2019,3,1,False,False,True,10.132452749140892,0.0
2019-03-27,58837.645833333336,65420.0,51811.0,2694.9375,2067.5625,50742.145833333336,8.456915807560136,2019,3,2,False,False,True,9.543084192439864,0.0
2019-03-28,57769.5,64347.0,51057.0,2662.6666666666665,2061.25,50085.25,9.474441580756013,2019,3,3,False,False,True,8.525558419243987,0.0
2019-03-29,55647.666666666664,63226.0,50097.0,2581.7083333333335,2081.9375,48624.333333333336,10.65358676975945,2019,3,4,False,False,True,7.34641323024055,0.0
2019-03-30,48922.104166666664,54955.0,43415.0,1767.8125,2114.8541666666665,47615.541666666664,11.586232817869414,2019,3,5,True,False,False,6.413767182130586,0.0
2019-03-31,46230.9375,51893.0,40410.0,2471.9583333333335,2060.6458333333335,44299.625,11.508268900343642,2019,3,6,True,False,False,6.4917310996563575,0.0
2019-04-01,52171.0,59550.0,42582.0,2967.9583333333335,1638.9375,46087.5,11.933762886597941,2019,4,0,False,False,True,6.0662371134020585,0.0
2019-04-02,53982.833333333336,59677.0,43496.0,4201.666666666667,1119.1875,45036.729166666664,11.119158075601373,2019,4,1,False,False,True,6.880841924398627,0.0
2019-04-03,58972.458333333336,65604.0,47022.0,2416.6041666666665,799.9583333333334,44938.729166666664,7.396241408934709,2019,4,2,False,False,True,10.60375859106529,0.0
2019-04-04,61336.145833333336,69586.0,52896.0,2503.4166666666665,1512.4166666666667,44648.729166666664,6.356164089347079,2019,4,3,False,False,True,11.643835910652921,0.0
2019-04-05,60028.5,68640.0,52796.0,3245.25,1485.4375,45821.875,8.130197594501718,2019,4,4,False,False,True,9.869802405498282,0.0
2019-04-06,53908.1875,59877.0,47829.0,3019.3125,836.3333333333334,43665.895833333336,9.055713058419244,2019,4,5,True,False,False,8.944286941580756,0.0
2019-04-07,50750.354166666664,56890.0,45946.0,1606.25,1326.2083333333333,44942.8125,9.433655498281787,2019,4,6,True,False,False,8.566344501718213,0.0
2019-04-08,56627.083333333336,64268.0,47002.0,757.875,1438.7291666666667,47364.291666666664,9.968320446735394,2019,4,0,False,False,True,8.031679553264606,0.0
2019-04-09,56538.125,64052.0,48197.0,693.5208333333334,1619.9166666666667,48061.854166666664,9.960567010309278,2019,4,1,False,False,True,8.039432989690722,0.0
2019-04-10,56855.604166666664,63201.0,47057.0,3058.6458333333335,1384.8958333333333,46796.166666666664,10.275150343642613,2019,4,2,False,False,True,7.724849656357387,0.0
2019-04-11,57170.6875,64457.0,48479.0,4923.020833333333,1451.75,46732.354166666664,9.739282646048109,2019,4,3,False,False,True,8.260717353951891,0.0
2019-04-12,57216.75,65652.0,49733.0,4000.9583333333335,2158.1041666666665,45475.645833333336,8.776503436426117,2019,4,4,False,False,True,9.223496563573883,0.0
2019-04-13,53152.604166666664,58173.0,47711.0,3505.875,2180.75,43208.875,7.564390034364261,2019,4,5,True,False,False,10.435609965635738,0.0
2019-04-14,52241.041666666664,57898.0,46786.0,2428.8958333333335,1822.375,43185.229166666664,6.615399484536082,2019,4,6,True,False,False,11.384600515463918,0.0
2019-04-15,57452.729166666664,65830.0,49796.0,4628.395833333333,1730.9166666666667,44092.958333333336,9.523711340206185,2019,4,0,False,False,True,8.476288659793815,0.0
2019-04-16,56242.291666666664,62803.0,46826.0,2462.2083333333335,1259.875,45081.5625,11.358999140893468,2019,4,1,False,False,True,6.641000859106532,0.0
2019-04-17,54358.125,61191.0,48184.0,2321.4583333333335,1791.5833333333333,44664.291666666664,12.43567439862543,2019,4,2,False,False,True,5.56432560137457,0.0
2019-04-18,51483.895833333336,57385.0,43763.0,4045.125,1802.9791666666667,44471.354166666664,14.855262027491408,2019,4,3,False,False,True,3.144737972508592,0.0
2019-04-19,48949.666666666664,54518.0,41390.0,2664.7291666666665,2105.4166666666665,44976.3125,16.182280927835052,2019,4,4,False,False,True,1.817719072164948,0.0
2019-04-20,43281.729166666664,49197.0,37926.0,2906.3125,2053.1041666666665,41813.5625,16.38831615120275,2019,4,5,True,False,False,1.6116838487972487,0.0
2019-04-21,40540.583333333336,46345.0,35161.0,2047.1875,1150.3541666666667,39743.4375,15.612027491408936,2019,4,6,True,False,False,2.387972508591064,0.0
2019-04-22,41141.4375,46444.0,35111.0,1790.75,1462.1666666666667,35925.729166666664,16.242482817869416,2019,4,0,False,True,False,1.7575171821305844,0.0
2019-04-23,47849.6875,54554.0,36930.0,2521.6458333333335,1041.8541666666667,41414.645833333336,15.566430412371133,2019,4,1,False,False,True,2.4335695876288668,0.0
2019-04-24,49254.645833333336,55951.0,38983.0,6194.583333333333,1413.4791666666667,44926.354166666664,13.829080756013745,2019,4,2,False,False,True,4.170919243986255,0.0
2019-04-25,50926.354166666664,57083.0,40974.0,6363.291666666667,1263.75,44788.895833333336,12.654510309278352,2019,4,3,False,False,True,5.345489690721648,0.0
2019-04-26,51251.604166666664,57246.0,42926.0,3534.9791666666665,1559.0833333333333,45214.395833333336,11.093062714776632,2019,4,4,False,False,True,6.906937285223368,0.0
2019-04-27,46814.229166666664,52265.0,40521.0,8648.729166666666,1557.3541666666667,39324.333333333336,11.123410652920965,2019,4,5,True,False,False,6.876589347079035,0.0
2019-04-28,46394.604166666664,52482.0,40584.0,4229.395833333333,1534.8125,41067.229166666664,9.794329896907216,2019,4,6,True,False,False,8.205670103092784,0.0
2019-04-29,52229.041666666664,59112.0,43232.0,1177.0833333333333,2004.0208333333333,45005.104166666664,10.466494845360826,2019,4,0,False,False,True,7.533505154639174,0.0
2019-04-30,51253.520833333336,57828.0,43920.0,1862.2291666666667,2233.0,43760.875,12.10008591065292,2019,4,1,False,False,True,5.89991408934708,0.0
2019-05-01,42965.770833333336,50116.0,38588.0,976.375,2167.2291666666665,42328.875,13.012972508591064,2019,5,2,False,True,False,4.987027491408936,0.0
2019-05-02,49840.854166666664,56674.0,38379.0,2222.8333333333335,1429.5833333333333,43607.3125,12.353844501718214,2019,5,3,False,False,True,5.646155498281786,0.0
2019-05-03,51112.854166666664,57369.0,42209.0,1236.3125,1424.6458333333333,45006.645833333336,11.590678694158077,2019,5,4,False,False,True,6.409321305841923,0.0
2019-05-04,48698.791666666664,55084.0,41395.0,5414.020833333333,1435.2916666666667,43683.604166666664,9.35515463917526,2019,5,5,True,False,False,8.64484536082474,0.0
2019-05-05,48957.125,54815.0,44346.0,4790.5625,2035.0208333333333,43323.916666666664,7.753243127147767,2019,5,6,True,False,False,10.246756872852233,0.0
2019-05-06,55150.083333333336,62143.0,47000.0,1859.4791666666667,2392.7083333333335,44707.0625,8.961103951890035,2019,5,0,False,False,True,9.038896048109965,0.0
2019-05-07,53679.791666666664,60657.0,47036.0,1071.6875,2029.7916666666667,44264.125,10.990356529209622,2019,5,1,False,False,True,7.009643470790378,0.0
2019-05-08,47370.125,53215.0,40604.0,6487.041666666667,840.0833333333334,43784.083333333336,12.401245704467353,2019,5,2,False,True,False,5.598754295532647,0.0
2019-05-09,52171.625,58552.0,42307.0,6807.791666666667,1450.625,43106.458333333336,12.63734965635739,2019,5,3,False,False,True,5.36265034364261,0.0
2019-05-10,51591.6875,57466.0,43687.0,1785.8125,1573.5625,43396.0,13.41883591065292,2019,5,4,False,False,True,4.58116408934708,0.0
2019-05-11,45825.395833333336,51645.0,39878.0,5739.625,1619.8125,41225.6875,13.354123711340206,2019,5,5,True,False,False,4.645876288659794,0.0
2019-05-12,43723.8125,49557.0,39286.0,4658.875,2449.375,36940.9375,11.835695876288659,2019,5,6,True,False,False,6.164304123711341,0.0
2019-05-13,49934.395833333336,55942.0,40940.0,6920.541666666667,2657.75,40872.854166666664,12.597229381443299,2019,5,0,False,False,True,5.402770618556701,0.0
2019-05-14,49668.208333333336,55193.0,41957.0,6523.75,2624.8333333333335,41266.791666666664,13.495983676975946,2019,5,1,False,False,True,4.504016323024054,0.0
2019-05-15,49312.708333333336,54839.0,41048.0,4707.416666666667,2558.1458333333335,42884.270833333336,13.093943298969073,2019,5,2,False,False,True,4.906056701030927,0.0
2019-05-16,49207.041666666664,54336.0,40995.0,2494.4583333333335,2218.375,44799.104166666664,13.055111683848796,2019,5,3,False,False,True,4.944888316151204,0.0
2019-05-17,49432.270833333336,55593.0,40310.0,1726.25,923.75,45394.25,13.136297250859105,2019,5,4,False,False,True,4.863702749140895,0.0
2019-05-18,44623.166666666664,50418.0,38531.0,1096.4166666666667,1268.1458333333333,43260.270833333336,13.529574742268043,2019,5,5,True,False,False,4.470425257731957,0.0
2019-05-19,42723.4375,48467.0,36170.0,1692.3125,1109.7083333333333,42619.083333333336,13.3294029209622,2019,5,6,True,False,False,4.670597079037799,0.0
2019-05-20,49223.229166666664,56356.0,38634.0,2393.4583333333335,1446.5416666666667,43747.375,14.021670962199313,2019,5,0,False,False,True,3.9783290378006875,0.0
2019-05-21,49111.770833333336,54806.0,40412.0,2264.4166666666665,1897.0,44337.125,14.68490120274914,2019,5,1,False,False,True,3.31509879725086,0.0
2019-05-22,48312.041666666664,54205.0,39658.0,891.7916666666666,2364.9583333333335,44068.75,15.657259450171823,2019,5,2,False,False,True,2.342740549828177,0.0
2019-05-23,47666.916666666664,53206.0,38691.0,603.9791666666666,2249.7916666666665,43929.416666666664,16.550386597938147,2019,5,3,False,False,True,1.4496134020618534,0.0
2019-05-24,46872.645833333336,53224.0,37886.0,1381.875,1664.5208333333333,43214.125,16.45736683848797,2019,5,4,False,False,True,1.542633161512029,0.0
2019-05-25,41604.833333333336,47512.0,35373.0,2003.4583333333333,1693.0625,39526.645833333336,16.33597508591065,2019,5,5,True,False,False,1.6640249140893495,0.0
2019-05-26,39343.604166666664,45157.0,32902.0,2691.25,1735.7916666666667,36382.520833333336,16.25156786941581,2019,5,6,True,False,False,1.7484321305841917,0.0
2019-05-27,46084.875,53094.0,35195.0,2844.2916666666665,1582.4583333333333,41432.4375,16.39355670103093,2019,5,0,False,False,True,1.6064432989690687,0.0
2019-05-28,47528.416666666664,53799.0,37739.0,3970.3125,1674.1875,42550.75,14.528780068728521,2019,5,1,False,False,True,3.471219931271479,0.0
2019-05-29,47937.666666666664,54440.0,38901.0,2083.0416666666665,2038.6666666666667,43012.104166666664,14.257538659793816,2019,5,2,False,False,True,3.7424613402061837,0.0
2019-05-30,41510.0625,48226.0,35536.0,2203.1041666666665,2127.0416666666665,38454.208333333336,16.73118556701031,2019,5,3,False,True,False,1.2688144329896893,0.0
2019-05-31,43175.416666666664,49595.0,35314.0,479.5625,2522.6458333333335,41443.395833333336,18.126975945017183,2019,5,4,False,False,True,0.0,0.0
2019-06-01,40746.5625,46336.0,34047.0,697.2291666666666,2586.4375,37497.375,20.403028350515463,2019,6,5,True,False,False,0.0,0.0
2019-06-02,38540.020833333336,44761.0,31362.0,2431.8333333333335,2485.9166666666665,33288.1875,21.992010309278353,2019,6,6,True,False,False,0.0,0.0
2019-06-03,45294.6875,52550.0,33828.0,1168.2916666666667,1887.1458333333333,39157.479166666664,19.519329896907216,2019,6,0,False,False,True,0.0,0.0
2019-06-04,46523.479166666664,53408.0,36253.0,3386.3125,2151.25,40630.291666666664,19.9363616838488,2019,6,1,False,False,True,0.0,0.0
2019-06-05,46824.0,54043.0,36309.0,2593.7916666666665,1372.0,41174.3125,17.26862113402062,2019,6,2,False,False,True,0.7313788659793801,0.0
2019-06-06,46677.0,52953.0,37116.0,2175.0416666666665,2173.4791666666665,42121.395833333336,14.961941580756015,2019,6,3,False,False,True,3.038058419243985,0.0
2019-06-07,46385.145833333336,53359.0,36834.0,9094.333333333334,1693.5625,37075.895833333336,16.035201890034365,2019,6,4,False,False,True,1.9647981099656349,0.0
2019-06-08,41315.145833333336,47375.0,35268.0,6994.708333333333,2407.375,29991.270833333332,16.111812714776633,2019,6,5,True,False,False,1.888187285223367,0.0
2019-06-09,38678.979166666664,44584.0,31980.0,1234.2916666666667,1553.3958333333333,34782.25,16.843599656357387,2019,6,6,True,False,False,1.1564003436426127,0.0
2019-06-10,40629.395833333336,47255.0,33032.0,2190.75,1390.9375,39013.791666666664,15.92154209621993,2019,6,0,False,True,False,2.0784579037800697,0.0
2019-06-11,47087.375,54357.0,35565.0,1019.8541666666666,1242.5,41224.645833333336,13.728586769759453,2019,6,1,False,False,True,4.271413230240547,0.0
2019-06-12,47901.854166666664,54958.0,38135.0,2214.625,1970.1875,40902.833333333336,14.415399484536081,2019,6,2,False,False,True,3.5846005154639187,0.0
2019-06-13,47452.416666666664,53832.0,37955.0,4035.4375,2333.9375,40884.625,15.888745704467352,2019,6,3,False,False,True,2.111254295532648,0.0
2019-06-14,46881.25,53789.0,37368.0,1568.5833333333333,1347.3958333333333,41954.729166666664,17.023453608247426,2019,6,4,False,False,True,0.9765463917525743,0.0
2019-06-15,41408.645833333336,47897.0,34763.0,2657.4583333333335,1604.0208333333333,39999.208333333336,17.164991408934707,2019,6,5,True,False,False,0.8350085910652929,0.0
2019-06-16,38932.895833333336,45188.0,31958.0,2014.4375,2417.1666666666665,38300.958333333336,17.733483676975943,2019,6,6,True,False,False,0.2665163230240566,0.0
2019-06-17,45782.166666666664,53236.0,34135.0,804.625,2523.7916666666665,42011.9375,19.71245704467354,2019,6,0,False,False,True,0.0,0.0
2019-06-18,47095.354166666664,54114.0,36290.0,1597.625,2224.1041666666665,42062.3125,21.62040378006873,2019,6,1,False,False,True,0.0,0.0
2019-06-19,47055.6875,54515.0,36677.0,3100.25,2051.3541666666665,41109.875,20.81810567010309,2019,6,2,False,False,True,0.0,0.0
2019-06-20,46737.791666666664,53381.0,36705.0,1875.1666666666667,1705.4583333333333,41423.8125,18.665914948453608,2019,6,3,False,False,True,0.0,0.0
2019-06-21,46098.0,53405.0,36659.0,1430.1458333333333,1515.0416666666667,40976.333333333336,18.10442439862543,2019,6,4,False,False,True,0.0,0.0
2019-06-22,41060.895833333336,47346.0,34206.0,1940.0833333333333,2206.1041666666665,40018.5,18.98475085910653,2019,6,5,True,False,False,0.0,0.0
2019-06-23,39076.958333333336,46019.0,31358.0,2104.375,2239.6666666666665,37068.604166666664,21.924570446735395,2019,6,6,True,False,False,0.0,0.0
2019-06-24,47208.208333333336,55080.0,34652.0,2365.6875,1944.0,42373.8125,23.50408075601375,2019,6,0,False,False,True,0.0,0.0
2019-06-25,49374.5,57030.0,37831.0,2317.9375,2196.5416666666665,43449.75,24.968277491408937,2019,6,1,False,False,True,0.0,0.9682774914089372
2019-06-26,50320.729166666664,58263.0,38620.0,3451.6666666666665,2382.3958333333335,41146.083333333336,26.50384450171822,2019,6,2,False,False,True,0.0,2.50384450171822
2019-06-27,50982.166666666664,58833.0,39342.0,4301.770833333333,2344.3333333333335,41816.791666666664,27.411039518900342,2019,6,3,False,False,True,0.0,3.411039518900342
2019-06-28,50134.958333333336,57724.0,39317.0,2978.6875,2200.7291666666665,41901.1875,26.1338058419244,2019,6,4,False,False,True,0.0,2.1338058419243993
2019-06-29,45184.875,51786.0,36740.0,2008.5416666666667,2256.5,40678.333333333336,26.32274484536083,2019,6,5,True,False,False,0.0,2.3227448453608304
2019-06-30,42028.333333333336,48221.0,34396.0,2171.25,1953.25,35083.0625,24.955090206185563,2019,6,6,True,False,False,0.0,0.9550902061855631
2019-07-01,47997.666666666664,55984.0,36025.0,1856.6875,1777.7708333333333,40242.854166666664,22.5465206185567,2019,7,0,False,False,True,0.0,0.0
2019-07-02,48585.708333333336,55868.0,38064.0,2144.9166666666665,1948.2291666666667,41429.041666666664,21.637542955326463,2019,7,1,False,False,True,0.0,0.0
2019-07-03,48785.291666666664,55912.0,38251.0,4118.5625,2207.1875,41351.520833333336,22.787628865979382,2019,7,2,False,False,True,0.0,0.0
2019-07-04,49167.604166666664,56279.0,38118.0,2714.9375,2387.3333333333335,41177.125,23.574935567010307,2019,7,3,False,False,True,0.0,0.0
2019-07-05,49485.916666666664,57174.0,38807.0,1173.875,2288.7916666666665,42169.5625,24.720704467353958,2019,7,4,False,False,True,0.0,0.7207044673539578
2019-07-06,44176.8125,50372.0,36816.0,966.2083333333334,2213.2083333333335,39310.3125,24.614454467353955,2019,7,5,True,False,False,0.0,0.6144544673539549
2019-07-07,41045.916666666664,47500.0,33793.0,1385.8541666666667,2083.9166666666665,37708.833333333336,23.06786941580756,2019,7,6,True,False,False,0.0,0.0
2019-07-08,47473.020833333336,55469.0,35799.0,2233.8333333333335,1968.2291666666667,40577.791666666664,22.062757731958765,2019,7,0,False,False,True,0.0,0.0
2019-07-09,47392.125,53896.0,37700.0,3186.125,1792.6666666666667,40414.020833333336,20.74411512027492,2019,7,1,False,False,True,0.0,0.0
2019-07-10,47867.729166666664,54854.0,37490.0,1728.0208333333333,2463.7916666666665,40463.75,21.859944158075596,2019,7,2,False,False,True,0.0,0.0
2019-07-11,48279.395833333336,55476.0,38048.0,925.375,2022.1666666666667,41168.5,22.400644329896906,2019,7,3,False,False,True,0.0,0.0
2019-07-12,47991.833333333336,55233.0,38201.0,2985.0833333333335,2162.2083333333335,41323.041666666664,22.474828178694157,2019,7,4,False,False,True,0.0,0.0
2019-07-13,42687.958333333336,48474.0,36056.0,2135.0,2290.7708333333335,40058.125,22.04909793814433,2019,7,5,True,False,False,0.0,0.0
2019-07-14,39519.6875,44992.0,32810.0,3683.375,2280.6666666666665,38858.958333333336,20.84349226804124,2019,7,6,True,True,False,0.0,0.0
2019-07-15,45962.791666666664,53367.0,34641.0,2978.0833333333335,2380.0,40196.645833333336,20.227920962199313,2019,7,0,False,False,True,0.0,0.0
2019-07-16,47671.1875,54493.0,37625.0,930.25,2424.8125,40522.770833333336,20.95283505154639,2019,7,1,False,False,True,0.0,0.0
2019-07-17,48111.645833333336,55125.0,37912.0,951.3958333333334,2301.1666666666665,40358.208333333336,22.19510309278351,2019,7,2,False,False,True,0.0,0.0
2019-07-18,48082.583333333336,54906.0,38226.0,2350.1666666666665,1997.7916666666667,40619.604166666664,21.92042525773196,2019,7,3,False,False,True,0.0,0.0
2019-07-19,47841.291666666664,54734.0,38340.0,1301.3958333333333,2235.5833333333335,40034.458333333336,22.42656786941581,2019,7,4,False,False,True,0.0,0.0
2019-07-20,42823.083333333336,48740.0,36054.0,3891.9375,1768.6875,37806.333333333336,23.205240549828183,2019,7,5,True,False,False,0.0,0.0
2019-07-21,40428.083333333336,47117.0,33423.0,871.3541666666666,2102.8958333333335,37356.5,23.135867697594502,2019,7,6,True,False,False,0.0,0.0
2019-07-22,48263.833333333336,56233.0,35882.0,617.0,2242.6041666666665,39442.291666666664,25.183762886597936,2019,7,0,False,False,True,0.0,1.1837628865979362
2019-07-23,50561.895833333336,58525.0,39114.0,1735.0625,2244.3125,39599.416666666664,27.85173969072165,2019,7,1,False,False,True,0.0,3.851739690721651
2019-07-24,51247.833333333336,59082.0,40118.0,1682.625,2207.5625,37202.645833333336,28.76621563573883,2019,7,2,False,False,True,0.0,4.766215635738831
2019-07-25,51166.0,59198.0,40545.0,2516.75,2151.4375,35543.5,29.5411941580756,2019,7,3,False,False,True,0.0,5.5411941580756015
2019-07-26,48523.416666666664,56002.0,39519.0,2611.9375,1351.6041666666667,34966.145833333336,25.385717353951893,2019,7,4,False,False,True,0.0,1.3857173539518932
2019-07-27,41070.5,46725.0,35494.0,2669.5416666666665,1007.625,35126.125,20.458419243986253,2019,7,5,True,False,False,0.0,0.0
2019-07-28,37427.520833333336,43405.0,31580.0,3965.0,1956.0625,35117.833333333336,19.50893470790378,2019,7,6,True,False,False,0.0,0.0
2019-07-29,43619.104166666664,50903.0,32892.0,1473.5208333333333,2394.4375,38676.645833333336,20.48739261168385,2019,7,0,False,False,True,0.0,0.0
2019-07-30,44691.625,51533.0,35496.0,6011.645833333333,1789.0416666666667,39371.354166666664,20.868256013745704,2019,7,1,False,False,True,0.0,0.0
2019-07-31,44490.395833333336,50858.0,35490.0,3125.7916666666665,2179.0416666666665,37418.708333333336,19.9928264604811,2019,7,2,False,False,True,0.0,0.0
2019-08-01,44697.6875,51336.0,35355.0,828.6458333333334,1877.0833333333333,37882.0625,20.494974226804125,2019,8,3,False,False,True,0.0,0.0
2019-08-02,44197.458333333336,51130.0,35293.0,1828.0625,2343.875,38941.395833333336,21.98999140893471,2019,8,4,False,False,True,0.0,0.0
2019-08-03,40177.729166666664,46033.0,33413.0,1031.875,2374.1875,38372.604166666664,22.14308419243986,2019,8,5,True,False,False,0.0,0.0
2019-08-04,38201.520833333336,44055.0,31601.0,902.5,2267.625,38255.0625,22.955756013745702,2019,8,6,True,False,False,0.0,0.0
2019-08-05,42761.520833333336,49968.0,33028.0,1892.6041666666667,1992.5416666666667,38639.708333333336,22.98649054982818,2019,8,0,False,False,True,0.0,0.0
2019-08-06,43339.645833333336,50031.0,34616.0,1163.875,1705.9791666666667,38850.520833333336,22.183290378006873,2019,8,1,False,False,True,0.0,0.0
2019-08-07,42808.25,49253.0,34175.0,1549.3958333333333,1687.2916666666667,38228.875,21.47306701030928,2019,8,2,False,False,True,0.0,0.0
2019-08-08,43422.5625,50110.0,34015.0,809.6875,2213.8333333333335,39085.979166666664,23.065184707903782,2019,8,3,False,False,True,0.0,0.0
2019-08-09,43692.979166666664,51266.0,34716.0,5234.354166666667,1750.3333333333333,38913.8125,24.288122852233677,2019,8,4,False,False,True,0.0,0.28812285223367695
2019-08-10,39245.625,44923.0,32978.0,8417.916666666666,1852.4375,30629.583333333332,22.14128006872852,2019,8,5,True,False,False,0.0,0.0
2019-08-11,36757.270833333336,42382.0,30759.0,2269.1875,1446.1458333333333,31825.0,19.625687285223368,2019,8,6,True,False,False,0.0,0.0
2019-08-12,40299.6875,46961.0,31436.0,2925.4375,1751.625,36866.8125,18.30953608247423,2019,8,0,False,False,True,0.0,0.0
2019-08-13,40737.041666666664,46981.0,32514.0,2378.3541666666665,2001.6875,38471.5625,17.42046821305842,2019,8,1,False,False,True,0.5795317869415797,0.0
2019-08-14,41008.479166666664,47454.0,32833.0,2553.4375,2178.5833333333335,38945.625,18.59299828178694,2019,8,2,False,False,True,0.0,0.0
2019-08-15,37609.0625,43057.0,31591.0,5582.208333333333,1596.0416666666667,35356.395833333336,19.899613402061856,2019,8,3,False,True,False,0.0,0.0
2019-08-16,39850.125,46282.0,31764.0,2327.75,2179.4375,36294.979166666664,19.58041237113402,2019,8,4,False,False,True,0.0,0.0
2019-08-17,38449.4375,44237.0,31755.0,4219.583333333333,1767.875,34140.291666666664,20.67240120274914,2019,8,5,True,False,False,0.0,0.0
2019-08-18,37057.125,42639.0,31067.0,4187.770833333333,1640.7083333333333,34024.666666666664,21.30622852233677,2019,8,6,True,False,False,0.0,0.0
2019-08-19,41705.8125,48912.0,32060.0,2293.9375,1565.6875,37073.979166666664,19.035889175257733,2019,8,0,False,False,True,0.0,0.0
2019-08-20,42751.125,49620.0,33839.0,1357.5,1382.2916666666667,38296.166666666664,17.82242268041237,2019,8,1,False,False,True,0.17757731958763046,0.0
2019-08-21,43140.583333333336,49942.0,33973.0,1630.6458333333333,2214.875,37814.479166666664,18.368750000000002,2019,8,2,False,False,True,0.0,0.0
2019-08-22,43517.791666666664,50191.0,34385.0,1467.5625,2230.5833333333335,37745.479166666664,19.79624140893471,2019,8,3,False,False,True,0.0,0.0
2019-08-23,43763.479166666664,50980.0,34346.0,1711.4375,2312.9166666666665,37471.1875,21.154982817869417,2019,8,4,False,False,True,0.0,0.0
2019-08-24,40352.0625,46514.0,33153.0,1197.375,2254.9166666666665,36952.791666666664,22.800365120274915,2019,8,5,True,False,False,0.0,0.0
2019-08-25,38570.875,44549.0,31680.0,557.0208333333334,2150.375,35793.1875,23.146112542955326,2019,8,6,True,False,False,0.0,0.0
2019-08-26,45624.0,54078.0,33290.0,724.75,2001.7916666666667,37487.041666666664,23.99634879725086,2019,8,0,False,False,True,0.0,0.0
2019-08-27,47153.666666666664,54644.0,36452.0,1115.5833333333333,1445.9791666666667,38898.5,23.957216494845362,2019,8,1,False,False,True,0.0,0.0
2019-08-28,47414.041666666664,55015.0,36770.0,1007.3333333333334,1568.3333333333333,39815.354166666664,23.229553264604817,2019,8,2,False,False,True,0.0,0.0
2019-08-29,47377.5625,54705.0,37030.0,1061.4583333333333,2018.5625,38739.270833333336,22.239948453608246,2019,8,3,False,False,True,0.0,0.0
2019-08-30,47098.5625,54652.0,36670.0,818.5416666666666,2089.1875,37783.1875,22.197938144329893,2019,8,4,False,False,True,0.0,0.0
2019-08-31,42103.8125,48699.0,34857.0,3096.0,1928.3125,36563.125,22.999269759450172,2019,8,5,True,False,False,0.0,0.0
2019-09-01,39245.25,45165.0,32920.0,1858.7291666666667,1322.6666666666667,37044.979166666664,20.257753436426118,2019,9,6,True,False,False,0.0,0.0
2019-09-02,45118.9375,52562.0,33547.0,2209.0208333333335,2216.25,38376.979166666664,18.713745704467353,2019,9,0,False,False,True,0.0,0.0
2019-09-03,46532.8125,53330.0,36072.0,1569.8125,2273.8541666666665,38923.354166666664,19.021456185567008,2019,9,1,False,False,True,0.0,0.0
2019-09-04,46835.125,54057.0,36361.0,3208.3958333333335,2191.625,39240.854166666664,19.017096219931272,2019,9,2,False,False,True,0.0,0.0
2019-09-05,46408.75,52872.0,36513.0,3811.125,1760.4375,38362.229166666664,17.26082474226804,2019,9,3,False,False,True,0.7391752577319615,0.0
2019-09-06,45929.916666666664,52484.0,36440.0,2769.6875,2144.25,39345.75,16.366323024054985,2019,9,4,False,False,True,1.633676975945015,0.0
2019-09-07,40733.6875,46962.0,34089.0,2514.5416666666665,1761.625,37372.458333333336,16.651095360824744,2019,9,5,True,False,False,1.348904639175256,0.0
2019-09-08,38817.541666666664,44794.0,32357.0,2357.25,1852.2083333333333,38670.3125,15.27246563573883,2019,9,6,True,False,False,2.727534364261169,0.0
2019-09-09,45825.729166666664,52561.0,34243.0,822.5833333333334,1571.1666666666667,41130.770833333336,14.4884235395189,2019,9,0,False,False,True,3.5115764604811,0.0
2019-09-10,46845.75,53134.0,36781.0,1288.5208333333333,1339.75,41657.791666666664,15.727620274914088,2019,9,1,False,False,True,2.272379725085912,0.0
2019-09-11,46993.291666666664,53639.0,36706.0,2356.7291666666665,1870.6666666666667,41522.9375,17.29177405498282,2019,9,2,False,False,True,0.7082259450171797,0.0
2019-09-12,47074.625,53336.0,36551.0,1743.2916666666667,1993.75,41742.145833333336,19.242740549828184,2019,9,3,False,False,True,0.0,0.0
2019-09-13,46456.125,53514.0,36280.0,1492.4166666666667,1970.75,41397.25,19.949613402061857,2019,9,4,False,False,True,0.0,0.0
2019-09-14,41222.458333333336,47622.0,33944.0,2193.5625,1714.8125,39552.020833333336,20.79667096219931,2019,9,5,True,False,False,0.0,0.0
2019-09-15,39042.416666666664,44954.0,32223.0,1010.9166666666666,1967.1875,37472.104166666664,21.172680412371133,2019,9,6,True,False,False,0.0,0.0
2019-09-16,45936.541666666664,53372.0,33521.0,1047.6041666666667,1944.75,39789.375,20.909385738831617,2019,9,0,False,False,True,0.0,0.0
2019-09-17,46850.729166666664,53521.0,35914.0,2242.4583333333335,1825.4583333333333,39137.708333333336,20.3983676975945,2019,9,1,False,False,True,0.0,0.0
2019-09-18,46620.8125,53374.0,35931.0,5559.916666666667,1877.8958333333333,37636.625,18.108999140893474,2019,9,2,False,False,True,0.0,0.0
2019-09-19,46493.583333333336,52827.0,36264.0,5963.3125,1995.9791666666667,34369.625,17.24091494845361,2019,9,3,False,False,True,0.7590850515463892,0.0
2019-09-20,46185.375,52844.0,36155.0,5775.979166666667,1968.1666666666667,37668.3125,18.23251718213058,2019,9,4,False,False,True,0.0,0.0
2019-09-21,41068.875,47449.0,34106.0,5293.125,1289.0208333333333,36418.708333333336,20.079832474226805,2019,9,5,True,False,False,0.0,0.0
2019-09-22,38525.5625,44801.0,31612.0,4936.229166666667,858.5625,36799.895833333336,19.02830756013746,2019,9,6,True,False,False,0.0,0.0
2019-09-23,44896.979166666664,51813.0,33003.0,3043.4166666666665,1384.7916666666667,36979.333333333336,17.05706615120275,2019,9,0,False,False,True,0.9429338487972494,0.0
2019-09-24,46167.729166666664,52934.0,35494.0,5215.0625,1007.2708333333334,35891.6875,16.925236254295537,2019,9,1,False,False,True,1.0747637457044625,0.0
2019-09-25,46891.145833333336,53806.0,35690.0,5747.166666666667,1023.9375,37973.833333333336,16.691623711340206,2019,9,2,False,False,True,1.3083762886597938,0.0
2019-09-26,47239.375,53795.0,36694.0,6363.375,1237.5416666666667,38535.375,18.143170103092782,2019,9,3,False,False,True,0.0,0.0
2019-09-27,46458.3125,52882.0,36443.0,6184.854166666667,1336.4166666666667,38989.104166666664,17.7016323024055,2019,9,4,False,False,True,0.2983676975945002,0.0
2019-09-28,41438.645833333336,47673.0,34429.0,6416.270833333333,1440.0833333333333,35874.604166666664,17.094652061855673,2019,9,5,True,False,False,0.9053479381443275,0.0
2019-09-29,39592.020833333336,45949.0,32351.0,9866.645833333334,1551.4583333333333,30794.958333333332,17.727147766323025,2019,9,6,True,False,False,0.272852233676975,0.0
2019-09-30,46229.3125,53046.0,33989.0,4179.104166666667,1427.9166666666667,37643.291666666664,17.54355670103093,2019,9,0,False,False,True,0.4564432989690701,0.0
2019-10-01,47485.3125,54241.0,36552.0,6533.5625,1258.875,39417.875,17.610889175257736,2019,10,1,False,False,True,0.3891108247422643,0.0
2019-10-02,47883.4375,54644.0,36698.0,4827.520833333333,1268.2708333333333,40710.041666666664,15.155004295532645,2019,10,2,False,False,True,2.8449957044673546,0.0
2019-10-03,49402.875,56176.0,38398.0,1883.2708333333333,1718.9791666666667,41557.479166666664,12.383140034364262,2019,10,3,False,False,True,5.616859965635738,0.0
2019-10-04,49027.520833333336,55516.0,38863.0,6475.583333333333,1032.0625,41274.375,14.085030068728523,2019,10,4,False,False,True,3.914969931271477,0.0
2019-10-05,43600.4375,50260.0,36129.0,2173.8125,1176.125,39381.333333333336,14.968213058419245,2019,10,5,True,False,False,3.031786941580755,0.0
2019-10-06,41335.145833333336,48027.0,33996.0,5481.604166666667,989.4166666666666,38663.020833333336,14.897036082474227,2019,10,6,True,False,False,3.1029639175257735,0.0
2019-10-07,48396.625,55633.0,35999.0,3703.9583333333335,1324.4791666666667,39820.666666666664,13.831765463917526,2019,10,0,False,False,True,4.168234536082474,0.0
2019-10-08,49387.916666666664,56028.0,38436.0,5339.875,1413.1875,38018.0625,15.222508591065292,2019,10,1,False,False,True,2.777491408934708,0.0
2019-10-09,49864.125,56852.0,38310.0,7085.729166666667,942.0833333333334,39071.416666666664,14.331400343642612,2019,10,2,False,False,True,3.6685996563573884,0.0
2019-10-10,49934.604166666664,56103.0,39469.0,5557.4375,1491.6041666666667,39643.229166666664,14.25268470790378,2019,10,3,False,False,True,3.7473152920962196,0.0
2019-10-11,49007.541666666664,55530.0,39285.0,5841.770833333333,1807.625,39556.270833333336,15.353243127147767,2019,10,4,False,False,True,2.646756872852233,0.0
2019-10-12,43138.333333333336,49782.0,35808.0,5688.125,991.8958333333334,38905.458333333336,17.360030068728527,2019,10,5,True,False,False,0.6399699312714731,0.0
2019-10-13,40471.0625,47272.0,33359.0,7146.520833333333,1518.8958333333333,38194.416666666664,18.86346649484536,2019,10,6,True,False,False,0.0,0.0
2019-10-14,46881.895833333336,54169.0,34670.0,5333.25,996.4583333333334,39440.625,18.3472293814433,2019,10,0,False,False,True,0.0,0.0
2019-10-15,48482.333333333336,55582.0,37185.0,4041.7708333333335,1026.1875,38956.25,14.6606529209622,2019,10,1,False,False,True,3.3393470790378004,0.0
2019-10-16,49882.166666666664,56903.0,38758.0,7588.291666666667,1285.875,38739.479166666664,14.046692439862545,2019,10,2,False,False,True,3.953307560137455,0.0
2019-10-17,50008.3125,56673.0,39064.0,4409.958333333333,869.9791666666666,37125.5,15.121176975945016,2019,10,3,False,False,True,2.8788230240549844,0.0
2019-10-18,49516.333333333336,56220.0,39047.0,7283.770833333333,772.75,38711.791666666664,15.085631443298967,2019,10,4,False,False,True,2.9143685567010333,0.0
2019-10-19,44707.4375,51229.0,37029.0,3290.3125,678.5,38749.4375,14.600214776632301,2019,10,5,True,False,False,3.399785223367699,0.0
2019-10-20,43168.708333333336,49866.0,35529.0,3084.6875,561.75,38274.395833333336,14.655584192439862,2019,10,6,True,False,False,3.3444158075601376,0.0
2019-10-21,50711.458333333336,58716.0,38032.0,2983.4166666666665,749.25,39624.0625,13.052190721649485,2019,10,0,False,False,True,4.947809278350515,0.0
2019-10-22,53200.479166666664,61051.0,41812.0,1427.5208333333333,515.875,40519.291666666664,12.37057560137457,2019,10,1,False,False,True,5.62942439862543,0.0
2019-10-23,52503.895833333336,59768.0,41549.0,2991.75,436.7083333333333,40319.458333333336,14.190506872852234,2019,10,2,False,False,True,3.809493127147766,0.0
2019-10-24,51652.3125,58605.0,41032.0,4641.5,900.8125,40050.270833333336,14.412908075601376,2019,10,3,False,False,True,3.5870919243986243,0.0
2019-10-25,50957.854166666664,57626.0,41085.0,4831.291666666667,1361.125,39059.8125,14.00270618556701,2019,10,4,False,False,True,3.9972938144329895,0.0
2019-10-26,45315.25,50811.0,39052.0,6964.083333333333,1587.625,34934.666666666664,15.127405498281787,2019,10,5,True,False,False,2.872594501718213,0.0
2019-10-27,43902.583333333336,51472.0,35371.0,3032.9375,901.6666666666666,35062.104166666664,13.91323024054983,2019,10,6,True,False,False,4.086769759450171,0.0
2019-10-28,52447.479166666664,61504.0,39565.0,2474.5208333333335,631.9791666666666,39229.5,12.489647766323024,2019,10,0,False,False,True,5.510352233676976,0.0
2019-10-29,54269.020833333336,62671.0,42872.0,3195.1875,901.0416666666666,40081.333333333336,12.215528350515465,2019,10,1,False,False,True,5.784471649484535,0.0
2019-10-30,54700.9375,62672.0,43586.0,2157.2916666666665,803.75,40102.291666666664,11.741988831615119,2019,10,2,False,False,True,6.258011168384881,0.0
2019-10-31,54120.395833333336,60937.0,43592.0,2678.5833333333335,573.5625,39609.8125,11.961039518900344,2019,10,3,False,False,True,6.0389604810996556,0.0
2019-11-01,47417.4375,53382.0,40481.0,6025.729166666667,395.4166666666667,37125.770833333336,13.103221649484539,2019,11,4,False,True,False,4.896778350515461,0.0
2019-11-02,46340.541666666664,53202.0,38045.0,9898.6875,577.75,35499.5,14.165635738831615,2019,11,5,True,False,False,3.8343642611683855,0.0
2019-11-03,46418.0625,54082.0,38419.0,7279.583333333333,590.0,35059.791666666664,12.456722508591065,2019,11,6,True,False,False,5.543277491408935,0.0
2019-11-04,54180.8125,63980.0,41682.0,8060.3125,673.4583333333334,38595.75,12.111318728522338,2019,11,0,False,False,True,5.888681271477662,0.0
2019-11-05,56959.395833333336,66203.0,45510.0,3546.9375,698.0208333333334,38984.895833333336,10.164454467353954,2019,11,1,False,False,True,7.835545532646046,0.0
2019-11-06,57945.458333333336,67299.0,46456.0,2543.3958333333335,784.1458333333334,39490.729166666664,9.74295532646048,2019,11,2,False,False,True,8.25704467353952,0.0
2019-11-07,59836.354166666664,69522.0,47750.0,6123.520833333333,507.1666666666667,39067.291666666664,8.873947594501718,2019,11,3,False,False,True,9.126052405498282,0.0
2019-11-08,61771.125,69113.0,51017.0,2121.9791666666665,719.6041666666666,40209.1875,7.099054982817869,2019,11,4,False,False,True,10.900945017182131,0.0
2019-11-09,57556.770833333336,63599.0,50437.0,2949.7083333333335,912.9375,40781.854166666664,6.940721649484536,2019,11,5,True,False,False,11.059278350515463,0.0
2019-11-10,55681.770833333336,61454.0,48746.0,3031.875,758.6875,40808.875,6.7073024054982815,2019,11,6,True,False,False,11.292697594501718,0.0
2019-11-11,57542.604166666664,65519.0,49850.0,5713.708333333333,603.0833333333334,41308.354166666664,6.644780927835052,2019,11,0,False,True,False,11.355219072164948,0.0
2019-11-12,64653.083333333336,74373.0,51970.0,6023.208333333333,930.9375,39882.083333333336,7.08127147766323,2019,11,1,False,False,True,10.918728522336771,0.0
2019-11-13,66392.89583333333,75267.0,55396.0,3899.5,877.3958333333334,40136.895833333336,6.714884020618557,2019,11,2,False,False,True,11.285115979381443,0.0
2019-11-14,68430.64583333333,77680.0,56221.0,3540.1875,374.9791666666667,40435.395833333336,5.5012242268041245,2019,11,3,False,False,True,12.498775773195876,0.0
2019-11-15,69615.20833333333,77595.0,57480.0,2664.1875,588.125,40562.979166666664,4.486855670103092,2019,11,4,False,False,True,13.513144329896907,0.0
2019-11-16,63850.916666666664,69462.0,56540.0,2415.1041666666665,620.5208333333334,41085.0,5.003908934707903,2019,11,5,True,False,False,12.996091065292097,0.0
2019-11-17,61159.083333333336,68435.0,53905.0,1206.4791666666667,544.6041666666666,40786.8125,4.7681701030927846,2019,11,6,True,False,False,13.231829896907215,0.0
2019-11-18,68871.20833333333,78538.0,56092.0,2615.2708333333335,566.1875,40342.916666666664,5.4362972508591065,2019,11,0,False,False,True,12.563702749140894,0.0
2019-11-19,70053.20833333333,78387.0,59138.0,1607.3541666666667,773.8125,40340.416666666664,5.283161512027491,2019,11,1,False,False,True,12.71683848797251,0.0
2019-11-20,71266.45833333333,79551.0,60560.0,3799.6666666666665,901.0625,40503.520833333336,4.548732817869416,2019,11,2,False,False,True,13.451267182130584,0.0
2019-11-21,69913.3125,76806.0,60012.0,4132.083333333333,595.625,41709.083333333336,6.277856529209622,2019,11,3,False,False,True,11.722143470790378,0.0
2019-11-22,66054.375,72819.0,56793.0,7773.729166666667,598.3333333333334,41932.541666666664,8.5196735395189,2019,11,4,False,False,True,9.4803264604811,0.0
2019-11-23,58145.145833333336,64434.0,49933.0,5163.604166666667,359.9791666666667,39860.333333333336,9.537156357388316,2019,11,5,True,False,False,8.462843642611684,0.0
2019-11-24,55944.604166666664,62601.0,48658.0,2240.2083333333335,499.5416666666667,41027.770833333336,8.268341924398626,2019,11,6,True,False,False,9.731658075601374,0.0
2019-11-25,61693.958333333336,70071.0,49793.0,3595.3333333333335,595.3125,43250.666666666664,8.95977233676976,2019,11,0,False,False,True,9.04022766323024,0.0
2019-11-26,61151.083333333336,68715.0,50341.0,5905.916666666667,671.3541666666666,43169.9375,10.50528350515464,2019,11,1,False,False,True,7.49471649484536,0.0
2019-11-27,60723.4375,69230.0,49021.0,10697.833333333334,584.7708333333334,42708.770833333336,11.461855670103093,2019,11,2,False,False,True,6.538144329896907,0.0
2019-11-28,60913.25,69321.0,49689.0,8568.3125,541.7291666666666,42655.729166666664,10.600515463917526,2019,11,3,False,False,True,7.399484536082474,0.0
2019-11-29,61032.979166666664,67640.0,49995.0,2442.1041666666665,707.6041666666666,43187.125,9.257495704467354,2019,11,4,False,False,True,8.742504295532646,0.0
2019-11-30,59279.375,65209.0,51045.0,3863.1875,524.6041666666666,42805.333333333336,6.766817010309278,2019,11,5,True,False,False,11.233182989690722,0.0
2019-12-01,58944.625,66455.0,50221.0,3805.1666666666665,360.9791666666667,41692.166666666664,6.093599656357388,2019,12,6,True,False,False,11.906400343642613,0.0
2019-12-02,68387.5625,77885.0,55106.0,3507.3125,691.1458333333334,41828.3125,4.655498281786942,2019,12,0,False,False,True,13.344501718213058,0.0
2019-12-03,72277.33333333333,80060.0,61511.0,2405.4375,937.8541666666666,43357.333333333336,3.045747422680412,2019,12,1,False,False,True,14.954252577319588,0.0
2019-12-04,73649.52083333333,80411.0,63982.0,1841.75,647.75,43909.104166666664,2.9298539518900344,2019,12,2,False,False,True,15.070146048109965,0.0
2019-12-05,73344.95833333333,79732.0,64182.0,1017.7291666666666,711.6458333333334,43501.354166666664,3.0542740549828182,2019,12,3,False,False,True,14.945725945017182,0.0
2019-12-06,72251.6875,78691.0,63883.0,7081.916666666667,655.8125,43755.5,5.029188144329897,2019,12,4,False,False,True,12.970811855670103,0.0
2019-12-07,61504.833333333336,68108.0,55831.0,4200.416666666667,532.9583333333334,44041.9375,8.15889175257732,2019,12,5,True,False,False,9.84110824742268,0.0
2019-12-08,57865.8125,63876.0,51507.0,10413.666666666666,524.7083333333334,42413.270833333336,9.523603951890035,2019,12,6,True,False,False,8.476396048109965,0.0
2019-12-09,66388.75,75022.0,53961.0,11482.416666666666,548.8125,44497.166666666664,8.512800687285223,2019,12,0,False,False,True,9.487199312714777,0.0
2019-12-10,69837.79166666667,76951.0,59235.0,6219.041666666667,864.625,43570.770833333336,4.929961340206186,2019,12,1,False,False,True,13.070038659793813,0.0
2019-12-11,70653.91666666667,77867.0,59921.0,5339.333333333333,262.4583333333333,46357.520833333336,6.087027491408936,2019,12,2,False,False,True,11.912972508591064,0.0
2019-12-12,70857.04166666667,78174.0,60314.0,8304.416666666666,386.2708333333333,46001.458333333336,5.827341065292096,2019,12,3,False,False,True,12.172658934707904,0.0
2019-12-13,67718.04166666667,73583.0,57609.0,11699.458333333334,386.8125,42419.3125,8.475257731958763,2019,12,4,False,False,True,9.524742268041237,0.0
2019-12-14,60104.25,65481.0,53429.0,10677.583333333334,478.4375,42842.9375,9.66516323024055,2019,12,5,True,False,False,8.33483676975945,0.0
2019-12-15,56425.75,63171.0,49112.0,7762.9375,639.6875,40849.520833333336,10.159944158075602,2019,12,6,True,False,False,7.840055841924398,0.0
2019-12-16,62644.520833333336,70472.0,50564.0,4915.979166666667,328.0,41104.791666666664,10.4944587628866,2019,12,0,False,False,True,7.5055412371134,0.0
2019-12-17,61163.25,68124.0,50754.0,6948.291666666667,354.3541666666667,40722.9375,11.79544673539519,2019,12,1,False,False,True,6.20455326460481,0.0
2019-12-18,61595.833333333336,68393.0,50662.0,5657.875,663.1041666666666,44103.645833333336,10.342590206185568,2019,12,2,False,False,True,7.657409793814432,0.0
2019-12-19,60134.791666666664,66290.0,49943.0,10803.541666666666,372.8958333333333,44746.604166666664,11.798668384879727,2019,12,3,False,False,True,6.201331615120273,0.0
2019-12-20,58856.458333333336,64886.0,48530.0,10020.8125,350.1875,44108.916666666664,10.685073024054981,2019,12,4,False,False,True,7.314926975945019,0.0
2019-12-21,56222.395833333336,61700.0,48655.0,8842.708333333334,620.8333333333334,44286.25,9.097594501718213,2019,12,5,True,False,False,8.902405498281787,0.0
2019-12-22,54881.333333333336,61092.0,47085.0,10655.979166666666,435.75,40973.25,9.317031786941582,2019,12,6,True,False,False,8.682968213058418,0.0
2019-12-23,59111.729166666664,65077.0,49423.0,8756.0,567.8125,43261.958333333336,8.728350515463918,2019,12,0,False,False,True,9.271649484536082,0.0
2019-12-24,55739.541666666664,61001.0,48869.0,9851.8125,529.2083333333334,43857.75,10.015957903780068,2019,12,1,False,False,True,7.984042096219932,0.0
2019-12-25,50828.416666666664,57251.0,45071.0,3724.4583333333335,738.4375,42842.291666666664,8.724763745704468,2019,12,2,False,True,False,9.275236254295532,0.0
2019-12-26,57998.166666666664,64298.0,49332.0,5764.020833333333,555.0833333333334,46919.229166666664,6.949269759450172,2019,12,3,False,False,True,11.050730240549829,0.0
2019-12-27,57654.541666666664,63968.0,48789.0,4345.875,539.7916666666666,48098.25,8.648539518900344,2019,12,4,False,False,True,9.351460481099656,0.0
2019-12-28,56572.770833333336,63103.0,48281.0,2181.2083333333335,746.8333333333334,48992.875,6.678758591065294,2019,12,5,True,False,False,11.321241408934707,0.0
2019-12-29,59809.791666666664,66659.0,52578.0,2503.5208333333335,697.6666666666666,49102.833333333336,3.343621134020619,2019,12,6,True,False,False,14.65637886597938,0.0
2019-12-30,65938.83333333333,72250.0,57587.0,1983.1458333333333,932.8958333333334,49357.104166666664,2.9414089347079035,2019,12,0,False,False,True,15.058591065292097,0.0
2019-12-31,66632.5,72764.0,59151.0,1418.5625,714.875,49952.625,2.9787156357388316,2019,12,1,False,False,True,15.021284364261168,0.0
2020-01-01,60785.958333333336,67068.0,56432.0,1750.2916666666667,484.9166666666667,49635.979166666664,3.7854810996563577,2020,1,2,False,True,False,14.214518900343641,0.0
2020-01-02,64966.583333333336,72215.0,54590.0,3404.9375,471.8541666666667,50280.041666666664,5.292439862542955,2020,1,3,False,False,True,12.707560137457044,0.0
2020-01-03,63830.416666666664,69505.0,55044.0,7271.291666666667,381.125,49103.6875,7.979059278350515,2020,1,4,False,False,True,10.020940721649485,0.0
2020-01-04,60931.5625,66900.0,53583.0,3247.6458333333335,604.375,48255.104166666664,6.742117697594502,2020,1,5,True,False,False,11.257882302405498,0.0
2020-01-05,60551.5,68031.0,53849.0,1609.8958333333333,797.5,50006.729166666664,4.778758591065292,2020,1,6,True,False,False,13.22124140893471,0.0
2020-01-06,69904.625,78098.0,58669.0,4051.7291666666665,760.0,51969.645833333336,4.083376288659794,2020,1,0,False,False,True,13.916623711340206,0.0
2020-01-07,68540.1875,75290.0,58506.0,4119.0,414.8958333333333,52089.666666666664,7.072379725085911,2020,1,1,False,False,True,10.927620274914089,0.0
2020-01-08,65545.875,72002.0,55598.0,4286.916666666667,595.0416666666666,51929.458333333336,8.899634879725086,2020,1,2,False,False,True,9.100365120274914,0.0
2020-01-09,63750.770833333336,70869.0,53992.0,9540.166666666666,686.1458333333334,46154.583333333336,10.01879295532646,2020,1,3,False,False,True,7.981207044673541,0.0
2020-01-10,64752.520833333336,71760.0,53148.0,5294.166666666667,439.7708333333333,49671.041666666664,8.33292525773196,2020,1,4,False,False,True,9.66707474226804,0.0
2020-01-11,62084.729166666664,67832.0,54844.0,3453.0,863.3333333333334,52736.208333333336,5.441774054982818,2020,1,5,True,False,False,12.558225945017181,0.0
2020-01-12,61293.5625,67393.0,55249.0,5893.8125,796.4583333333334,52671.6875,5.204853951890035,2020,1,6,True,False,False,12.795146048109965,0.0
2020-01-13,67812.60416666667,76082.0,55606.0,6369.479166666667,653.0625,53970.1875,6.3099871134020615,2020,1,0,False,False,True,11.690012886597938,0.0
2020-01-14,67291.66666666667,73951.0,57816.0,12260.4375,620.75,49531.166666666664,9.242804982817871,2020,1,1,False,False,True,8.757195017182129,0.0
2020-01-15,65833.91666666667,73246.0,55362.0,9832.895833333334,529.0,49175.145833333336,9.733118556701031,2020,1,2,False,False,True,8.266881443298969,0.0
2020-01-16,64789.520833333336,72985.0,55945.0,6926.145833333333,890.75,49735.854166666664,8.815012886597938,2020,1,3,False,False,True,9.184987113402062,0.0
2020-01-17,64754.5625,72227.0,53250.0,8090.666666666667,347.9375,50264.645833333336,8.937091924398628,2020,1,4,False,False,True,9.062908075601372,0.0
2020-01-18,62903.041666666664,68402.0,55964.0,3274.0,827.2291666666666,48659.333333333336,5.274377147766324,2020,1,5,True,False,False,12.725622852233677,0.0
2020-01-19,63907.854166666664,71371.0,57093.0,5501.041666666667,900.25,49549.333333333336,4.049291237113402,2020,1,6,True,False,False,13.950708762886599,0.0
2020-01-20,73132.60416666667,82057.0,61236.0,5539.4375,796.0833333333334,50150.395833333336,3.2939432989690722,2020,1,0,False,False,True,14.706056701030928,0.0
2020-01-21,74866.66666666667,83007.0,64658.0,3181.2291666666665,638.1666666666666,51565.125,2.7055841924398623,2020,1,1,False,False,True,15.294415807560139,0.0
2020-01-22,75599.6875,83371.0,65488.0,4178.666666666667,531.2291666666666,52416.708333333336,2.8939218213058417,2020,1,2,False,False,True,15.106078178694158,0.0
2020-01-23,75191.10416666667,82781.0,64766.0,4447.645833333333,408.6875,51556.229166666664,4.270704467353951,2020,1,3,False,False,True,13.729295532646049,0.0
2020-01-24,73312.16666666667,81001.0,64100.0,1302.3541666666667,643.2708333333334,51032.916666666664,3.9916451890034366,2020,1,4,False,False,True,14.008354810996563,0.0
2020-01-25,66715.02083333333,72181.0,60391.0,1375.2708333333333,663.4791666666666,49701.1875,4.812714776632302,2020,1,5,True,False,False,13.187285223367699,0.0
2020-01-26,61810.583333333336,67832.0,55445.0,4119.020833333333,506.9166666666667,48511.916666666664,6.608505154639175,2020,1,6,True,False,False,11.391494845360825,0.0
2020-01-27,68214.3125,77041.0,55621.0,9246.708333333334,330.5833333333333,48771.541666666664,7.481765463917525,2020,1,0,False,False,True,10.518234536082474,0.0
2020-01-28,69240.27083333333,77987.0,57598.0,11765.708333333334,618.5833333333334,50120.0625,7.6303049828178695,2020,1,1,False,False,True,10.369695017182131,0.0
2020-01-29,68410.85416666667,75512.0,58738.0,6862.791666666667,769.25,47654.958333333336,7.212006013745704,2020,1,2,False,False,True,10.787993986254296,0.0
2020-01-30,67455.66666666667,73994.0,57900.0,8122.8125,443.9583333333333,50066.375,8.38840206185567,2020,1,3,False,False,True,9.61159793814433,0.0
2020-01-31,61826.208333333336,68148.0,52702.0,7118.604166666667,677.9583333333334,48616.125,11.423432130584194,2020,1,4,False,False,True,6.576567869415806,0.0
2020-02-01,55672.0,61521.0,48215.0,9718.333333333334,538.0625,45433.625,11.178135738831617,2020,2,5,True,False,False,6.821864261168383,0.0
2020-02-02,52669.6875,58720.0,45896.0,9726.0625,644.0,45607.8125,12.141945876288661,2020,2,6,True,False,False,5.858054123711339,0.0
2020-02-03,58398.354166666664,66384.0,46671.0,7944.083333333333,877.2916666666666,49856.354166666664,12.476353092783507,2020,2,0,False,False,True,5.523646907216493,0.0
2020-02-04,63533.375,73442.0,51027.0,10129.583333333334,966.2916666666666,51329.958333333336,8.204660652920962,2020,2,1,False,False,True,9.795339347079038,0.0
2020-02-05,66248.85416666667,74206.0,55689.0,2443.1041666666665,1222.0208333333333,53000.979166666664,6.182774914089347,2020,2,2,False,False,True,11.817225085910653,0.0
2020-02-06,68359.02083333333,77673.0,59669.0,3472.4375,1314.5625,51081.458333333336,4.555219072164949,2020,2,3,False,False,True,13.444780927835051,0.0
2020-02-07,68208.4375,78263.0,60734.0,4975.979166666667,1186.3541666666667,52146.791666666664,5.663530927835051,2020,2,4,False,False,True,12.336469072164949,0.0
2020-02-08,60175.75,65168.0,53931.0,4230.395833333333,845.7083333333334,51870.020833333336,7.944673539518901,2020,2,5,True,False,False,10.055326460481098,0.0
2020-02-09,57084.479166666664,62822.0,51282.0,11656.375,814.9166666666666,44662.645833333336,9.559256872852234,2020,2,6,True,False,False,8.440743127147766,0.0
2020-02-10,61772.958333333336,70672.0,49613.0,12052.416666666666,700.0416666666666,47036.666666666664,11.208719931271476,2020,2,0,False,False,True,6.791280068728524,0.0
2020-02-11,64842.0625,73716.0,53419.0,11625.979166666666,739.7291666666666,48390.5625,8.79660652920962,2020,2,1,False,False,True,9.20339347079038,0.0
2020-02-12,66509.47916666667,73895.0,57229.0,6909.0,1159.6041666666667,49989.041666666664,6.720146048109965,2020,2,2,False,False,True,11.279853951890036,0.0
2020-02-13,67225.72916666667,73907.0,57708.0,11440.645833333334,592.2708333333334,48869.416666666664,7.723861683848796,2020,2,3,False,False,True,10.276138316151204,0.0
2020-02-14,63440.020833333336,70971.0,54755.0,4832.708333333333,1148.2083333333333,50000.145833333336,8.904660652920962,2020,2,4,False,False,True,9.095339347079038,0.0
2020-02-15,57481.729166666664,62784.0,52552.0,8195.0,1332.7916666666667,47671.9375,9.043384879725085,2020,2,5,True,False,False,8.956615120274915,0.0
2020-02-16,52842.895833333336,58534.0,47048.0,12271.791666666666,837.5625,39582.229166666664,12.038122852233675,2020,2,6,True,False,False,5.961877147766325,0.0
2020-02-17,60800.8125,69792.0,47891.0,9332.125,532.8125,48007.791666666664,10.028329037800688,2020,2,0,False,False,True,7.971670962199312,0.0
2020-02-18,64212.666666666664,71281.0,55057.0,8721.145833333334,1298.5625,50086.020833333336,7.514841065292096,2020,2,1,False,False,True,10.485158934707904,0.0
2020-02-19,64832.270833333336,71531.0,55460.0,7034.895833333333,1076.1458333333333,49355.0625,7.638638316151202,2020,2,2,False,False,True,10.361361683848799,0.0
2020-02-20,63993.833333333336,70585.0,54737.0,8472.3125,1372.6041666666667,45439.5,8.19914089347079,2020,2,3,False,False,True,9.80085910652921,0.0
2020-02-21,64359.083333333336,72242.0,56371.0,5179.479166666667,1406.7916666666667,48317.3125,7.331271477663231,2020,2,4,False,False,True,10.66872852233677,0.0
2020-02-22,58595.020833333336,64391.0,52677.0,8440.604166666666,1574.8958333333333,43999.333333333336,7.864969931271477,2020,2,5,True,False,False,10.135030068728522,0.0
2020-02-23,53827.666666666664,59533.0,48472.0,10034.875,1284.6041666666667,42909.375,10.005906357388316,2020,2,6,True,False,False,7.994093642611684,0.0
2020-02-24,59050.0625,66290.0,48187.0,8285.75,1329.1666666666667,47197.791666666664,10.417332474226802,2020,2,0,False,False,True,7.582667525773198,0.0
2020-02-25,61552.75,70077.0,50200.0,10264.5625,787.3333333333334,46260.020833333336,9.07759879725086,2020,2,1,False,False,True,8.92240120274914,0.0
2020-02-26,66679.04166666667,74850.0,55857.0,9649.6875,1140.0625,47283.083333333336,6.082646048109965,2020,2,2,False,False,True,11.917353951890036,0.0
2020-02-27,68286.85416666667,75212.0,57843.0,9100.291666666666,526.0,45538.916666666664,6.156958762886598,2020,2,3,False,False,True,11.843041237113402,0.0
2020-02-28,67109.1875,74094.0,59365.0,7135.583333333333,1021.4791666666666,47144.75,6.613810137457045,2020,2,4,False,False,True,11.386189862542956,0.0
2020-02-29,58728.979166666664,64306.0,51812.0,12190.5,618.6041666666666,43432.416666666664,9.846971649484537,2020,2,5,True,False,False,8.153028350515463,0.0
2020-03-01,56973.270833333336,64614.0,50378.0,8909.791666666666,914.1875,41522.541666666664,8.380927835051546,2020,3,6,True,False,False,9.619072164948454,0.0
2020-03-02,64943.6875,74270.0,52554.0,7154.875,686.7083333333334,47312.4375,7.683676975945019,2020,3,0,False,False,True,10.31632302405498,0.0
2020-03-03,67779.25,74965.0,58355.0,3594.3125,706.1041666666666,47222.770833333336,5.929445876288661,2020,3,1,False,False,True,12.07055412371134,0.0
2020-03-04,67581.16666666667,74043.0,58773.0,4119.875,667.1458333333334,47267.1875,6.6033290378006875,2020,3,2,False,False,True,11.396670962199313,0.0
2020-03-05,65386.875,73254.0,54600.0,7791.604166666667,397.4375,45339.270833333336,9.077706185567012,2020,3,3,False,False,True,8.922293814432988,0.0
2020-03-06,66287.875,72598.0,57062.0,7067.208333333333,1009.1875,46142.083333333336,7.000343642611685,2020,3,4,False,False,True,10.999656357388314,0.0
2020-03-07,60446.145833333336,65994.0,55514.0,3653.2291666666665,1283.8541666666667,45002.854166666664,6.881486254295532,2020,3,5,True,False,False,11.118513745704469,0.0
2020-03-08,56522.666666666664,62907.0,51630.0,8606.458333333334,1141.8333333333333,42008.145833333336,8.457001718213057,2020,3,6,True,False,False,9.542998281786943,0.0
2020-03-09,62808.270833333336,70952.0,52171.0,6854.25,1268.0833333333333,45054.8125,8.307259450171824,2020,3,0,False,False,True,9.692740549828176,0.0
2020-03-10,63158.354166666664,69180.0,54394.0,11454.625,802.3125,44308.1875,9.925386597938147,2020,3,1,False,False,True,8.074613402061853,0.0
2020-03-11,58516.729166666664,64334.0,49986.0,9824.958333333334,1270.4791666666667,43318.270833333336,12.344179553264608,2020,3,2,False,False,True,5.655820446735392,0.0
2020-03-12,58289.791666666664,66098.0,48287.0,8390.979166666666,986.5208333333334,41105.979166666664,11.115442439862544,2020,3,3,False,False,True,6.884557560137456,0.0
2020-03-13,59280.8125,66524.0,51139.0,4792.520833333333,1685.75,41937.604166666664,8.772100515463915,2020,3,4,False,False,True,9.227899484536085,0.0
2020-03-14,54836.604166666664,59515.0,49618.0,3387.5208333333335,1437.1875,41856.083333333336,7.903135738831616,2020,3,5,True,False,False,10.096864261168385,0.0
2020-03-15,50592.0625,57480.0,44212.0,4661.458333333333,1744.0625,36552.8125,9.565871993127148,2020,3,6,True,False,False,8.434128006872852,0.0
2020-03-16,56022.729166666664,62151.0,46641.0,2598.4375,785.9583333333334,42609.229166666664,10.234128006872856,2020,3,0,False,False,True,7.765871993127144,0.0
2020-03-17,53727.020833333336,59048.0,48677.0,922.4791666666666,1157.5833333333333,42724.041666666664,10.575966494845362,2020,3,1,False,False,True,7.424033505154638,0.0
2020-03-18,49797.1875,54075.0,44600.0,750.8958333333334,1858.8541666666667,41282.75,11.16950171821306,2020,3,2,False,False,True,6.830498281786941,0.0
2020-03-19,47393.875,51919.0,42918.0,1665.4583333333333,1789.9166666666667,40987.291666666664,11.94390034364261,2020,3,3,False,False,True,6.0560996563573894,0.0
2020-03-20,46204.9375,51485.0,40501.0,4921.479166666667,1809.9166666666667,40368.3125,11.615743127147766,2020,3,4,False,False,True,6.384256872852234,0.0
2020-03-21,45778.0,52527.0,39892.0,7899.4375,1633.8541666666667,34322.875,9.758676975945015,2020,3,5,True,False,False,8.241323024054985,0.0
2020-03-22,46284.5625,52384.0,40838.0,8274.458333333334,1476.375,31927.458333333332,8.83668384879725,2020,3,6,True,False,False,9.16331615120275,0.0
2020-03-23,49762.6875,55151.0,44292.0,6991.8125,1489.7083333333333,38543.895833333336,8.45618556701031,2020,3,0,False,False,True,9.54381443298969,0.0
2020-03-24,50910.270833333336,56108.0,46162.0,5318.0625,1646.6666666666667,40743.104166666664,7.43024054982818,2020,3,1,False,False,True,10.56975945017182,0.0
2020-03-25,51864.041666666664,56981.0,46985.0,5042.645833333333,1999.9791666666667,41229.416666666664,6.559664948453609,2020,3,2,False,False,True,11.440335051546391,0.0
2020-03-26,52684.729166666664,58153.0,48152.0,5810.25,1828.5833333333333,40315.958333333336,6.174269759450173,2020,3,3,False,False,True,11.825730240549827,0.0
2020-03-27,51686.270833333336,56437.0,45694.0,3029.75,1878.9791666666667,39716.854166666664,7.630068728522337,2020,3,4,False,False,True,10.369931271477663,0.0
2020-03-28,47038.25,53705.0,41324.0,4929.395833333333,1984.9166666666667,36282.145833333336,9.641945876288661,2020,3,5,True,False,False,8.358054123711339,0.0
2020-03-29,48170.5625,56322.0,42214.0,11743.791666666666,1283.2708333333333,30485.1875,7.936168384879725,2020,3,6,True,False,False,10.063831615120275,0.0
2020-03-30,55293.916666666664,62024.0,48567.0,10112.125,1183.5833333333333,39211.604166666664,5.162908075601375,2020,3,0,False,False,True,12.837091924398624,0.0
2020-03-31,54105.604166666664,59109.0,47917.0,7188.854166666667,1835.4583333333333,39752.458333333336,6.841838487972508,2020,3,1,False,False,True,11.158161512027492,0.0
2020-04-01,52383.583333333336,57264.0,46171.0,3640.75,1795.6041666666667,41321.208333333336,7.619437285223368,2020,4,2,False,False,True,10.380562714776632,0.0
2020-04-02,51936.833333333336,57006.0,46759.0,2064.875,1784.125,42857.458333333336,7.5594072164948445,2020,4,3,False,False,True,10.440592783505156,0.0
2020-04-03,50226.8125,54878.0,45144.0,1527.3541666666667,2051.2291666666665,42238.291666666664,8.967396907216495,2020,4,4,False,False,True,9.032603092783505,0.0
2020-04-04,45688.979166666664,52756.0,39476.0,2405.3541666666665,2363.8125,40337.8125,10.405090206185568,2020,4,5,True,False,False,7.594909793814432,0.0
2020-04-05,41614.958333333336,48769.0,35998.0,6092.791666666667,2243.0,30560.0,12.707796391752577,2020,4,6,True,False,False,5.292203608247423,0.0
2020-04-06,44132.479166666664,49864.0,37316.0,4579.083333333333,1530.4791666666667,38273.5625,12.915270618556702,2020,4,0,False,False,True,5.084729381443298,0.0
2020-04-07,44202.791666666664,49426.0,38928.0,1955.3333333333333,1805.9583333333333,43089.145833333336,13.925386597938147,2020,4,1,False,False,True,4.074613402061853,0.0
2020-04-08,42825.75,48269.0,37302.0,1354.6041666666667,1938.75,42918.729166666664,14.905541237113404,2020,4,2,False,False,True,3.094458762886596,0.0
2020-04-09,41855.5625,47118.0,36272.0,1341.5,2272.8125,40650.958333333336,15.395296391752579,2020,4,3,False,False,True,2.604703608247421,0.0
2020-04-10,40639.770833333336,45966.0,35184.0,2468.3333333333335,2270.2916666666665,39181.270833333336,15.841795532646051,2020,4,4,False,False,True,2.158204467353949,0.0
2020-04-11,37964.666666666664,43844.0,33140.0,1364.5416666666667,2187.8125,36093.333333333336,15.58191580756014,2020,4,5,True,False,False,2.41808419243986,0.0
2020-04-12,36706.3125,42753.0,31592.0,1509.7916666666667,1769.5416666666667,34031.75,15.3240764604811,2020,4,6,True,False,False,2.6759235395189,0.0
2020-04-13,37767.041666666664,44136.0,31769.0,6767.166666666667,1358.6666666666667,27367.0,13.636855670103095,2020,4,0,False,True,False,4.363144329896905,0.0
2020-04-14,42746.916666666664,49383.0,35578.0,6062.708333333333,2430.0833333333335,37354.166666666664,11.059428694158074,2020,4,1,False,False,True,6.940571305841926,0.0
2020-04-15,43737.25,49285.0,38452.0,4675.895833333333,2205.5625,40340.645833333336,12.947036082474229,2020,4,2,False,False,True,5.052963917525771,0.0
2020-04-16,42550.333333333336,48578.0,36650.0,2840.0416666666665,1841.9583333333333,39711.833333333336,15.663079896907215,2020,4,3,False,False,True,2.336920103092785,0.0
2020-04-17,41283.6875,47297.0,35009.0,2030.9583333333333,1596.0208333333333,39737.145833333336,16.05790378006873,2020,4,4,False,False,True,1.942096219931269,0.0
2020-04-18,38085.770833333336,44078.0,32609.0,1129.75,1588.5833333333333,38078.520833333336,15.757603092783505,2020,4,5,True,False,False,2.242396907216495,0.0
2020-04-19,37287.625,44054.0,30935.0,2679.5833333333335,787.8125,32149.583333333332,14.578672680412371,2020,4,6,True,False,False,3.421327319587629,0.0
2020-04-20,41660.4375,48989.0,33347.0,5450.333333333333,899.8333333333334,32681.0625,15.183526632302405,2020,4,0,False,False,True,2.8164733676975953,0.0
2020-04-21,42581.645833333336,49153.0,35270.0,4737.833333333333,794.7291666666666,33874.104166666664,15.43483676975945,2020,4,1,False,False,True,2.5651632302405503,0.0
2020-04-22,42581.6875,48847.0,35878.0,3061.6458333333335,1170.1666666666667,36027.770833333336,15.641537800687285,2020,4,2,False,False,True,2.358462199312715,0.0
2020-04-23,42059.5,47960.0,35561.0,1135.0208333333333,1702.9791666666667,39069.416666666664,15.87852233676976,2020,4,3,False,False,True,2.1214776632302392,0.0
2020-04-24,41139.645833333336,46737.0,35258.0,868.1041666666666,1946.5,37616.208333333336,15.964282646048112,2020,4,4,False,False,True,2.0357173539518882,0.0
2020-04-25,37802.083333333336,43583.0,32709.0,1566.5416666666667,1930.6666666666667,34851.020833333336,15.370317869415809,2020,4,5,True,False,False,2.6296821305841913,0.0
2020-04-26,36834.833333333336,42454.0,31124.0,755.7083333333334,1847.2083333333333,34062.5,14.626997422680413,2020,4,6,True,False,False,3.3730025773195873,0.0
2020-04-27,41073.479166666664,47135.0,33416.0,1133.5208333333333,1272.0833333333333,35966.6875,15.22072594501718,2020,4,0,False,False,True,2.779274054982819,0.0
2020-04-28,42697.75,49467.0,35202.0,4916.479166666667,1364.3541666666667,36390.291666666664,14.198152920962197,2020,4,1,False,False,True,3.8018470790378025,0.0
2020-04-29,43602.6875,49892.0,36700.0,5942.520833333333,1685.5833333333333,35800.875,13.26681701030928,2020,4,2,False,False,True,4.73318298969072,0.0
2020-04-30,43987.458333333336,50526.0,36951.0,8670.104166666666,1337.7083333333333,34494.208333333336,12.82405498281787,2020,4,3,False,False,True,5.17594501718213,0.0
2020-05-01,39759.25,46060.0,33936.0,7371.020833333333,1013.8958333333334,29083.25,12.756829896907217,2020,5,4,False,True,False,5.243170103092783,0.0
2020-05-02,39857.583333333336,45379.0,34630.0,4069.2916666666665,1312.4583333333333,31597.8125,13.461125429553265,2020,5,5,True,False,False,4.538874570446735,0.0
2020-05-03,38463.979166666664,44646.0,32819.0,1645.1041666666667,1941.75,33630.208333333336,14.85895618556701,2020,5,6,True,False,False,3.14104381443299,0.0
2020-05-04,42135.3125,49286.0,34301.0,2004.2916666666667,2287.0833333333335,36531.75,16.473625429553262,2020,5,0,False,False,True,1.5263745704467375,0.0
2020-05-05,42716.395833333336,49662.0,35009.0,4459.666666666667,1868.2291666666667,36180.666666666664,15.6826675257732,2020,5,1,False,False,True,2.3173324742268004,0.0
2020-05-06,42312.333333333336,48363.0,35465.0,2049.375,2433.3541666666665,35227.708333333336,15.803758591065293,2020,5,2,False,False,True,2.196241408934707,0.0
2020-05-07,41799.125,47553.0,35291.0,1355.7291666666667,2407.1458333333335,34226.875,16.218320446735397,2020,5,3,False,False,True,1.7816795532646026,0.0
2020-05-08,37728.25,44033.0,32231.0,1848.3125,2027.9166666666667,36056.270833333336,17.594480240549828,2020,5,4,False,True,False,0.40551975945017205,0.0
2020-05-09,36990.6875,42567.0,31210.0,1664.6875,1698.0416666666667,33456.895833333336,17.83294673539519,2020,5,5,True,False,False,0.16705326460481018,0.0
2020-05-10,36296.291666666664,42547.0,29124.0,3177.125,857.7916666666666,31701.604166666668,16.765721649484533,2020,5,6,True,False,False,1.234278350515467,0.0
2020-05-11,43494.270833333336,51195.0,33234.0,10464.625,892.7291666666666,32434.166666666668,11.967418384879725,2020,5,0,False,False,True,6.032581615120275,0.0
2020-05-12,45779.520833333336,52191.0,38262.0,4080.7291666666665,1605.4375,36030.6875,10.504789518900342,2020,5,1,False,False,True,7.495210481099658,0.0
2020-05-13,46562.166666666664,53184.0,38546.0,5159.583333333333,1102.4375,36122.291666666664,11.912521477663232,2020,5,2,False,False,True,6.0874785223367684,0.0
2020-05-14,46703.291666666664,53030.0,39182.0,7983.854166666667,1502.25,36338.729166666664,12.223689862542955,2020,5,3,False,False,True,5.776310137457045,0.0
2020-05-15,45529.145833333336,51803.0,39198.0,4935.8125,1946.2083333333333,35629.104166666664,13.000193298969073,2020,5,4,False,False,True,4.999806701030927,0.0
2020-05-16,40527.9375,46389.0,36058.0,2275.5625,2067.1875,31132.520833333332,14.146563573883162,2020,5,5,True,False,False,3.853436426116838,0.0
2020-05-17,37860.979166666664,44304.0,32621.0,2249.9166666666665,2431.125,28521.625,14.95270618556701,2020,5,6,True,False,False,3.04729381443299,0.0
2020-05-18,42531.3125,49099.0,33866.0,1984.9791666666667,2602.2708333333335,35564.479166666664,16.560760309278354,2020,5,0,False,False,True,1.4392396907216458,0.0
2020-05-19,42898.666666666664,49122.0,35010.0,2816.0833333333335,2605.875,36607.604166666664,17.99989261168385,2020,5,1,False,False,True,0.0001073883161488709,0.0
2020-05-20,42611.5625,49311.0,34564.0,2076.4583333333335,2611.125,35729.604166666664,19.82014604810997,2020,5,2,False,False,True,0.0,0.0
2020-05-21,38090.020833333336,44047.0,31622.0,1065.5,2493.1875,32892.4375,21.141408934707908,2020,5,3,False,True,False,0.0,0.0
2020-05-22,39659.458333333336,45982.0,32299.0,3149.7916666666665,2192.2291666666665,32819.041666666664,20.324699312714774,2020,5,4,False,False,True,0.0,0.0
2020-05-23,37610.5,43703.0,31321.0,4266.666666666667,1377.7916666666667,28225.125,16.218191580756017,2020,5,5,True,False,False,1.7818084192439834,0.0
2020-05-24,35793.895833333336,41875.0,29772.0,2584.1041666666665,2386.2916666666665,25334.333333333332,15.331292955326461,2020,5,6,True,False,False,2.668707044673539,0.0
2020-05-25,41626.5,48846.0,32071.0,2238.1666666666665,2582.3958333333335,32754.4375,17.499334192439864,2020,5,0,False,False,True,0.5006658075601358,0.0
2020-05-26,42838.1875,49555.0,34222.0,3586.1041666666665,2650.7291666666665,34740.645833333336,19.001847079037805,2020,5,1,False,False,True,0.0,0.0
2020-05-27,42803.895833333336,49733.0,34206.0,3418.125,2565.75,34387.1875,19.489390034364263,2020,5,2,False,False,True,0.0,0.0
2020-05-28,42907.729166666664,49641.0,34177.0,4014.9791666666665,2614.5833333333335,33791.395833333336,19.262113402061853,2020,5,3,False,False,True,0.0,0.0
2020-05-29,42270.020833333336,48999.0,34264.0,4705.8125,2526.2708333333335,34473.583333333336,19.457452749140895,2020,5,4,False,False,True,0.0,0.0
2020-05-30,37982.458333333336,43765.0,31881.0,3469.7916666666665,2526.2291666666665,30997.25,19.061619415807563,2020,5,5,True,False,False,0.0,0.0
2020-05-31,35618.708333333336,41829.0,29380.0,4418.791666666667,2394.8958333333335,27068.145833333332,19.296821305841927,2020,5,6,True,False,False,0.0,0.0
2020-06-01,37393.8125,43657.0,30362.0,3162.1666666666665,2123.125,30790.708333333332,20.065420962199312,2020,6,0,False,True,False,0.0,0.0
2020-06-02,42894.25,50546.0,32487.0,1159.4583333333333,2408.0833333333335,34772.25,20.927018900343647,2020,6,1,False,False,True,0.0,0.0
2020-06-03,43628.645833333336,50901.0,34499.0,1544.6875,1903.1041666666667,34599.75,19.80453178694158,2020,6,2,False,False,True,0.0,0.0
2020-06-04,43693.729166666664,51421.0,34477.0,3087.9791666666665,1329.8541666666667,35125.833333333336,16.30457474226804,2020,6,3,False,False,True,1.6954252577319586,0.0
2020-06-05,43366.583333333336,50706.0,34756.0,7467.666666666667,1481.6041666666667,34028.0625,15.04031357388316,2020,6,4,False,False,True,2.959686426116839,0.0
2020-06-06,38775.645833333336,45090.0,32323.0,6128.625,1813.8958333333333,26514.416666666668,15.807109106529213,2020,6,5,True,False,False,2.1928908934707874,0.0
2020-06-07,36911.958333333336,43320.0,30361.0,1956.8333333333333,1909.0625,28265.020833333332,15.143470790378005,2020,6,6,True,False,False,2.8565292096219945,0.0
2020-06-08,42930.354166666664,50573.0,32565.0,2485.8333333333335,2028.1041666666667,31096.375,15.320983676975946,2020,6,0,False,False,True,2.6790163230240545,0.0
2020-06-09,44508.229166666664,52105.0,35004.0,2777.9791666666665,1796.5416666666667,31640.083333333332,14.66252147766323,2020,6,1,False,False,True,3.3374785223367702,0.0
2020-06-10,44770.270833333336,52263.0,35433.0,1270.5416666666667,1707.5208333333333,32033.479166666668,15.201589347079038,2020,6,2,False,False,True,2.7984106529209622,0.0
2020-06-11,44800.833333333336,52032.0,35489.0,2405.125,1380.75,30900.875,15.96778350515464,2020,6,3,False,False,True,2.0322164948453594,0.0
2020-06-12,44240.125,51854.0,35353.0,4034.1875,1592.8333333333333,30453.104166666668,16.83936855670103,2020,6,4,False,False,True,1.1606314432989713,0.0
2020-06-13,39364.958333333336,46138.0,32768.0,3055.0625,1652.375,27890.333333333332,17.146026632302405,2020,6,5,True,False,False,0.8539733676975949,0.0
2020-06-14,37228.020833333336,43532.0,30375.0,2528.8541666666665,2177.5625,27581.75,17.568857388316154,2020,6,6,True,False,False,0.43114261168384616,0.0
2020-06-15,43267.208333333336,51183.0,32534.0,2089.2708333333335,2080.6458333333335,29690.1875,17.97377577319588,2020,6,0,False,False,True,0.026224226804121287,0.0
2020-06-16,44451.708333333336,52079.0,34792.0,1310.5833333333333,1822.6666666666667,28343.083333333332,17.703737113402063,2020,6,1,False,False,True,0.29626288659793687,0.0
2020-06-17,44500.791666666664,52080.0,34953.0,1198.2708333333333,1904.7291666666667,29480.875,16.905906357388314,2020,6,2,False,False,True,1.0940936426116856,0.0
2020-06-18,44550.5625,51940.0,35242.0,1726.1041666666667,1959.3125,30259.604166666668,16.55339347079038,2020,6,3,False,False,True,1.446606529209621,0.0
2020-06-19,43854.666666666664,51423.0,35076.0,1744.7916666666667,2225.2083333333335,30391.541666666668,16.978565292096217,2020,6,4,False,False,True,1.0214347079037829,0.0
2020-06-20,39341.5,45794.0,32486.0,851.7291666666666,2413.2916666666665,29307.479166666668,18.528715635738834,2020,6,5,True,False,False,0.0,0.0
2020-06-21,37086.895833333336,43228.0,29947.0,3335.0625,2240.0833333333335,28547.979166666668,19.117611683848796,2020,6,6,True,False,False,0.0,0.0
2020-06-22,43589.041666666664,51266.0,32421.0,1492.8125,2568.4583333333335,29329.4375,19.578393470790378,2020,6,0,False,False,True,0.0,0.0
2020-06-23,45050.229166666664,52285.0,34758.0,2144.75,2710.2291666666665,27690.291666666668,21.675107388316153,2020,6,1,False,False,True,0.0,0.0
2020-06-24,45914.729166666664,53968.0,35104.0,3527.5,2626.5625,27060.625,24.046241408934705,2020,6,2,False,False,True,0.0,0.046241408934704964
2020-06-25,46564.458333333336,54347.0,35623.0,2200.4583333333335,2441.125,28312.708333333332,24.510588487972512,2020,6,3,False,False,True,0.0,0.5105884879725124
2020-06-26,45452.75,53206.0,35898.0,2733.3125,1927.0,28195.479166666668,23.18457903780069,2020,6,4,False,False,True,0.0,0.0
2020-06-27,40009.854166666664,46328.0,33081.0,5270.125,2041.0625,27936.3125,21.530262027491407,2020,6,5,True,False,False,0.0,0.0
2020-06-28,37856.4375,43923.0,30803.0,4069.2083333333335,1672.2291666666667,25712.5,20.34991408934708,2020,6,6,True,False,False,0.0,0.0
2020-06-29,44058.166666666664,51693.0,32964.0,4512.666666666667,2087.2916666666665,26593.395833333332,19.376095360824742,2020,6,0,False,False,True,0.0,0.0
2020-06-30,45217.4375,52347.0,35183.0,3894.2708333333335,2275.5208333333335,25893.0,19.96372422680413,2020,6,1,False,False,True,0.0,0.0
2020-07-01,45885.020833333336,53725.0,35757.0,3512.75,1675.75,26639.229166666668,21.11417525773196,2020,7,2,False,False,True,0.0,0.0
2020-07-02,45685.791666666664,52960.0,35908.0,3586.6458333333335,1575.4791666666667,27396.291666666668,19.696477663230244,2020,7,3,False,False,True,0.0,0.0
2020-07-03,44810.520833333336,52093.0,35694.0,3146.3958333333335,2216.2083333333335,29024.8125,18.655455326460483,2020,7,4,False,False,True,0.0,0.0
2020-07-04,40295.979166666664,46452.0,33184.0,6390.25,2385.9375,25848.145833333332,19.926632302405498,2020,7,5,True,False,False,0.0,0.0
2020-07-05,38564.666666666664,44910.0,31410.0,7173.458333333333,2164.5833333333335,22142.854166666668,21.599806701030932,2020,7,6,True,False,False,0.0,0.0
2020-07-06,44645.458333333336,52440.0,33682.0,5026.958333333333,2442.8958333333335,27373.604166666668,19.430841924398624,2020,7,0,False,False,True,0.0,0.0
2020-07-07,45843.270833333336,52969.0,35840.0,1841.0416666666667,2681.0416666666665,29498.208333333332,19.029145189003437,2020,7,1,False,False,True,0.0,0.0
2020-07-08,46453.0,54058.0,36183.0,2246.0208333333335,2583.8541666666665,29523.791666666668,20.843427835051543,2020,7,2,False,False,True,0.0,0.0
2020-07-09,47202.520833333336,54749.0,36681.0,2419.7708333333335,2546.9791666666665,29313.229166666668,22.994866838487972,2020,7,3,False,False,True,0.0,0.0
2020-07-10,46288.4375,53942.0,37151.0,3287.7083333333335,1902.9166666666667,29416.8125,21.200236254295532,2020,7,4,False,False,True,0.0,0.0
2020-07-11,40725.375,46637.0,34158.0,2460.0625,2605.2291666666665,28586.770833333332,19.937328178694155,2020,7,5,True,False,False,0.0,0.0
2020-07-12,38254.5,45201.0,31414.0,3069.4166666666665,2511.7291666666665,27034.104166666668,20.471885738831617,2020,7,6,True,False,False,0.0,0.0
2020-07-13,42454.895833333336,49870.0,33116.0,2218.6458333333335,2590.9166666666665,30049.791666666668,21.614776632302405,2020,7,0,False,False,True,0.0,0.0
2020-07-14,40057.645833333336,45993.0,33117.0,1974.7291666666667,2222.5416666666665,30870.0,20.506679553264604,2020,7,1,False,True,False,0.0,0.0
2020-07-15,45087.854166666664,52821.0,34629.0,1720.0625,1559.7708333333333,32002.916666666668,18.95577749140893,2020,7,2,False,False,True,0.0,0.0
2020-07-16,45934.479166666664,53071.0,36321.0,1862.375,1527.9166666666667,32400.333333333332,18.986512027491408,2020,7,3,False,False,True,0.0,0.0
2020-07-17,45792.0,53008.0,36809.0,1701.125,1951.8333333333333,32808.708333333336,20.507903780068734,2020,7,4,False,False,True,0.0,0.0
2020-07-18,41063.25,47000.0,34203.0,1088.0416666666667,2573.5416666666665,31912.1875,21.660867697594508,2020,7,5,True,False,False,0.0,0.0
2020-07-19,38785.125,45220.0,31411.0,963.5416666666666,2591.625,31621.25,22.319437285223366,2020,7,6,True,False,False,0.0,0.0
2020-07-20,45373.604166666664,53475.0,33695.0,2832.5208333333335,2453.5,33083.166666666664,22.579424398625427,2020,7,0,False,False,True,0.0,0.0
2020-07-21,46638.604166666664,53780.0,36503.0,3220.3958333333335,2380.4791666666665,33025.791666666664,22.308956185567013,2020,7,1,False,False,True,0.0,0.0
2020-07-22,46569.416666666664,53762.0,36496.0,2326.6041666666665,2097.3958333333335,32980.125,22.15620704467354,2020,7,2,False,False,True,0.0,0.0
2020-07-23,46757.5,54334.0,36533.0,1034.9375,2147.2083333333335,32711.854166666668,22.723625429553262,2020,7,3,False,False,True,0.0,0.0
2020-07-24,45892.166666666664,53311.0,36674.0,2010.8958333333333,2410.0208333333335,33473.583333333336,22.318878865979382,2020,7,4,False,False,True,0.0,0.0
2020-07-25,40974.9375,47051.0,34057.0,2970.0833333333335,2206.3125,31610.5,22.18393470790378,2020,7,5,True,False,False,0.0,0.0
2020-07-26,38579.5,44820.0,31668.0,3306.0625,2138.9375,29560.625,22.05524054982818,2020,7,6,True,False,False,0.0,0.0
2020-07-27,45108.6875,52922.0,33459.0,4564.4375,2454.3125,30495.583333333332,23.701267182130586,2020,7,0,False,False,True,0.0,0.0
2020-07-28,45932.75,52701.0,36312.0,3973.2083333333335,1779.3541666666667,31157.291666666668,22.463573883161516,2020,7,1,False,False,True,0.0,0.0
2020-07-29,46025.229166666664,53037.0,36113.0,1010.8541666666666,2434.9583333333335,32140.479166666668,22.011963058419244,2020,7,2,False,False,True,0.0,0.0
2020-07-30,46744.833333333336,54099.0,36235.0,1555.7291666666667,2419.1875,31892.020833333332,24.933569587628863,2020,7,3,False,False,True,0.0,0.9335695876288632
2020-07-31,46518.354166666664,54499.0,36672.0,2952.9791666666665,2256.0208333333335,31247.3125,27.516988831615123,2020,7,4,False,False,True,0.0,3.516988831615123
2020-08-01,41343.291666666664,47449.0,34531.0,2257.5,1975.5625,30107.6875,25.03369845360825,2020,8,5,True,False,False,0.0,1.033698453608249
2020-08-02,37869.479166666664,43349.0,31535.0,2923.2916666666665,1894.125,30305.375,21.991967353951893,2020,8,6,True,False,False,0.0,0.0
2020-08-03,41414.458333333336,48574.0,32209.0,3026.4583333333335,1952.3333333333333,31354.979166666668,19.8125,2020,8,0,False,False,True,0.0,0.0
2020-08-04,41911.166666666664,48525.0,33152.0,1940.7083333333333,2566.1041666666665,31288.145833333332,19.408268900343643,2020,8,1,False,False,True,0.0,0.0
2020-08-05,42316.8125,49132.0,33220.0,1299.8125,2634.5625,31270.583333333332,21.692310996563574,2020,8,2,False,False,True,0.0,0.0
2020-08-06,43091.375,50128.0,33279.0,840.7708333333334,2565.6458333333335,30865.5625,24.106185567010314,2020,8,3,False,False,True,0.0,0.10618556701031423
2020-08-07,43777.958333333336,50972.0,33857.0,1407.2083333333333,2459.875,31249.4375,26.56301546391753,2020,8,4,False,False,True,0.0,2.56301546391753
2020-08-08,40801.854166666664,46686.0,33132.0,1001.875,2329.9375,30948.479166666668,26.858634020618556,2020,8,5,True,False,False,0.0,2.858634020618556
2020-08-09,39131.416666666664,45197.0,31964.0,1538.0208333333333,2077.0208333333335,31586.354166666668,27.657195017182136,2020,8,6,True,False,False,0.0,3.6571950171821364
2020-08-10,43342.583333333336,50929.0,33220.0,1325.8958333333333,1904.3125,31632.375,26.872315292096218,2020,8,0,False,False,True,0.0,2.872315292096218
2020-08-11,44268.5,51736.0,34632.0,898.3541666666666,2015.1041666666667,32617.833333333332,27.251546391752576,2020,8,1,False,False,True,0.0,3.2515463917525764
2020-08-12,43891.020833333336,51297.0,34818.0,1906.625,1588.375,32386.833333333332,26.29263316151203,2020,8,2,False,False,True,0.0,2.292633161512029
2020-08-13,42655.833333333336,49719.0,34074.0,2192.5,1418.2916666666667,32907.479166666664,23.877426975945017,2020,8,3,False,False,True,0.0,0.0
2020-08-14,41971.458333333336,48828.0,33490.0,1667.25,2012.4791666666667,32811.458333333336,22.34920532646048,2020,8,4,False,False,True,0.0,0.0
2020-08-15,38407.416666666664,44193.0,31947.0,520.3958333333334,2180.3958333333335,29701.1875,22.83511597938145,2020,8,5,True,True,False,0.0,0.0
2020-08-16,36701.8125,42351.0,30512.0,1511.2083333333333,1751.7708333333333,30094.041666666668,21.81578608247423,2020,8,6,True,False,False,0.0,0.0
2020-08-17,41094.0625,48412.0,31406.0,2124.0833333333335,1766.4583333333333,30893.3125,20.868449312714777,2020,8,0,False,False,True,0.0,0.0
2020-08-18,42435.916666666664,49397.0,33292.0,1199.1875,1960.8958333333333,31708.916666666668,21.599548969072167,2020,8,1,False,False,True,0.0,0.0
2020-08-19,43203.75,50293.0,33740.0,2854.9583333333335,2024.1875,32073.4375,22.8768470790378,2020,8,2,False,False,True,0.0,0.0
2020-08-20,44354.458333333336,51563.0,34543.0,3389.5208333333335,2165.9583333333335,32103.895833333332,25.057044673539515,2020,8,3,False,False,True,0.0,1.0570446735395151
2020-08-21,44423.166666666664,51951.0,35327.0,6195.3125,1853.5625,31814.208333333332,25.029875429553268,2020,8,4,False,False,True,0.0,1.0298754295532682
2020-08-22,40144.541666666664,46060.0,33688.0,6033.625,1975.9375,29366.5,22.029660652920967,2020,8,5,True,False,False,0.0,0.0
2020-08-23,37516.5625,43165.0,31396.0,4444.0625,2018.6666666666667,27917.3125,20.379252577319587,2020,8,6,True,False,False,0.0,0.0
2020-08-24,42969.8125,50630.0,32302.0,1986.6458333333333,2174.8541666666665,30993.229166666668,19.634793814432992,2020,8,0,False,False,True,0.0,0.0
2020-08-25,44886.020833333336,52034.0,34751.0,6417.416666666667,2168.7083333333335,29572.208333333332,21.010223367697595,2020,8,1,False,False,True,0.0,0.0
2020-08-26,45383.1875,52357.0,36048.0,7274.604166666667,2004.9166666666667,29445.25,21.416258591065297,2020,8,2,False,False,True,0.0,0.0
2020-08-27,45373.25,52391.0,35629.0,3035.8541666666665,2119.4166666666665,29893.666666666668,20.78125,2020,8,3,False,False,True,0.0,0.0
2020-08-28,44484.8125,52047.0,35743.0,5272.020833333333,1139.25,29888.479166666668,19.104789518900343,2020,8,4,False,False,True,0.0,0.0
2020-08-29,39279.229166666664,45510.0,33006.0,3109.0833333333335,1289.0,28380.520833333332,16.43919673539519,2020,8,5,True,False,False,1.560803264604811,0.0
2020-08-30,37415.708333333336,43912.0,30754.0,3483.125,1615.8541666666667,28227.666666666668,15.984493127147768,2020,8,6,True,False,False,2.0155068728522316,0.0
2020-08-31,43684.520833333336,51136.0,32270.0,1948.125,1923.9791666666667,29177.625,16.545940721649487,2020,8,0,False,False,True,1.4540592783505133,0.0
2020-09-01,45057.979166666664,51746.0,35131.0,1418.6666666666667,2108.5208333333335,28315.770833333332,16.728758591065294,2020,9,1,False,False,True,1.2712414089347064,0.0
2020-09-02,45168.708333333336,52180.0,35221.0,1129.9375,2295.5416666666665,28521.958333333332,17.109235395189003,2020,9,2,False,False,True,0.8907646048109967,0.0
2020-09-03,45610.020833333336,52187.0,35542.0,1948.3541666666667,2257.4791666666665,29154.875,19.29293384879725,2020,9,3,False,False,True,0.0,0.0
2020-09-04,45439.979166666664,52579.0,35452.0,1424.8125,2266.5,28805.833333333332,20.953543814432994,2020,9,4,False,False,True,0.0,0.0
2020-09-05,40040.9375,46294.0,33290.0,2126.5833333333335,1996.6458333333333,28041.916666666668,19.485115979381444,2020,9,5,True,False,False,0.0,0.0
2020-09-06,37856.958333333336,44243.0,31246.0,1621.8125,1723.875,27157.854166666668,17.35547680412371,2020,9,6,True,False,False,0.6445231958762889,0.0
2020-09-07,44196.104166666664,51335.0,32830.0,1742.1458333333333,2157.3125,28972.25,17.316473367697593,2020,9,0,False,False,True,0.6835266323024065,0.0
2020-09-08,45635.958333333336,52283.0,35287.0,937.2291666666666,2167.0208333333335,29890.916666666668,19.176374570446733,2020,9,1,False,False,True,0.0,0.0
2020-09-09,45911.979166666664,53221.0,35570.0,1029.1458333333333,1674.6041666666667,29608.666666666668,20.279080756013748,2020,9,2,False,False,True,0.0,0.0
2020-09-10,46015.666666666664,52834.0,35511.0,1271.7708333333333,1605.8125,29380.520833333332,20.65337199312715,2020,9,3,False,False,True,0.0,0.0
2020-09-11,45490.166666666664,52636.0,35670.0,936.6458333333334,1934.8125,29512.520833333332,20.871155498281787,2020,9,4,False,False,True,0.0,0.0
2020-09-12,40501.583333333336,46782.0,33521.0,1015.125,2137.1041666666665,28532.4375,20.159278350515468,2020,9,5,True,False,False,0.0,0.0
2020-09-13,38471.270833333336,44366.0,31714.0,872.4583333333334,2162.25,29568.5,21.43322594501718,2020,9,6,True,False,False,0.0,0.0
2020-09-14,45447.125,53292.0,32838.0,2016.6666666666667,2076.4791666666665,29093.979166666668,23.52242268041237,2020,9,0,False,False,True,0.0,0.0
2020-09-15,46835.104166666664,54346.0,35415.0,1542.75,1778.0416666666667,29055.520833333332,23.83204467353952,2020,9,1,False,False,True,0.0,0.0
2020-09-16,47122.8125,54491.0,36111.0,1722.4791666666667,1881.8333333333333,29309.958333333332,23.179639175257737,2020,9,2,False,False,True,0.0,0.0
2020-09-17,46507.833333333336,53197.0,36246.0,5731.395833333333,1975.8125,29939.416666666668,22.379510309278352,2020,9,3,False,False,True,0.0,0.0
2020-09-18,45791.208333333336,52847.0,35648.0,5336.604166666667,1350.3541666666667,29487.270833333332,22.043857388316148,2020,9,4,False,False,True,0.0,0.0
2020-09-19,40958.875,47314.0,33852.0,3298.0208333333335,1199.0416666666667,29164.041666666668,22.230863402061853,2020,9,5,True,False,False,0.0,0.0
2020-09-20,38221.333333333336,44383.0,31445.0,1226.7291666666667,1233.9583333333333,28712.645833333332,20.240335051546392,2020,9,6,True,False,False,0.0,0.0
2020-09-21,44417.6875,51600.0,32721.0,738.0,1242.8125,31342.854166666668,19.19196735395189,2020,9,0,False,False,True,0.0,0.0
2020-09-22,45321.791666666664,51972.0,34961.0,888.6458333333334,1052.25,31511.0,18.316408934707905,2020,9,1,False,False,True,0.0,0.0
2020-09-23,45519.0,52518.0,35083.0,4344.208333333333,1487.8333333333333,31664.875,18.438165807560136,2020,9,2,False,False,True,0.0,0.0
2020-09-24,45823.3125,52170.0,35530.0,6882.6875,1017.2083333333334,31621.5625,16.346176975945017,2020,9,3,False,False,True,1.653823024054983,0.0
2020-09-25,46359.020833333336,53345.0,36266.0,10762.708333333334,1186.2083333333333,32073.541666666668,12.606486254295532,2020,9,4,False,False,True,5.3935137457044675,0.0
2020-09-26,42938.291666666664,49643.0,35229.0,10110.625,1111.1041666666667,30973.5625,11.310738831615117,2020,9,5,True,False,False,6.689261168384883,0.0
2020-09-27,42954.229166666664,50327.0,34742.0,9467.770833333334,890.5416666666666,30751.979166666668,11.382538659793813,2020,9,6,True,False,False,6.617461340206187,0.0
2020-09-28,49688.979166666664,57553.0,37135.0,4061.0,1247.8541666666667,34129.979166666664,13.086554982817868,2020,9,0,False,False,True,4.9134450171821324,0.0
2020-09-29,49860.854166666664,56497.0,39221.0,1504.8958333333333,1293.7916666666667,35394.208333333336,14.431507731958764,2020,9,1,False,False,True,3.5684922680412363,0.0
2020-09-30,48813.958333333336,55098.0,38695.0,2017.875,1654.5833333333333,35403.145833333336,15.039497422680412,2020,9,2,False,False,True,2.9605025773195877,0.0
2020-10-01,49142.5625,55666.0,38176.0,5169.145833333333,948.1458333333334,35422.229166666664,14.433762886597938,2020,10,3,False,False,True,3.566237113402062,0.0
2020-10-02,50207.1875,57580.0,39236.0,6513.1875,525.4166666666666,35038.375,13.344759450171821,2020,10,4,False,False,True,4.655240549828179,0.0
2020-10-03,46057.3125,52762.0,38362.0,4675.479166666667,809.8958333333334,32231.354166666668,12.031529209621993,2020,10,5,True,False,False,5.9684707903780065,0.0
2020-10-04,44586.354166666664,51408.0,37443.0,9909.8125,965.0833333333334,30447.833333333332,12.417246563573885,2020,10,6,True,False,False,5.582753436426115,0.0
2020-10-05,51940.041666666664,59212.0,39690.0,9729.833333333334,1019.6666666666666,34928.5625,12.60968642611684,2020,10,0,False,False,True,5.3903135738831605,0.0
2020-10-06,52513.625,58915.0,41658.0,10712.520833333334,618.0,36132.458333333336,13.988552405498282,2020,10,1,False,False,True,4.011447594501718,0.0
2020-10-07,51447.125,58099.0,41167.0,6474.25,1273.8958333333333,36885.5,14.227426975945017,2020,10,2,False,False,True,3.7725730240549833,0.0
2020-10-08,50622.0,56494.0,40656.0,7152.8125,1303.4375,37195.229166666664,15.280004295532647,2020,10,3,False,False,True,2.719995704467353,0.0
2020-10-09,49449.229166666664,56098.0,39369.0,2771.6875,1117.375,37550.3125,14.76069587628866,2020,10,4,False,False,True,3.2393041237113405,0.0
2020-10-10,45274.708333333336,51406.0,38015.0,3399.7916666666665,1358.75,36985.9375,12.709063573883164,2020,10,5,True,False,False,5.290936426116836,0.0
2020-10-11,45020.270833333336,52193.0,37786.0,3808.1875,1180.375,37195.604166666664,10.505798969072165,2020,10,6,True,False,False,7.494201030927835,0.0
2020-10-12,53314.708333333336,60922.0,41091.0,2365.8333333333335,1297.5416666666667,38378.854166666664,10.12841494845361,2020,10,0,False,False,True,7.87158505154639,0.0
2020-10-13,55079.458333333336,62108.0,43830.0,3389.4166666666665,987.0833333333334,39200.0625,10.22319587628866,2020,10,1,False,False,True,7.77680412371134,0.0
2020-10-14,56000.916666666664,62983.0,45257.0,3774.7708333333335,1076.8125,39482.520833333336,9.731851374570446,2020,10,2,False,False,True,8.268148625429554,0.0
2020-10-15,57264.895833333336,64611.0,45822.0,4515.333333333333,1043.4791666666667,39955.875,9.299720790378005,2020,10,3,False,False,True,8.700279209621995,0.0
2020-10-16,56934.0,64282.0,46833.0,2463.9166666666665,990.5,40325.791666666664,9.85272766323024,2020,10,4,False,False,True,8.14727233676976,0.0
2020-10-17,51106.875,56849.0,43963.0,676.1666666666666,1324.5625,40388.479166666664,10.013702749140892,2020,10,5,True,False,False,7.986297250859108,0.0
2020-10-18,48860.395833333336,54418.0,43143.0,652.3958333333334,1649.9791666666667,40125.625,9.727963917525775,2020,10,6,True,False,False,8.272036082474225,0.0
2020-10-19,55263.5625,63665.0,44627.0,4258.5625,1408.0208333333333,40394.5625,10.474548969072167,2020,10,0,False,False,True,7.525451030927833,0.0
2020-10-20,54488.0,61050.0,44474.0,9128.854166666666,547.2708333333334,38920.25,14.117890893470792,2020,10,1,False,False,True,3.8821091065292084,0.0
2020-10-21,51826.5,58077.0,42523.0,10672.6875,984.9166666666666,38778.666666666664,16.76181271477663,2020,10,2,False,False,True,1.2381872852233684,0.0
2020-10-22,50918.770833333336,57369.0,40849.0,4355.395833333333,599.5416666666666,38335.541666666664,16.00887027491409,2020,10,3,False,False,True,1.9911297250859086,0.0
2020-10-23,50456.895833333336,57716.0,40461.0,3358.875,630.0625,38386.333333333336,14.700000000000001,2020,10,4,False,False,True,3.299999999999999,0.0
2020-10-24,46139.895833333336,51817.0,39108.0,9009.229166666666,1073.8958333333333,38549.979166666664,13.913616838487972,2020,10,5,True,False,False,4.086383161512028,0.0
2020-10-25,45490.916666666664,52311.0,37778.0,7338.979166666667,590.1041666666666,34644.770833333336,13.309385738831615,2020,10,6,True,False,False,4.690614261168385,0.0
2020-10-26,53965.1875,63202.0,41664.0,7219.916666666667,913.3125,40408.791666666664,10.692740549828178,2020,10,0,False,False,True,7.307259450171822,0.0
2020-10-27,56332.75,64363.0,46027.0,8261.479166666666,836.3541666666666,40188.770833333336,10.820790378006876,2020,10,1,False,False,True,7.179209621993124,0.0
2020-10-28,55118.083333333336,62698.0,45175.0,9606.583333333334,826.3333333333334,39940.5,12.532195017182131,2020,10,2,False,False,True,5.467804982817869,0.0
2020-10-29,53865.375,59282.0,44675.0,7441.229166666667,932.0,39898.875,12.99020618556701,2020,10,3,False,False,True,5.0097938144329905,0.0
2020-10-30,51862.979166666664,57777.0,43362.0,4926.125,1256.6875,40361.333333333336,13.280713058419245,2020,10,4,False,False,True,4.719286941580755,0.0
2020-10-31,47067.729166666664,52837.0,41028.0,5850.479166666667,1266.8541666666667,39247.666666666664,12.57225085910653,2020,10,5,True,False,False,5.42774914089347,0.0
2020-11-01,44741.0,51445.0,37870.0,9819.895833333334,753.0,37185.979166666664,14.32841494845361,2020,11,6,True,True,False,3.6715850515463906,0.0
2020-11-02,49726.270833333336,58269.0,38249.0,9721.083333333334,795.3958333333334,37866.625,15.345253436426118,2020,11,0,False,False,True,2.654746563573882,0.0
2020-11-03,53627.666666666664,62752.0,42197.0,4916.625,581.9791666666666,42353.6875,11.289432989690722,2020,11,1,False,False,True,6.710567010309278,0.0
2020-11-04,57197.958333333336,65623.0,47023.0,2309.8958333333335,1088.0625,42760.916666666664,8.226374570446735,2020,11,2,False,False,True,9.773625429553265,0.0
2020-11-05,58029.333333333336,65166.0,49311.0,5230.541666666667,1299.125,42690.6875,8.153994845360824,2020,11,3,False,False,True,9.846005154639176,0.0
2020-11-06,56568.291666666664,63417.0,49075.0,6071.666666666667,1066.5208333333333,41806.125,10.054939862542955,2020,11,4,False,False,True,7.945060137457045,0.0
2020-11-07,49462.458333333336,54695.0,43835.0,5028.958333333333,531.2708333333334,42666.375,12.723002577319587,2020,11,5,True,False,False,5.276997422680413,0.0
2020-11-08,45730.791666666664,52086.0,39177.0,3151.5833333333335,863.4166666666666,43042.083333333336,13.599785223367698,2020,11,6,True,False,False,4.400214776632302,0.0
2020-11-09,51198.458333333336,58870.0,40976.0,1908.1458333333333,898.7708333333334,44620.604166666664,12.99183848797251,2020,11,0,False,False,True,5.00816151202749,0.0
2020-11-10,52535.625,59205.0,42902.0,653.75,830.8958333333334,44989.104166666664,11.692482817869415,2020,11,1,False,False,True,6.307517182130585,0.0
2020-11-11,48586.791666666664,55538.0,41912.0,2619.8125,1033.6041666666667,44239.291666666664,10.777104810996565,2020,11,2,False,True,False,7.2228951890034345,0.0
2020-11-12,53101.791666666664,60676.0,43328.0,4241.354166666667,999.8541666666666,43969.75,11.701975945017182,2020,11,3,False,False,True,6.298024054982818,0.0
2020-11-13,53145.145833333336,58428.0,45105.0,4887.5,769.7083333333334,44745.291666666664,12.371864261168385,2020,11,4,False,False,True,5.628135738831615,0.0
2020-11-14,47410.020833333336,53354.0,41383.0,7375.4375,1029.8541666666667,42212.041666666664,13.303758591065293,2020,11,5,True,False,False,4.696241408934707,0.0
2020-11-15,46590.270833333336,53876.0,39176.0,12341.145833333334,505.2083333333333,37538.5,13.753350515463918,2020,11,6,True,False,False,4.246649484536082,0.0
2020-11-16,53914.979166666664,62645.0,42165.0,7242.5625,773.6875,42582.208333333336,11.660996563573883,2020,11,0,False,False,True,6.3390034364261165,0.0
2020-11-17,55729.645833333336,62818.0,46571.0,3203.375,1066.9791666666667,44715.4375,10.672379725085909,2020,11,1,False,False,True,7.327620274914091,0.0
2020-11-18,55709.916666666664,62546.0,47408.0,5587.479166666667,1192.6875,44471.229166666664,10.9099441580756,2020,11,2,False,False,True,7.0900558419244,0.0
2020-11-19,56597.395833333336,65030.0,46382.0,7213.583333333333,876.1875,44061.770833333336,10.188230240549828,2020,11,3,False,False,True,7.811769759450172,0.0
2020-11-20,59368.895833333336,66239.0,49514.0,2540.875,954.5,46085.375,7.052856529209623,2020,11,4,False,False,True,10.947143470790376,0.0
2020-11-21,56785.604166666664,62509.0,51110.0,2921.3333333333335,1134.7708333333333,45876.666666666664,5.59654209621993,2020,11,5,True,False,False,12.403457903780069,0.0
2020-11-22,55830.520833333336,62211.0,50364.0,1231.6666666666667,1122.7916666666667,45404.291666666664,5.640313573883161,2020,11,6,True,False,False,12.359686426116838,0.0
2020-11-23,61980.229166666664,69902.0,51508.0,546.8541666666666,1016.6875,46418.833333333336,5.87946735395189,2020,11,0,False,False,True,12.12053264604811,0.0
2020-11-24,63620.25,70642.0,54384.0,3250.9583333333335,892.1041666666666,46985.8125,5.7615764604811,2020,11,1,False,False,True,12.2384235395189,0.0
2020-11-25,62615.291666666664,69318.0,53872.0,4529.145833333333,892.2083333333334,46816.520833333336,8.151954467353951,2020,11,2,False,False,True,9.848045532646049,0.0
2020-11-26,61745.854166666664,68645.0,53146.0,2084.2916666666665,838.1666666666666,43264.354166666664,7.781593642611685,2020,11,3,False,False,True,10.218406357388314,0.0
2020-11-27,60582.916666666664,67005.0,51699.0,1972.4166666666667,683.9791666666666,46432.208333333336,8.267246563573883,2020,11,4,False,False,True,9.732753436426117,0.0
2020-11-28,55563.104166666664,60840.0,49412.0,3889.0,709.8125,45762.833333333336,7.728092783505154,2020,11,5,True,False,False,10.271907216494846,0.0
2020-11-29,56757.104166666664,64478.0,49067.0,3264.6666666666665,936.3125,45568.708333333336,5.377727663230241,2020,11,6,True,False,False,12.62227233676976,0.0
2020-11-30,67036.39583333333,76256.0,54855.0,2398.4791666666665,889.7916666666666,47194.104166666664,3.337585910652921,2020,11,0,False,False,True,14.66241408934708,0.0
2020-12-01,67702.3125,75080.0,57232.0,7087.291666666667,379.25,46718.791666666664,5.588144329896907,2020,12,1,False,False,True,12.411855670103094,0.0
2020-12-02,68115.91666666667,76058.0,57349.0,2833.6041666666665,501.1875,46235.9375,5.270640034364262,2020,12,2,False,False,True,12.729359965635737,0.0
2020-12-03,67707.77083333333,75212.0,57367.0,7673.354166666667,489.375,45505.166666666664,6.193062714776632,2020,12,3,False,False,True,11.806937285223368,0.0
2020-12-04,67253.89583333333,73976.0,56532.0,7698.729166666667,338.3541666666667,44613.791666666664,5.926224226804124,2020,12,4,False,False,True,12.073775773195877,0.0
2020-12-05,64492.708333333336,70683.0,56865.0,5271.916666666667,465.125,44379.479166666664,4.099548969072165,2020,12,5,True,False,False,13.900451030927835,0.0
2020-12-06,62456.75,69760.0,54740.0,2413.5833333333335,563.1666666666666,44845.0625,4.145682989690721,2020,12,6,True,False,False,13.854317010309279,0.0
2020-12-07,70800.33333333333,79425.0,58358.0,1825.5833333333333,407.8958333333333,44740.1875,3.7125429553264606,2020,12,0,False,False,True,14.28745704467354,0.0
2020-12-08,71507.125,79798.0,60255.0,2365.625,505.6458333333333,45207.3125,3.6266108247422686,2020,12,1,False,False,True,14.373389175257731,0.0
2020-12-09,72957.6875,79829.0,62465.0,2707.8541666666665,539.9166666666666,46262.729166666664,3.3063144329896907,2020,12,2,False,False,True,14.69368556701031,0.0
2020-12-10,71252.70833333333,78192.0,61281.0,4629.9375,381.0208333333333,45601.104166666664,4.667053264604811,2020,12,3,False,False,True,13.33294673539519,0.0
2020-12-11,68172.64583333333,74602.0,59451.0,6885.770833333333,281.9375,44717.5,6.938230240549828,2020,12,4,False,False,True,11.061769759450172,0.0
2020-12-12,60463.8125,66419.0,52867.0,5456.958333333333,576.875,45280.9375,7.921864261168385,2020,12,5,True,False,False,10.078135738831616,0.0
2020-12-13,59527.041666666664,66236.0,51987.0,6000.125,579.9583333333334,45538.041666666664,6.8719286941580755,2020,12,6,True,False,False,11.128071305841924,0.0
2020-12-14,64290.875,71949.0,53274.0,7208.645833333333,387.875,44693.8125,9.060309278350514,2020,12,0,False,False,True,8.939690721649486,0.0
2020-12-15,63105.9375,70843.0,52230.0,3887.1666666666665,365.5,46336.270833333336,9.807624570446734,2020,12,1,False,False,True,8.192375429553266,0.0
2020-12-16,64172.875,71225.0,53610.0,6086.104166666667,566.9583333333334,45888.583333333336,9.1171176975945,2020,12,2,False,False,True,8.8828823024055,0.0
2020-12-17,62964.5,70184.0,52513.0,4698.4375,463.3541666666667,40780.75,9.374484536082473,2020,12,3,False,False,True,8.625515463917527,0.0
2020-12-18,62093.333333333336,68599.0,52897.0,6946.479166666667,619.2291666666666,47292.958333333336,8.558548109965637,2020,12,4,False,False,True,9.441451890034363,0.0
2020-12-19,56605.8125,62034.0,49804.0,8864.416666666666,351.125,45405.333333333336,10.017332474226803,2020,12,5,True,False,False,7.982667525773197,0.0
2020-12-20,54442.354166666664,60960.0,46756.0,4491.333333333333,533.0833333333334,46847.083333333336,9.144050687285223,2020,12,6,True,False,False,8.855949312714777,0.0
2020-12-21,60600.395833333336,68627.0,49705.0,9958.479166666666,304.9375,47764.854166666664,9.12162800687285,2020,12,0,False,False,True,8.87837199312715,0.0
2020-12-22,57202.229166666664,62816.0,48151.0,8769.604166666666,593.1041666666666,47204.270833333336,11.955390893470792,2020,12,1,False,False,True,6.044609106529208,0.0
2020-12-23,56299.25,62862.0,46396.0,9200.625,254.625,49103.916666666664,11.622658934707907,2020,12,2,False,False,True,6.377341065292093,0.0
2020-12-24,56929.979166666664,63198.0,47106.0,9557.895833333334,394.0,47580.645833333336,8.285158934707905,2020,12,3,False,False,True,9.714841065292095,0.0
2020-12-25,57518.979166666664,63293.0,50766.0,5747.520833333333,635.1041666666666,47151.041666666664,4.006314432989691,2020,12,4,False,True,False,13.99368556701031,0.0
2020-12-26,62231.770833333336,68931.0,54809.0,5906.770833333333,708.8125,47832.666666666664,3.047615979381444,2020,12,5,True,False,False,14.952384020618556,0.0
2020-12-27,62307.25,68952.0,55640.0,10826.166666666666,255.75,44276.4375,4.623389175257731,2020,12,6,True,False,False,13.376610824742269,0.0
2020-12-28,64618.833333333336,72696.0,54458.0,7674.0625,408.1041666666667,47269.541666666664,5.29022766323024,2020,12,0,False,False,True,12.70977233676976,0.0
2020-12-29,65387.916666666664,72764.0,56328.0,4319.895833333333,496.1875,49389.458333333336,4.799291237113402,2020,12,1,False,False,True,13.200708762886599,0.0
2020-12-30,66184.875,72997.0,57209.0,3456.0416666666665,577.9375,49659.645833333336,3.9355455326460476,2020,12,2,False,False,True,14.064454467353952,0.0
2020-12-31,65346.0625,71486.0,57030.0,3539.8333333333335,410.6666666666667,49746.25,4.237650343642612,2020,12,3,False,False,True,13.762349656357388,0.0
2021-01-01,63176.104166666664,69550.0,57109.0,1062.8125,443.3333333333333,50133.333333333336,2.429102233676976,2021,1,4,False,True,False,15.570897766323025,0.0
2021-01-02,67626.83333333333,74520.0,59414.0,1616.2291666666667,345.625,50980.416666666664,1.2957474226804124,2021,1,5,True,False,False,16.704252577319586,0.0
2021-01-03,66832.85416666667,74749.0,58827.0,1731.2291666666667,474.0,50729.916666666664,1.9191151202749142,2021,1,6,True,False,False,16.080884879725087,0.0
2021-01-04,75502.5,85282.0,61911.0,2087.8541666666665,347.9583333333333,51363.020833333336,1.6031786941580757,2021,1,0,False,False,True,16.396821305841925,0.0
2021-01-05,77957.89583333333,85968.0,66085.0,1970.7708333333333,281.6041666666667,51306.6875,1.6422680412371136,2021,1,1,False,False,True,16.357731958762887,0.0
2021-01-06,77922.375,85953.0,66780.0,900.9375,441.7916666666667,51671.375,1.7084192439862544,2021,1,2,False,False,True,16.291580756013744,0.0
2021-01-07,78795.375,86896.0,68482.0,820.3541666666666,632.375,51855.666666666664,0.8722079037800688,2021,1,3,False,False,True,17.12779209621993,0.0
2021-01-08,78858.41666666667,86837.0,69956.0,962.1875,789.7708333333334,51856.291666666664,0.6103951890034364,2021,1,4,False,False,True,17.389604810996563,0.0
2021-01-09,74925.4375,80651.0,67787.0,4014.2708333333335,557.0208333333334,51729.770833333336,0.6669458762886599,2021,1,5,True,False,False,17.33305412371134,0.0
2021-01-10,72883.10416666667,80151.0,66006.0,3874.4375,724.25,51674.291666666664,0.39548969072164947,2021,1,6,True,False,False,17.60451030927835,0.0
2021-01-11,80112.58333333333,88416.0,69250.0,4082.9375,787.3958333333334,51865.416666666664,0.5729810996563575,2021,1,0,False,False,True,17.427018900343644,0.0
2021-01-12,77944.20833333333,85067.0,68986.0,9726.041666666666,369.875,51071.1875,4.2173539518900345,2021,1,1,False,False,True,13.782646048109966,0.0
2021-01-13,71970.14583333333,78849.0,62201.0,6156.666666666667,495.1875,50047.604166666664,6.681357388316152,2021,1,2,False,False,True,11.318642611683849,0.0
2021-01-14,69891.3125,77435.0,58886.0,8710.666666666666,511.7291666666667,50948.333333333336,7.283354810996563,2021,1,3,False,False,True,10.716645189003437,0.0
2021-01-15,72275.89583333333,80025.0,60614.0,5317.541666666667,566.875,51272.541666666664,4.011769759450172,2021,1,4,False,False,True,13.988230240549829,0.0
2021-01-16,71508.6875,78579.0,63896.0,4417.875,576.3125,49639.020833333336,1.1548109965635736,2021,1,5,True,False,False,16.845189003436428,0.0
2021-01-17,65449.833333333336,72774.0,59138.0,4497.416666666667,718.7708333333334,49859.020833333336,4.769394329896906,2021,1,6,True,False,False,13.230605670103094,0.0
2021-01-18,73169.91666666667,81736.0,62440.0,3683.1875,958.3125,50388.4375,3.519372852233677,2021,1,0,False,False,True,14.480627147766324,0.0
2021-01-19,73765.0625,82831.0,65225.0,9965.208333333334,1003.1458333333334,48156.958333333336,4.553844501718213,2021,1,1,False,False,True,13.446155498281787,0.0
2021-01-20,70055.39583333333,76507.0,61306.0,13072.5,443.4583333333333,48608.625,8.485287800687285,2021,1,2,False,False,True,9.514712199312715,0.0
2021-01-21,67522.4375,74410.0,56966.0,11795.791666666666,354.2291666666667,47314.875,9.470038659793815,2021,1,3,False,False,True,8.529961340206185,0.0
2021-01-22,67080.125,73675.0,56281.0,4946.479166666667,378.7708333333333,48461.208333333336,7.272809278350516,2021,1,4,False,False,True,10.727190721649485,0.0
2021-01-23,65010.479166666664,71171.0,57220.0,5843.104166666667,432.9583333333333,49782.166666666664,4.998475085910654,2021,1,5,True,False,False,13.001524914089346,0.0
2021-01-24,65576.25,73434.0,58409.0,5542.583333333333,760.6875,50779.041666666664,3.4808419243986255,2021,1,6,True,False,False,14.519158075601375,0.0
2021-01-25,72636.95833333333,81233.0,61058.0,4431.375,746.7916666666666,49595.0,3.9374570446735397,2021,1,0,False,False,True,14.06254295532646,0.0
2021-01-26,76428.47916666667,84124.0,66933.0,4436.041666666667,836.7916666666666,49559.041666666664,2.0307345360824742,2021,1,1,False,False,True,15.969265463917527,0.0
2021-01-27,73067.41666666667,80076.0,64476.0,4879.166666666667,471.6458333333333,50123.708333333336,6.138316151202749,2021,1,2,False,False,True,11.861683848797252,0.0
2021-01-28,66179.79166666667,72541.0,57794.0,10750.291666666666,515.6458333333334,48455.9375,10.65536941580756,2021,1,3,False,False,True,7.344630584192441,0.0
2021-01-29,62665.791666666664,68929.0,53435.0,12641.229166666666,709.7916666666666,46411.375,10.773088487972506,2021,1,4,False,False,True,7.226911512027494,0.0
2021-01-30,58441.833333333336,64309.0,51040.0,6692.125,356.1875,45628.916666666664,8.685889175257733,2021,1,5,True,False,False,9.314110824742267,0.0
2021-01-31,56977.9375,64620.0,49975.0,4270.395833333333,610.8958333333334,47151.333333333336,7.871842783505155,2021,1,6,True,False,False,10.128157216494845,0.0
2021-02-01,63181.541666666664,71321.0,51630.0,5071.0625,427.6041666666667,48852.479166666664,9.32583762886598,2021,2,0,False,False,True,8.67416237113402,0.0
2021-02-02,61908.979166666664,67826.0,53270.0,9359.5,651.3125,48488.75,10.961576460481101,2021,2,1,False,False,True,7.038423539518899,0.0
2021-02-03,61431.708333333336,69108.0,50669.0,10118.416666666666,633.5,48020.458333333336,11.026567869415809,2021,2,2,False,False,True,6.973432130584191,0.0
2021-02-04,62763.8125,69370.0,53458.0,3155.75,534.5208333333334,49354.875,8.85274914089347,2021,2,3,False,False,True,9.14725085910653,0.0
2021-02-05,61234.291666666664,68092.0,52211.0,2018.875,575.2291666666666,49519.333333333336,9.488981958762887,2021,2,4,False,False,True,8.511018041237113,0.0
2021-02-06,57163.0625,63554.0,49437.0,3174.375,277.6458333333333,47051.4375,8.852384020618558,2021,2,5,True,False,False,9.147615979381442,0.0
2021-02-07,59025.729166666664,68676.0,49853.0,4146.770833333333,642.5625,45710.604166666664,5.799892611683849,2021,2,6,True,False,False,12.200107388316152,0.0
2021-02-08,70941.47916666667,80223.0,57821.0,1386.875,531.8541666666666,47185.833333333336,3.272079037800687,2021,2,0,False,False,True,14.727920962199313,0.0
2021-02-09,74853.83333333333,82671.0,63251.0,3685.625,515.625,48204.479166666664,2.6004080756013748,2021,2,1,False,False,True,15.399591924398624,0.0
2021-02-10,75912.02083333333,84131.0,65262.0,6345.979166666667,823.7916666666666,47732.375,2.1939432989690726,2021,2,2,False,False,True,15.806056701030927,0.0
2021-02-11,78529.52083333333,85643.0,69414.0,5960.75,1011.3541666666666,48069.5625,0.7059063573883159,2021,2,3,False,False,True,17.294093642611685,0.0
2021-02-12,79062.8125,86367.0,69466.0,8458.666666666666,400.4791666666667,47710.333333333336,1.318127147766323,2021,2,4,False,False,True,16.681872852233678,0.0
2021-02-13,75460.0,81021.0,69362.0,7633.416666666667,935.4791666666666,45866.3125,-0.16668814432989668,2021,2,5,True,False,False,18.166688144329896,0.0
2021-02-14,72341.10416666667,78199.0,66226.0,8271.1875,1092.8333333333333,45051.166666666664,1.2420962199312713,2021,2,6,True,False,False,16.75790378006873,0.0
2021-02-15,72909.77083333333,80280.0,64821.0,9030.041666666666,1093.125,44551.5,5.525408075601375,2021,2,0,False,False,True,12.474591924398625,0.0
2021-02-16,68287.54166666667,75378.0,60713.0,8789.854166666666,852.75,44790.729166666664,8.423947594501719,2021,2,1,False,False,True,9.576052405498281,0.0
2021-02-17,63997.25,71090.0,56502.0,7437.5,1425.7708333333333,44396.520833333336,9.26247852233677,2021,2,2,False,False,True,8.73752147766323,0.0
2021-02-18,64533.645833333336,70669.0,55509.0,9191.020833333334,593.9166666666666,44039.270833333336,9.238101374570448,2021,2,3,False,False,True,8.761898625429552,0.0
2021-02-19,62067.104166666664,69370.0,55487.0,6108.979166666667,1128.2708333333333,43605.416666666664,9.62502147766323,2021,2,4,False,False,True,8.37497852233677,0.0
2021-02-20,54048.041666666664,59120.0,48817.0,11207.458333333334,1204.3958333333333,41161.666666666664,11.799591924398626,2021,2,5,True,False,False,6.2004080756013735,0.0
2021-02-21,51111.583333333336,57857.0,45916.0,7742.8125,1064.9583333333333,40376.8125,11.609493127147765,2021,2,6,True,False,False,6.390506872852235,0.0
2021-02-22,57735.25,64916.0,47211.0,5366.1875,428.1875,42631.875,11.18223797250859,2021,2,0,False,False,True,6.81776202749141,0.0
2021-02-23,56170.833333333336,63114.0,48919.0,7427.895833333333,1367.9166666666667,42112.041666666664,11.82959621993127,2021,2,1,False,False,True,6.17040378006873,0.0
2021-02-24,54836.916666666664,61683.0,47950.0,6377.8125,1577.8958333333333,42434.833333333336,12.328715635738831,2021,2,2,False,False,True,5.671284364261169,0.0
2021-02-25,55327.020833333336,61739.0,47384.0,3052.8125,1354.6666666666667,43273.479166666664,10.801288659793816,2021,2,3,False,False,True,7.198711340206184,0.0
2021-02-26,56664.020833333336,63533.0,48591.0,3146.2708333333335,1171.1666666666667,43296.1875,8.836426116838489,2021,2,4,False,False,True,9.163573883161511,0.0
2021-02-27,54787.0625,60538.0,49559.0,6927.9375,1643.4166666666667,40898.6875,7.026245704467353,2021,2,5,True,False,False,10.973754295532647,0.0
2021-02-28,53620.041666666664,60184.0,46228.0,6403.291666666667,1630.125,39216.375,7.000880584192439,2021,2,6,True,False,False,10.999119415807561,0.0
2021-03-01,59333.458333333336,68605.0,51768.0,3876.5,1706.3125,39371.020833333336,7.868749999999999,2021,3,0,False,False,True,10.131250000000001,0.0
2021-03-02,59580.458333333336,67955.0,52301.0,2862.8958333333335,1268.2083333333333,40191.895833333336,8.897014604810998,2021,3,1,False,False,True,9.102985395189002,0.0
2021-03-03,58909.583333333336,66257.0,50476.0,1294.3541666666667,1126.2291666666667,41513.020833333336,9.632173539518902,2021,3,2,False,False,True,8.367826460481098,0.0
2021-03-04,58944.229166666664,65770.0,50219.0,1664.3125,1322.3125,42701.020833333336,8.831486254295532,2021,3,3,False,False,True,9.168513745704468,0.0
2021-03-05,61243.4375,68301.0,51257.0,4971.520833333333,1353.375,42383.625,7.056701030927835,2021,3,4,False,False,True,10.943298969072165,0.0
2021-03-06,58344.041666666664,63428.0,51484.0,5235.5,1419.1041666666667,42633.9375,5.385373711340208,2021,3,5,True,False,False,12.614626288659792,0.0
2021-03-07,56870.75,63338.0,50198.0,2006.8333333333333,1158.6041666666667,43525.041666666664,5.530154639175258,2021,3,6,True,False,False,12.469845360824742,0.0
2021-03-08,63165.208333333336,71651.0,54079.0,2410.5625,1504.0,43791.833333333336,5.802534364261167,2021,3,0,False,False,True,12.197465635738833,0.0
2021-03-09,64206.645833333336,73617.0,57588.0,2000.4375,1745.7916666666667,43593.75,5.592719072164948,2021,3,1,False,False,True,12.407280927835053,0.0
2021-03-10,64399.75,72173.0,57267.0,7093.895833333333,1731.375,43736.3125,6.339518900343643,2021,3,2,False,False,True,11.660481099656357,0.0
2021-03-11,60707.104166666664,66792.0,52695.0,13741.854166666666,1149.9375,43042.854166666664,10.77235824742268,2021,3,3,False,False,True,7.22764175257732,0.0
2021-03-12,60423.520833333336,66805.0,52773.0,11910.083333333334,1473.5625,43451.770833333336,8.57491408934708,2021,3,4,False,False,True,9.42508591065292,0.0
2021-03-13,56307.333333333336,61738.0,50842.0,13790.770833333334,1369.2083333333333,41209.0625,8.768341924398625,2021,3,5,True,False,False,9.231658075601375,0.0
2021-03-14,55189.1875,62151.0,49573.0,9949.8125,1613.5416666666667,42300.729166666664,7.339991408934709,2021,3,6,True,False,False,10.660008591065292,0.0
2021-03-15,61689.375,68550.0,51653.0,8625.1875,1177.1458333333333,44556.354166666664,8.206121134020618,2021,3,0,False,False,True,9.793878865979382,0.0
2021-03-16,62372.583333333336,68651.0,53962.0,4302.270833333333,1492.0833333333333,44845.3125,7.866043814432989,2021,3,1,False,False,True,10.133956185567012,0.0
2021-03-17,62554.125,69794.0,53285.0,8159.354166666667,1527.6458333333333,44720.354166666664,7.991000859106529,2021,3,2,False,False,True,10.008999140893472,0.0
2021-03-18,64577.229166666664,70379.0,55867.0,3531.6666666666665,1337.6666666666667,45287.0,5.702469931271478,2021,3,3,False,False,True,12.297530068728522,0.0
2021-03-19,64500.291666666664,71126.0,56385.0,7522.979166666667,1245.625,45276.4375,5.575322164948455,2021,3,4,False,False,True,12.424677835051545,0.0
2021-03-20,59783.416666666664,64586.0,52583.0,4636.791666666667,2071.3333333333335,43257.541666666664,4.58030498281787,2021,3,5,True,False,False,13.41969501718213,0.0
2021-03-21,57687.5,63976.0,52154.0,4813.041666666667,1677.2708333333333,42003.520833333336,6.062671821305841,2021,3,6,True,False,False,11.937328178694159,0.0
2021-03-22,62762.145833333336,69673.0,54338.0,3313.5208333333335,1871.6041666666667,44115.083333333336,6.595790378006873,2021,3,0,False,False,True,11.404209621993127,0.0
2021-03-23,60880.958333333336,70148.0,53839.0,1306.6458333333333,2119.4375,44462.020833333336,7.193835910652921,2021,3,1,False,False,True,10.806164089347078,0.0
2021-03-24,58397.208333333336,67101.0,51655.0,1543.4791666666667,2139.3958333333335,44561.291666666664,8.536060996563574,2021,3,2,False,False,True,9.463939003436426,0.0
2021-03-25,56800.9375,63190.0,50091.0,1720.8333333333333,1653.2916666666667,43982.229166666664,9.522465635738833,2021,3,3,False,False,True,8.477534364261167,0.0
2021-03-26,56430.833333333336,62515.0,50202.0,6131.5,1538.0625,43928.104166666664,9.756121134020619,2021,3,4,False,False,True,8.243878865979381,0.0
2021-03-27,51712.354166666664,56403.0,45901.0,6636.75,1923.4791666666667,38612.354166666664,9.113960481099657,2021,3,5,True,False,False,8.886039518900343,0.0
2021-03-28,48930.479166666664,55426.0,40359.0,3263.2916666666665,2110.4166666666665,37141.916666666664,9.497079037800688,2021,3,6,True,False,False,8.502920962199312,0.0
2021-03-29,51956.75,61730.0,45822.0,2544.4791666666665,2177.9791666666665,39656.166666666664,11.685201890034364,2021,3,0,False,False,True,6.314798109965636,0.0
2021-03-30,49918.166666666664,57996.0,43572.0,2036.25,2124.8958333333335,40939.520833333336,13.493964776632302,2021,3,1,False,False,True,4.506035223367698,0.0
2021-03-31,48528.479166666664,54857.0,41219.0,1517.8541666666667,2049.9583333333335,40744.645833333336,14.823646907216494,2021,3,2,False,False,True,3.176353092783506,0.0
2021-04-01,48008.083333333336,53962.0,40753.0,2908.9791666666665,2295.8125,39848.104166666664,14.695682989690722,2021,4,3,False,False,True,3.304317010309278,0.0
2021-04-02,47588.354166666664,53327.0,39652.0,7853.729166666667,2282.2291666666665,40007.666666666664,12.279188144329895,2021,4,4,False,False,True,5.720811855670105,0.0
2021-04-03,46577.208333333336,52080.0,40764.0,8936.875,2395.2083333333335,38778.604166666664,9.66969501718213,2021,4,5,True,False,False,8.33030498281787,0.0
2021-04-04,46125.083333333336,51273.0,39373.0,3397.6666666666665,2475.625,37439.583333333336,9.04265463917526,2021,4,6,True,False,False,8.95734536082474,0.0
2021-04-05,48774.791666666664,54285.0,43346.0,5843.541666666667,2150.3333333333335,35840.708333333336,8.488724226804123,2021,4,0,False,True,False,9.511275773195877,0.0
2021-04-06,58679.375,65931.0,48070.0,5415.541666666667,2274.3958333333335,38450.5625,5.34201030927835,2021,4,1,False,False,True,12.65798969072165,0.0
2021-04-07,61710.791666666664,70369.0,55192.0,4342.666666666667,2552.6041666666665,39198.375,4.611469072164949,2021,4,2,False,False,True,13.38853092783505,0.0
2021-04-08,59349.166666666664,69000.0,52171.0,900.9583333333334,2562.2083333333335,37296.333333333336,7.113294673539519,2021,4,3,False,False,True,10.886705326460481,0.0
2021-04-09,56095.25,64441.0,50396.0,4021.5208333333335,1678.1458333333333,38172.770833333336,10.198840206185565,2021,4,4,False,False,True,7.801159793814435,0.0
2021-04-10,50245.520833333336,56434.0,44054.0,4472.0625,1057.5,37005.020833333336,11.015678694158076,2021,4,5,True,False,False,6.984321305841924,0.0
2021-04-11,50339.916666666664,57411.0,43218.0,5149.8125,997.4791666666666,36994.791666666664,9.023775773195878,2021,4,6,True,False,False,8.976224226804122,0.0
2021-04-12,58612.333333333336,66226.0,50350.0,2503.7708333333335,2246.9375,37666.458333333336,6.356400343642611,2021,4,0,False,False,True,11.643599656357388,0.0
2021-04-13,58870.020833333336,66879.0,53160.0,2662.6041666666665,2542.9583333333335,37220.0625,6.735287800687285,2021,4,1,False,False,True,11.264712199312715,0.0
2021-04-14,58401.354166666664,65827.0,52753.0,4163.604166666667,2590.4583333333335,37969.020833333336,7.268213058419243,2021,4,2,False,False,True,10.731786941580758,0.0
2021-04-15,58729.395833333336,65807.0,53055.0,4578.666666666667,2560.5833333333335,39068.145833333336,7.013230240549828,2021,4,3,False,False,True,10.986769759450173,0.0
2021-04-16,58840.75,65823.0,53066.0,4829.604166666667,2230.6458333333335,39076.895833333336,6.900987972508592,2021,4,4,False,False,True,11.099012027491408,0.0
2021-04-17,53085.1875,59076.0,47191.0,4929.791666666667,1958.1458333333333,36091.375,8.031872852233677,2021,4,5,True,False,False,9.968127147766323,0.0
2021-04-18,49859.6875,55246.0,43978.0,2597.7916666666665,2227.1041666666665,35967.458333333336,8.948303264604812,2021,4,6,True,False,False,9.051696735395188,0.0
2021-04-19,53931.604166666664,61174.0,47694.0,992.9583333333334,2459.875,37059.291666666664,9.884299828178696,2021,4,0,False,False,True,8.115700171821304,0.0
2021-04-20,52753.729166666664,58798.0,47404.0,807.2291666666666,2069.9583333333335,37857.104166666664,11.282817869415808,2021,4,1,False,False,True,6.717182130584192,0.0
2021-04-21,51517.229166666664,56817.0,45235.0,2621.1875,1891.3125,37852.3125,11.9740764604811,2021,4,2,False,False,True,6.0259235395188995,0.0
2021-04-22,50350.875,55824.0,44667.0,5086.375,2641.6041666666665,37875.5625,12.157581615120275,2021,4,3,False,False,True,5.842418384879725,0.0
2021-04-23,48715.958333333336,54588.0,43569.0,4906.5625,2811.8541666666665,37684.041666666664,13.303071305841925,2021,4,4,False,False,True,4.696928694158075,0.0
2021-04-24,43183.083333333336,48727.0,39028.0,5805.5,2730.6041666666665,36537.0625,14.427126288659794,2021,4,5,True,False,False,3.572873711340206,0.0
2021-04-25,41420.458333333336,46440.0,36851.0,8238.104166666666,1845.7916666666667,35123.375,13.569866838487973,2021,4,6,True,False,False,4.4301331615120265,0.0
2021-04-26,48186.041666666664,54412.0,39148.0,7361.145833333333,1441.6666666666667,38214.791666666664,13.031701030927838,2021,4,0,False,False,True,4.968298969072162,0.0
2021-04-27,49089.229166666664,54700.0,42030.0,2251.6666666666665,1828.9791666666667,38094.333333333336,13.222100515463918,2021,4,1,False,False,True,4.777899484536082,0.0
2021-04-28,49596.895833333336,55766.0,41457.0,1833.3958333333333,1348.0,38097.958333333336,12.538917525773197,2021,4,2,False,False,True,5.461082474226803,0.0
2021-04-29,50730.020833333336,56896.0,42395.0,2019.875,1370.1041666666667,38600.4375,11.356550687285223,2021,4,3,False,False,True,6.643449312714777,0.0
2021-04-30,50973.604166666664,56965.0,43736.0,1104.4791666666667,1405.0,37938.541666666664,10.231142611683849,2021,4,4,False,False,True,7.768857388316151,0.0
2021-05-01,45421.666666666664,50917.0,40188.0,2071.9375,1321.5625,38583.416666666664,9.56610824742268,2021,5,5,True,True,False,8.43389175257732,0.0
2021-05-02,45516.229166666664,50679.0,40927.0,1568.0,2281.3125,35190.520833333336,9.801202749140895,2021,5,6,True,False,False,8.198797250859105,0.0
2021-05-03,51185.791666666664,58443.0,44615.0,3845.6666666666665,2793.8125,35850.416666666664,10.589841065292097,2021,5,0,False,False,True,7.410158934707903,0.0
2021-05-04,51895.6875,57472.0,44324.0,11289.458333333334,1908.7708333333333,36268.4375,12.023432130584194,2021,5,1,False,False,True,5.976567869415806,0.0
2021-05-05,51746.895833333336,57171.0,44238.0,6771.208333333333,2211.0416666666665,37700.6875,11.240635738831616,2021,5,2,False,False,True,6.759364261168384,0.0
2021-05-06,53408.916666666664,59783.0,44916.0,4275.1875,1380.0,37473.3125,11.006829896907215,2021,5,3,False,False,True,6.993170103092785,0.0
2021-05-07,51057.770833333336,57762.0,45313.0,2281.6458333333335,2147.3125,37380.5,11.98481529209622,2021,5,4,False,False,True,6.01518470790378,0.0
2021-05-08,42916.729166666664,50337.0,38827.0,5594.479166666667,2621.2708333333335,33157.854166666664,15.055970790378005,2021,5,5,True,True,False,2.944029209621995,0.0
2021-05-09,39762.729166666664,44926.0,34415.0,8150.291666666667,1569.6041666666667,27989.9375,18.117783505154637,2021,5,6,True,False,False,0.0,0.0
2021-05-10,45968.75,52901.0,35788.0,5961.75,1543.5208333333333,35850.479166666664,15.173174398625429,2021,5,0,False,False,True,2.826825601374571,0.0
2021-05-11,48004.645833333336,54131.0,39434.0,3563.8333333333335,1807.5625,37217.5,12.597873711340206,2021,5,1,False,False,True,5.402126288659794,0.0
2021-05-12,48767.020833333336,54085.0,41230.0,2891.9375,1989.6666666666667,37699.833333333336,12.113122852233678,2021,5,2,False,False,True,5.886877147766322,0.0
2021-05-13,44004.333333333336,49635.0,39175.0,3634.5625,2007.25,38101.395833333336,12.162006013745707,2021,5,3,False,True,False,5.837993986254293,0.0
2021-05-14,45916.9375,51952.0,39487.0,3774.1666666666665,2134.5,39067.708333333336,12.014583333333333,2021,5,4,False,False,True,5.9854166666666675,0.0
2021-05-15,44441.916666666664,50418.0,38763.0,5943.854166666667,1222.2083333333333,37512.270833333336,11.982538659793814,2021,5,5,True,False,False,6.017461340206186,0.0
2021-05-16,42945.458333333336,48397.0,37164.0,6514.229166666667,1402.7708333333333,36160.895833333336,13.180841924398624,2021,5,6,True,False,False,4.819158075601376,0.0
2021-05-17,48926.229166666664,55951.0,39534.0,10246.645833333334,2201.0,38289.229166666664,12.824828178694158,2021,5,0,False,False,True,5.175171821305842,0.0
2021-05-18,49925.541666666664,55700.0,41650.0,3582.2708333333335,1682.4583333333333,39393.583333333336,12.125794673539518,2021,5,1,False,False,True,5.874205326460482,0.0
2021-05-19,50120.979166666664,56192.0,42053.0,4680.708333333333,2311.0625,41008.729166666664,12.144523195876289,2021,5,2,False,False,True,5.855476804123711,0.0
2021-05-20,49677.354166666664,55337.0,42521.0,4700.520833333333,2662.4375,39689.5,12.846134020618557,2021,5,3,False,False,True,5.153865979381443,0.0
2021-05-21,48762.854166666664,55064.0,40746.0,10688.208333333334,1580.9791666666667,37582.3125,13.575408075601377,2021,5,4,False,False,True,4.424591924398623,0.0
2021-05-22,44306.229166666664,49707.0,39338.0,9274.083333333334,1941.5625,33515.708333333336,12.632646048109969,2021,5,5,True,False,False,5.367353951890031,0.0
2021-05-23,41684.604166666664,47452.0,37565.0,6039.25,2206.2291666666665,33487.979166666664,12.870725945017183,2021,5,6,True,False,False,5.129274054982817,0.0
2021-05-24,44044.395833333336,50357.0,37146.0,9201.958333333334,1775.4583333333333,36560.770833333336,12.906808419243987,2021,5,0,False,True,False,5.093191580756013,0.0
2021-05-25,49623.270833333336,55904.0,40766.0,9157.625,2310.2291666666665,38114.770833333336,12.405068728522338,2021,5,1,False,False,True,5.5949312714776624,0.0
2021-05-26,49922.270833333336,56385.0,41329.0,5627.375,2209.5833333333335,38979.458333333336,13.088036941580755,2021,5,2,False,False,True,4.911963058419245,0.0
2021-05-27,48386.9375,53902.0,41017.0,1083.0625,2710.3125,39617.5625,14.603157216494846,2021,5,3,False,False,True,3.3968427835051536,0.0
2021-05-28,46276.5625,51924.0,39026.0,1862.9583333333333,2697.5208333333335,39243.958333333336,15.842762027491409,2021,5,4,False,False,True,2.1572379725085913,0.0
2021-05-29,40636.458333333336,46027.0,35098.0,2958.2291666666665,2348.7083333333335,37874.416666666664,17.36963058419244,2021,5,5,True,False,False,0.6303694158075608,0.0
2021-05-30,38157.666666666664,43371.0,32464.0,3669.5625,2570.3333333333335,35233.854166666664,17.641988831615123,2021,5,6,True,False,False,0.358011168384877,0.0
2021-05-31,44057.75,50435.0,34211.0,3411.1666666666665,2820.875,38289.104166666664,18.40410223367698,2021,5,0,False,False,True,0.0,0.0
2021-06-01,45210.104166666664,51326.0,36207.0,3743.4791666666665,2280.4375,39199.708333333336,19.401353092783506,2021,6,1,False,False,True,0.0,0.0
2021-06-02,45518.104166666664,52681.0,35991.0,2863.2291666666665,1890.3958333333333,39626.104166666664,19.362757731958762,2021,6,2,False,False,True,0.0,0.0
2021-06-03,45635.104166666664,52411.0,36215.0,1238.1875,2091.4583333333335,39177.666666666664,19.828930412371136,2021,6,3,False,False,True,0.0,0.0
2021-06-04,45126.104166666664,52406.0,35944.0,1719.4375,1472.7708333333333,39447.479166666664,18.304166666666667,2021,6,4,False,False,True,0.0,0.0
2021-06-05,39998.291666666664,46018.0,33962.0,2075.7291666666665,2388.875,38148.166666666664,17.171756872852235,2021,6,5,True,False,False,0.8282431271477648,0.0
2021-06-06,38032.729166666664,43879.0,31548.0,1604.3333333333333,2281.5,37584.416666666664,17.488445017182134,2021,6,6,True,False,False,0.5115549828178665,0.0
2021-06-07,44307.8125,51591.0,33791.0,1147.1458333333333,2309.4583333333335,38800.395833333336,18.439024914089345,2021,6,0,False,False,True,0.0,0.0
2021-06-08,45438.479166666664,52128.0,36029.0,964.8333333333334,2697.8958333333335,39649.604166666664,19.52057560137457,2021,6,1,False,False,True,0.0,0.0
2021-06-09,45857.1875,52904.0,36066.0,1056.625,2726.1666666666665,39540.104166666664,20.296649484536083,2021,6,2,False,False,True,0.0,0.0
2021-06-10,46138.229166666664,52515.0,36260.0,1027.7291666666667,2740.4166666666665,39503.3125,21.072422680412366,2021,6,3,False,False,True,0.0,0.0
2021-06-11,45886.229166666664,53009.0,36797.0,1328.0833333333333,2688.5833333333335,39273.916666666664,21.520768900343644,2021,6,4,False,False,True,0.0,0.0
2021-06-12,41043.145833333336,47025.0,34270.0,1547.4166666666667,2499.625,37179.145833333336,21.342268041237116,2021,6,5,True,False,False,0.0,0.0
2021-06-13,38799.875,45259.0,31502.0,1901.6875,2795.4166666666665,33923.895833333336,22.329209621993126,2021,6,6,True,False,False,0.0,0.0
2021-06-14,45882.041666666664,53643.0,34080.0,1453.6875,2964.5833333333335,38162.729166666664,23.157323883161514,2021,6,0,False,False,True,0.0,0.0
2021-06-15,47415.75,54661.0,36917.0,906.5625,2875.75,38080.375,23.769158075601375,2021,6,1,False,False,True,0.0,0.0
2021-06-16,48035.3125,55965.0,37250.0,1163.4375,2450.7708333333335,37942.0,24.769652061855673,2021,6,2,False,False,True,0.0,0.7696520618556733
2021-06-17,47447.083333333336,54687.0,37227.0,3052.9583333333335,1527.4583333333333,37152.0,23.677920962199316,2021,6,3,False,False,True,0.0,0.0
2021-06-18,46387.625,53924.0,36821.0,3999.1666666666665,2310.7916666666665,36091.5625,23.03105670103093,2021,6,4,False,False,True,0.0,0.0
2021-06-19,41429.979166666664,48043.0,34455.0,2043.0625,1925.7291666666667,35357.3125,22.120103092783506,2021,6,5,True,False,False,0.0,0.0
2021-06-20,38670.5625,44758.0,31717.0,2295.0,1744.9791666666667,35988.5625,20.860996563573885,2021,6,6,True,False,False,0.0,0.0
2021-06-21,44778.75,52612.0,33751.0,2098.8125,2204.6458333333335,38349.104166666664,19.59718642611684,2021,6,0,False,False,True,0.0,0.0
2021-06-22,45735.333333333336,53032.0,35859.0,3666.9583333333335,1908.6666666666667,38393.395833333336,17.809428694158076,2021,6,1,False,False,True,0.1905713058419245,0.0
2021-06-23,45855.0,53477.0,35993.0,2190.125,1726.5625,40093.291666666664,17.341516323024056,2021,6,2,False,False,True,0.6584836769759441,0.0
2021-06-24,45573.979166666664,52400.0,36262.0,1788.5416666666667,1950.25,39979.666666666664,17.222895189003435,2021,6,3,False,False,True,0.7771048109965655,0.0
2021-06-25,44946.916666666664,51637.0,36245.0,1351.4583333333333,2557.1875,39820.541666666664,17.566408934707905,2021,6,4,False,False,True,0.4335910652920951,0.0
2021-06-26,40393.020833333336,46496.0,33828.0,695.5416666666666,2548.5625,39099.3125,18.95433848797251,2021,6,5,True,False,False,0.0,0.0
2021-06-27,38584.041666666664,44973.0,31299.0,1858.0,1530.7083333333333,37980.833333333336,19.69684278350515,2021,6,6,True,False,False,0.0,0.0
2021-06-28,44775.75,52647.0,33679.0,1340.2916666666667,1853.5,40364.479166666664,18.659643470790375,2021,6,0,False,False,True,0.0,0.0
2021-06-29,45765.3125,52765.0,36117.0,1689.75,2030.6041666666667,40617.583333333336,17.78043384879725,2021,6,1,False,False,True,0.21956615120274847,0.0
2021-06-30,45802.0,52890.0,36195.0,2049.2708333333335,2094.6666666666665,39390.5625,17.12998281786942,2021,6,2,False,False,True,0.8700171821305815,0.0
2021-07-01,45884.395833333336,52676.0,36293.0,812.875,2558.3333333333335,38120.604166666664,18.36774054982818,2021,7,3,False,False,True,0.0,0.0
2021-07-02,45821.5625,52965.0,36491.0,462.2083333333333,2613.2916666666665,38029.125,20.16552835051547,2021,7,4,False,False,True,0.0,0.0
2021-07-03,40887.229166666664,47427.0,34017.0,1551.4375,1774.8958333333333,37350.041666666664,20.418277491408936,2021,7,5,True,False,False,0.0,0.0
2021-07-04,38597.708333333336,44774.0,31697.0,2468.6041666666665,1603.4375,35797.541666666664,18.97682560137457,2021,7,6,True,False,False,0.0,0.0
2021-07-05,45145.8125,52839.0,33844.0,3543.5833333333335,2423.6875,37639.666666666664,20.01187714776632,2021,7,0,False,False,True,0.0,0.0
2021-07-06,46163.0625,53436.0,36636.0,7546.625,1622.1875,38461.604166666664,19.038165807560137,2021,7,1,False,False,True,0.0,0.0
2021-07-07,46013.145833333336,53169.0,36284.0,2284.7708333333335,2147.3541666666665,39166.020833333336,18.40534793814433,2021,7,2,False,False,True,0.0,0.0
2021-07-08,45928.229166666664,53118.0,36446.0,1608.5416666666667,2131.0625,39726.145833333336,18.12061855670103,2021,7,3,False,False,True,0.0,0.0
2021-07-09,45456.4375,52505.0,36516.0,761.7083333333334,2568.0833333333335,38389.395833333336,18.383333333333333,2021,7,4,False,False,True,0.0,0.0
2021-07-10,40808.291666666664,47093.0,34197.0,1000.5416666666666,2221.6875,34314.3125,18.54675687285223,2021,7,5,True,False,False,0.0,0.0
2021-07-11,38529.25,44393.0,31618.0,630.2083333333334,2723.3125,34462.645833333336,19.451911512027497,2021,7,6,True,False,False,0.0,0.0
2021-07-12,44956.9375,53005.0,33939.0,2431.6666666666665,1392.1666666666667,35738.3125,18.753049828178693,2021,7,0,False,False,True,0.0,0.0
2021-07-13,45500.291666666664,53086.0,36111.0,4048.7916666666665,1617.5833333333333,37143.416666666664,17.146735395189005,2021,7,1,False,False,True,0.8532646048109953,0.0
2021-07-14,40528.395833333336,46893.0,33702.0,5735.520833333333,1574.9166666666667,37528.1875,17.23354810996564,2021,7,2,False,True,False,0.7664518900343609,0.0
2021-07-15,45024.1875,52469.0,34757.0,6553.541666666667,1959.5625,37328.354166666664,18.76125429553265,2021,7,3,False,False,True,0.0,0.0
2021-07-16,44898.645833333336,52162.0,35960.0,3878.9375,2195.875,38673.270833333336,19.174334192439865,2021,7,4,False,False,True,0.0,0.0
2021-07-17,40629.9375,46292.0,34228.0,3120.9583333333335,2697.5625,37927.729166666664,20.157431271477666,2021,7,5,True,False,False,0.0,0.0
2021-07-18,38913.854166666664,45069.0,31859.0,4928.583333333333,2889.7291666666665,34705.979166666664,22.496413230240552,2021,7,6,True,False,False,0.0,0.0
2021-07-19,45909.104166666664,53922.0,34118.0,3902.6041666666665,2963.6041666666665,38189.104166666664,23.284471649484534,2021,7,0,False,False,True,0.0,0.0
2021-07-20,47253.375,54325.0,37074.0,2395.125,2907.7708333333335,39460.520833333336,23.111941580756017,2021,7,1,False,False,True,0.0,0.0
2021-07-21,47524.729166666664,54634.0,37522.0,1761.4166666666667,2734.6875,39622.0625,23.06312285223368,2021,7,2,False,False,True,0.0,0.0
2021-07-22,47737.041666666664,54793.0,37700.0,2036.6458333333333,2872.5833333333335,38933.041666666664,23.521413230240547,2021,7,3,False,False,True,0.0,0.0
2021-07-23,47058.479166666664,54754.0,37569.0,3805.6458333333335,2252.5625,40196.354166666664,23.309450171821307,2021,7,4,False,False,True,0.0,0.0
2021-07-24,41434.229166666664,47261.0,35158.0,3450.2708333333335,1974.7708333333333,37917.604166666664,21.646735395189,2021,7,5,True,False,False,0.0,0.0
2021-07-25,38908.541666666664,44734.0,32499.0,2962.4166666666665,2109.9791666666665,37327.5625,20.538530927835055,2021,7,6,True,False,False,0.0,0.0
2021-07-26,44642.333333333336,52161.0,33990.0,2195.5625,2265.8333333333335,40728.104166666664,20.346778350515464,2021,7,0,False,False,True,0.0,0.0
2021-07-27,45797.3125,53168.0,36334.0,2406.7291666666665,1811.6875,40805.958333333336,19.897852233676975,2021,7,1,False,False,True,0.0,0.0
2021-07-28,45408.020833333336,52083.0,36465.0,4669.1875,2021.9166666666667,40980.375,19.85193298969072,2021,7,2,False,False,True,0.0,0.0
2021-07-29,45218.416666666664,51981.0,36108.0,3225.2291666666665,2482.0208333333335,40956.916666666664,20.232431271477665,2021,7,3,False,False,True,0.0,0.0
2021-07-30,44305.020833333336,51039.0,35759.0,6113.375,1915.875,40787.020833333336,20.08240979381443,2021,7,4,False,False,True,0.0,0.0
2021-07-31,39783.333333333336,45756.0,33501.0,3432.9375,1541.375,38366.0625,18.652083333333337,2021,7,5,True,False,False,0.0,0.0
2021-08-01,37162.645833333336,42961.0,30921.0,2420.4375,2245.6875,38719.291666666664,17.907323883161514,2021,8,6,True,False,False,0.09267611683848642,0.0
2021-08-02,41344.6875,48316.0,32190.0,1284.0416666666667,2428.5625,40147.020833333336,18.10871993127148,2021,8,0,False,False,True,0.0,0.0
2021-08-03,42247.520833333336,49098.0,33504.0,1321.4375,1592.4166666666667,40136.916666666664,17.533483676975944,2021,8,1,False,False,True,0.4665163230240559,0.0
2021-08-04,42103.833333333336,49083.0,33792.0,1267.75,1417.0208333333333,39517.604166666664,17.588552405498284,2021,8,2,False,False,True,0.4114475945017162,0.0
2021-08-05,41558.645833333336,48140.0,33276.0,3749.3958333333335,2113.7291666666665,38809.666666666664,18.836920103092787,2021,8,3,False,False,True,0.0,0.0
2021-08-06,41005.1875,47455.0,32916.0,6287.166666666667,2015.8333333333333,35636.875,19.519243986254295,2021,8,4,False,False,True,0.0,0.0
2021-08-07,37807.645833333336,43794.0,31793.0,5965.520833333333,1704.875,34319.208333333336,18.14312714776632,2021,8,5,True,False,False,0.0,0.0
2021-08-08,35991.4375,41659.0,30130.0,5198.208333333333,2184.4583333333335,30047.354166666668,17.878823024054984,2021,8,6,True,False,False,0.12117697594501564,0.0
2021-08-09,40105.166666666664,46915.0,31234.0,3071.9583333333335,2454.9791666666665,36962.770833333336,18.78548109965636,2021,8,0,False,False,True,0.0,0.0
2021-08-10,41362.875,47794.0,32819.0,1150.875,2642.1875,37856.354166666664,20.47390463917526,2021,8,1,False,False,True,0.0,0.0
2021-08-11,42211.25,48823.0,33417.0,680.2083333333334,2792.9583333333335,37332.458333333336,21.564583333333335,2021,8,2,False,False,True,0.0,0.0
2021-08-12,42819.479166666664,49695.0,33709.0,815.2083333333334,2355.2291666666665,37568.666666666664,22.879853951890034,2021,8,3,False,False,True,0.0,0.0
2021-08-13,43011.354166666664,49906.0,33905.0,1203.6875,2504.875,36107.625,22.80826890034364,2021,8,4,False,False,True,0.0,0.0
2021-08-14,40570.583333333336,46462.0,33175.0,984.7916666666666,2761.4791666666665,36001.583333333336,23.680004295532648,2021,8,5,True,False,False,0.0,0.0
2021-08-15,38229.125,43738.0,31767.0,2875.5,2137.6875,36544.4375,22.806572164948452,2021,8,6,True,True,False,0.0,0.0
2021-08-16,41306.270833333336,48187.0,32630.0,5118.6875,2004.5416666666667,37767.895833333336,19.89216065292096,2021,8,0,False,False,True,0.0,0.0
2021-08-17,42127.166666666664,48588.0,33927.0,3124.5208333333335,2037.4583333333333,40667.4375,18.112435567010312,2021,8,1,False,False,True,0.0,0.0
2021-08-18,42487.104166666664,49069.0,33973.0,2371.4166666666665,1724.5833333333333,41183.083333333336,18.45251288659794,2021,8,2,False,False,True,0.0,0.0
2021-08-19,42673.270833333336,49197.0,34277.0,1672.4375,1819.6666666666667,41520.4375,18.700536941580758,2021,8,3,False,False,True,0.0,0.0
2021-08-20,42867.895833333336,49090.0,34582.0,799.5,2630.375,41504.458333333336,20.306335910652923,2021,8,4,False,False,True,0.0,0.0
2021-08-21,39935.9375,45953.0,33260.0,1691.8958333333333,2310.0208333333335,39055.395833333336,21.076181271477665,2021,8,5,True,False,False,0.0,0.0
2021-08-22,37972.125,43608.0,31889.0,3785.2083333333335,1964.0208333333333,39200.625,20.143384879725087,2021,8,6,True,False,False,0.0,0.0
2021-08-23,43165.333333333336,50607.0,32873.0,3485.75,2346.4375,40950.583333333336,19.470274914089348,2021,8,0,False,False,True,0.0,0.0
2021-08-24,44007.791666666664,50899.0,35011.0,5939.375,2215.9166666666665,40745.041666666664,19.642074742268044,2021,8,1,False,False,True,0.0,0.0
2021-08-25,44351.875,50874.0,34907.0,4280.541666666667,2693.5,40962.729166666664,19.544394329896907,2021,8,2,False,False,True,0.0,0.0
2021-08-26,44987.895833333336,51768.0,35763.0,3342.4791666666665,2566.625,41575.1875,19.021628006872852,2021,8,3,False,False,True,0.0,0.0
2021-08-27,44431.8125,51241.0,35850.0,3305.6875,2502.625,41379.708333333336,18.404875429553265,2021,8,4,False,False,True,0.0,0.0
2021-08-28,40160.979166666664,45899.0,33917.0,4076.1666666666665,2582.4375,40156.4375,17.656335910652924,2021,8,5,True,False,False,0.34366408934707593,0.0
2021-08-29,38461.8125,44173.0,32302.0,3467.2291666666665,2338.4791666666665,40204.666666666664,17.603071305841922,2021,8,6,True,False,False,0.39692869415807763,0.0
2021-08-30,44769.979166666664,52426.0,33886.0,3660.1458333333335,2233.9166666666665,42372.729166666664,18.001224226804126,2021,8,0,False,False,True,0.0,0.0
2021-08-31,46150.5,52990.0,36574.0,3992.9791666666665,2426.8541666666665,43113.104166666664,18.792633161512025,2021,8,1,False,False,True,0.0,0.0
2021-09-01,46488.270833333336,53488.0,36748.0,5617.4375,2521.8541666666665,43025.3125,19.00807560137457,2021,9,2,False,False,True,0.0,0.0
2021-09-02,46489.479166666664,53439.0,36834.0,4846.104166666667,1852.375,43243.1875,19.593857388316152,2021,9,3,False,False,True,0.0,0.0
2021-09-03,45977.875,53164.0,36617.0,1616.1875,1712.6458333333333,43233.8125,19.91310137457045,2021,9,4,False,False,True,0.0,0.0
2021-09-04,41094.75,47382.0,34006.0,691.625,2178.5625,40713.166666666664,20.468105670103096,2021,9,5,True,False,False,0.0,0.0
2021-09-05,39332.708333333336,45301.0,32549.0,484.6041666666667,2609.25,40026.9375,21.42345360824742,2021,9,6,True,False,False,0.0,0.0
2021-09-06,46005.791666666664,53581.0,34157.0,1394.5416666666667,2627.9583333333335,42312.916666666664,22.315012886597938,2021,9,0,False,False,True,0.0,0.0
2021-09-07,47241.229166666664,54194.0,36598.0,3747.1041666666665,2376.0625,43313.0,22.952341065292096,2021,9,1,False,False,True,0.0,0.0
2021-09-08,47219.4375,54405.0,36907.0,3871.875,1958.6666666666667,42773.520833333336,22.65350085910653,2021,9,2,False,False,True,0.0,0.0
2021-09-09,46930.395833333336,53831.0,36787.0,2442.25,1277.25,42185.708333333336,21.400536941580757,2021,9,3,False,False,True,0.0,0.0
2021-09-10,46034.395833333336,53063.0,36614.0,1984.9791666666667,1586.1458333333333,41177.395833333336,19.882689003436425,2021,9,4,False,False,True,0.0,0.0
2021-09-11,40757.354166666664,46919.0,34080.0,1220.3125,2323.3541666666665,38922.0625,19.089518900343645,2021,9,5,True,False,False,0.0,0.0
2021-09-12,38735.291666666664,44840.0,32184.0,650.8541666666666,2539.5208333333335,39515.541666666664,19.10098797250859,2021,9,6,True,False,False,0.0,0.0
2021-09-13,45232.479166666664,52576.0,33546.0,1775.2083333333333,2162.6458333333335,41107.0625,20.435438144329897,2021,9,0,False,False,True,0.0,0.0
2021-09-14,46735.0,53700.0,36272.0,2494.2916666666665,1304.7708333333333,40473.541666666664,21.346907216494845,2021,9,1,False,False,True,0.0,0.0
2021-09-15,46836.3125,54026.0,36255.0,1800.9375,1306.75,40731.229166666664,20.207474226804123,2021,9,2,False,False,True,0.0,0.0
2021-09-16,46383.6875,52969.0,36516.0,672.625,1340.2708333333333,41457.729166666664,18.538036941580756,2021,9,3,False,False,True,0.0,0.0
2021-09-17,45535.354166666664,52113.0,35999.0,716.7291666666666,2160.6875,40377.083333333336,18.123668384879725,2021,9,4,False,False,True,0.0,0.0
2021-09-18,40730.979166666664,47256.0,33726.0,1480.7916666666667,1569.4166666666667,36558.625,17.903307560137456,2021,9,5,True,False,False,0.09669243986254372,0.0
2021-09-19,38701.75,45132.0,32020.0,2851.7291666666665,1575.3958333333333,36277.770833333336,16.786125429553266,2021,9,6,True,False,False,1.213874570446734,0.0
2021-09-20,44908.708333333336,52317.0,33543.0,2059.5208333333335,1588.5,39024.833333333336,16.072723367697595,2021,9,0,False,False,True,1.927276632302405,0.0
2021-09-21,45894.875,52320.0,35833.0,2573.8333333333335,1868.25,40780.583333333336,15.591623711340208,2021,9,1,False,False,True,2.4083762886597917,0.0
2021-09-22,46121.770833333336,52760.0,36370.0,1586.0,2428.9583333333335,40648.166666666664,15.681743986254295,2021,9,2,False,False,True,2.318256013745705,0.0
2021-09-23,46259.083333333336,52295.0,36591.0,1118.375,2436.7083333333335,39886.520833333336,16.173539518900345,2021,9,3,False,False,True,1.8264604810996552,0.0
2021-09-24,45732.458333333336,52324.0,36467.0,765.1041666666666,2235.5833333333335,38935.041666666664,17.334342783505157,2021,9,4,False,False,True,0.6656572164948429,0.0
2021-09-25,41058.0625,47282.0,34375.0,1334.6875,1559.8958333333333,37159.270833333336,18.17132731958763,2021,9,5,True,False,False,0.0,0.0
2021-09-26,38676.25,44943.0,32031.0,2563.5625,1502.8541666666667,36684.708333333336,18.474763745704468,2021,9,6,True,False,False,0.0,0.0
2021-09-27,45303.583333333336,52621.0,33802.0,5406.479166666667,1467.9583333333333,38144.083333333336,17.557560137457045,2021,9,0,False,False,True,0.44243986254295464,0.0
2021-09-28,46596.541666666664,52763.0,36589.0,2266.7291666666665,1686.8958333333333,39234.916666666664,15.554037800687285,2021,9,1,False,False,True,2.4459621993127154,0.0
2021-09-29,47094.291666666664,53360.0,36846.0,6219.1875,1853.5,39627.1875,15.479853951890034,2021,9,2,False,False,True,2.5201460481099662,0.0
2021-09-30,47620.833333333336,53569.0,37882.0,2722.6875,2317.5833333333335,40327.645833333336,13.358741408934709,2021,9,3,False,False,True,4.6412585910652915,0.0
2021-10-01,47697.583333333336,53814.0,38411.0,5490.166666666667,1671.5833333333333,40680.854166666664,14.447916666666666,2021,10,4,False,False,True,3.552083333333334,0.0
2021-10-02,42977.9375,48902.0,35573.0,8299.125,1498.9583333333333,37520.625,16.280777491408934,2021,10,5,True,False,False,1.7192225085910664,0.0
2021-10-03,41024.020833333336,48067.0,33501.0,7851.0625,696.3541666666666,34864.979166666664,16.701610824742268,2021,10,6,True,False,False,1.2983891752577321,0.0
2021-10-04,47316.791666666664,54125.0,35917.0,5267.916666666667,1324.7083333333333,39574.854166666664,13.279875429553263,2021,10,0,False,False,True,4.720124570446737,0.0
2021-10-05,48933.770833333336,55425.0,38343.0,9125.041666666666,1122.3333333333333,38829.354166666664,13.655412371134021,2021,10,1,False,False,True,4.344587628865979,0.0
2021-10-06,49839.020833333336,56094.0,39927.0,7211.645833333333,1899.4583333333333,39795.166666666664,12.898539518900343,2021,10,2,False,False,True,5.101460481099657,0.0
2021-10-07,49912.5625,55969.0,40256.0,1884.1458333333333,2050.0833333333335,40253.895833333336,12.695940721649487,2021,10,3,False,False,True,5.304059278350513,0.0
2021-10-08,49085.145833333336,55716.0,40280.0,3747.125,2172.7083333333335,40623.5,12.913316151202748,2021,10,4,False,False,True,5.086683848797252,0.0
2021-10-09,44034.083333333336,49506.0,37637.0,2621.25,1831.1458333333333,40980.3125,12.960932130584194,2021,10,5,True,False,False,5.039067869415806,0.0
2021-10-10,42656.729166666664,49062.0,36346.0,1910.6875,1983.1875,41565.229166666664,12.531915807560136,2021,10,6,True,False,False,5.468084192439864,0.0
2021-10-11,49519.020833333336,56389.0,38347.0,2723.0416666666665,2013.625,43018.229166666664,12.231658075601375,2021,10,0,False,False,True,5.768341924398625,0.0
2021-10-12,51544.083333333336,58139.0,41602.0,2832.0625,1918.3333333333333,43815.875,11.648840206185564,2021,10,1,False,False,True,6.3511597938144355,0.0
2021-10-13,51827.041666666664,58251.0,41910.0,2128.625,1946.7291666666667,43866.541666666664,11.111297250859106,2021,10,2,False,False,True,6.888702749140894,0.0
2021-10-14,52955.9375,60482.0,43866.0,1391.7916666666667,2205.9375,44166.604166666664,10.558977663230241,2021,10,3,False,False,True,7.441022336769759,0.0
2021-10-15,52312.875,60339.0,44245.0,1097.4166666666667,1838.7291666666667,43108.583333333336,11.309063573883163,2021,10,4,False,False,True,6.690936426116837,0.0
2021-10-16,47333.5625,52185.0,41524.0,1049.3333333333333,1965.25,42886.479166666664,11.05700171821306,2021,10,5,True,False,False,6.94299828178694,0.0
2021-10-17,45733.5,51782.0,40171.0,1596.7708333333333,1834.5208333333333,42580.645833333336,11.314561855670103,2021,10,6,True,False,False,6.685438144329897,0.0
2021-10-18,51491.916666666664,58739.0,40850.0,3023.2708333333335,1564.625,43074.854166666664,12.564819587628868,2021,10,0,False,False,True,5.435180412371132,0.0
2021-10-19,50346.4375,56345.0,41262.0,6824.104166666667,1702.0625,41362.5625,16.027835051546393,2021,10,1,False,False,True,1.9721649484536066,0.0
2021-10-20,50051.9375,56909.0,39784.0,11981.416666666666,908.6875,40917.958333333336,17.16935137457045,2021,10,2,False,False,True,0.83064862542955,0.0
2021-10-21,50680.104166666664,58117.0,40277.0,9433.979166666666,1275.5625,40367.666666666664,13.89768041237113,2021,10,3,False,False,True,4.10231958762887,0.0
2021-10-22,52415.270833333336,59723.0,43207.0,2910.125,1545.4375,40280.875,10.558290378006875,2021,10,4,False,False,True,7.441709621993125,0.0
2021-10-23,48177.6875,53230.0,42044.0,1631.625,1952.2291666666667,38487.3125,9.887822164948455,2021,10,5,True,False,False,8.112177835051545,0.0
2021-10-24,47252.791666666664,52568.0,41634.0,3324.4375,1947.1875,39813.729166666664,9.658225945017183,2021,10,6,True,False,False,8.341774054982817,0.0
2021-10-25,53146.104166666664,60215.0,42283.0,2459.2916666666665,1314.2916666666667,40731.708333333336,11.449527491408936,2021,10,0,False,False,True,6.550472508591064,0.0
2021-10-26,53481.666666666664,60093.0,43577.0,2877.3541666666665,1336.4375,41669.5625,11.966194158075602,2021,10,1,False,False,True,6.033805841924398,0.0
2021-10-27,53551.375,60477.0,44518.0,2251.125,1732.5833333333333,43008.041666666664,11.358140034364263,2021,10,2,False,False,True,6.641859965635737,0.0
2021-10-28,53622.125,61178.0,45177.0,6330.333333333333,1702.4166666666667,44001.520833333336,11.911877147766322,2021,10,3,False,False,True,6.088122852233678,0.0
2021-10-29,52477.666666666664,58952.0,43500.0,9661.1875,850.8333333333334,42983.3125,13.573646907216494,2021,10,4,False,False,True,4.426353092783506,0.0
2021-10-30,47438.75,53535.0,40540.0,6987.9375,579.4375,41920.145833333336,13.815635738831615,2021,10,5,True,False,False,4.184364261168385,0.0
2021-10-31,44693.583333333336,49559.0,37928.0,9229.1875,900.1458333333334,38308.8125,14.14823883161512,2021,10,6,True,False,False,3.851761168384879,0.0
2021-11-01,46962.541666666664,54596.0,39442.0,7762.604166666667,1221.25,38685.4375,11.852813573883164,2021,11,0,False,True,False,6.147186426116836,0.0
2021-11-02,54885.854166666664,63944.0,42962.0,3537.0625,1068.5833333333333,41901.9375,10.052491408934708,2021,11,1,False,False,True,7.947508591065292,0.0
2021-11-03,57616.791666666664,66070.0,46961.0,3167.9166666666665,939.3333333333334,41983.875,8.981529209621995,2021,11,2,False,False,True,9.018470790378005,0.0
2021-11-04,60214.041666666664,68334.0,49974.0,3239.8541666666665,1167.4375,42411.1875,7.60264175257732,2021,11,3,False,False,True,10.39735824742268,0.0
2021-11-05,60357.958333333336,66902.0,51116.0,2372.25,1226.4791666666667,41365.958333333336,7.509235395189004,2021,11,4,False,False,True,10.490764604810996,0.0
2021-11-06,56932.583333333336,61944.0,51376.0,3350.9791666666665,1529.7708333333333,39520.895833333336,6.518427835051547,2021,11,5,True,False,False,11.481572164948453,0.0
2021-11-07,53840.125,60230.0,48012.0,4910.291666666667,947.6041666666666,39434.666666666664,8.67482817869416,2021,11,6,True,False,False,9.32517182130584,0.0
2021-11-08,59935.104166666664,68940.0,48472.0,1951.0,1340.3333333333333,41063.5,8.567375429553264,2021,11,0,False,False,True,9.432624570446736,0.0
2021-11-09,62258.166666666664,70051.0,52457.0,1470.8541666666667,1475.1875,42460.0625,6.660115979381444,2021,11,1,False,False,True,11.339884020618555,0.0
2021-11-10,63660.666666666664,71201.0,53855.0,710.7083333333334,979.9375,42548.333333333336,6.437693298969073,2021,11,2,False,False,True,11.562306701030927,0.0
2021-11-11,57117.104166666664,62566.0,51311.0,776.8958333333334,1193.2083333333333,41693.729166666664,7.294136597938145,2021,11,3,False,True,False,10.705863402061855,0.0
2021-11-12,59400.75,65490.0,51465.0,2901.25,1052.6666666666667,42163.479166666664,7.807366838487972,2021,11,4,False,False,True,10.192633161512028,0.0
2021-11-13,53852.125,58938.0,47271.0,4091.5833333333335,614.6666666666666,41823.229166666664,10.328565292096222,2021,11,5,True,False,False,7.671434707903778,0.0
2021-11-14,51359.479166666664,58526.0,43948.0,3235.9791666666665,607.8333333333334,41261.25,10.313659793814434,2021,11,6,True,False,False,7.686340206185566,0.0
2021-11-15,60512.208333333336,70438.0,46960.0,2866.8333333333335,388.5,41091.020833333336,8.439089347079038,2021,11,0,False,False,True,9.560910652920962,0.0
2021-11-16,62529.520833333336,71292.0,50788.0,915.1875,525.3333333333334,44006.1875,8.128823024054983,2021,11,1,False,False,True,9.871176975945017,0.0
2021-11-17,62447.041666666664,70640.0,51451.0,1778.7708333333333,575.2916666666666,44296.333333333336,8.251116838487972,2021,11,2,False,False,True,9.748883161512028,0.0
2021-11-18,62799.6875,70740.0,52816.0,1401.4166666666667,1113.125,44216.708333333336,7.576052405498283,2021,11,3,False,False,True,10.423947594501717,0.0
2021-11-19,62471.375,70122.0,53289.0,1118.2083333333333,1293.7708333333333,44297.833333333336,7.551997422680413,2021,11,4,False,False,True,10.448002577319587,0.0
2021-11-20,58228.3125,64023.0,50665.0,745.8541666666666,983.375,43424.854166666664,7.562865120274915,2021,11,5,True,False,False,10.437134879725086,0.0
2021-11-21,57245.666666666664,64281.0,49573.0,2366.5625,461.2708333333333,42632.166666666664,6.9977018900343655,2021,11,6,True,False,False,11.002298109965635,0.0
2021-11-22,65678.4375,75810.0,52549.0,9414.520833333334,774.875,42893.270833333336,6.253973367697594,2021,11,0,False,False,True,11.746026632302407,0.0
2021-11-23,68042.95833333333,75839.0,58137.0,7781.645833333333,1108.6041666666667,43073.916666666664,5.471842783505155,2021,11,1,False,False,True,12.528157216494845,0.0
2021-11-24,68604.08333333333,76846.0,57644.0,3243.9583333333335,606.5,41426.5,5.589690721649485,2021,11,2,False,False,True,12.410309278350514,0.0
2021-11-25,69264.875,77379.0,57695.0,2596.3333333333335,420.6875,42077.625,5.128951890034364,2021,11,3,False,False,True,12.871048109965635,0.0
2021-11-26,69582.04166666667,76284.0,58176.0,6980.9375,597.5833333333334,42119.833333333336,4.525150343642612,2021,11,4,False,False,True,13.474849656357389,0.0
2021-11-27,65342.895833333336,72011.0,56740.0,7203.291666666667,623.5833333333334,41895.916666666664,4.423732817869415,2021,11,5,True,False,False,13.576267182130586,0.0
2021-11-28,65299.625,73362.0,57049.0,7874.333333333333,646.2291666666666,42023.125,3.8384020618556707,2021,11,6,True,False,False,14.161597938144329,0.0
2021-11-29,73493.6875,83349.0,60942.0,3290.8333333333335,775.9583333333334,42978.354166666664,2.465012886597938,2021,11,0,False,False,True,15.534987113402062,0.0
2021-11-30,74693.89583333333,81918.0,65206.0,10519.583333333334,942.8541666666666,44131.1875,4.238788659793814,2021,11,1,False,False,True,13.761211340206186,0.0
2021-12-01,70091.41666666667,77428.0,60255.0,10746.208333333334,486.3125,42959.645833333336,7.502534364261169,2021,12,2,False,False,True,10.49746563573883,0.0
2021-12-02,71654.125,81710.0,58973.0,6383.729166666667,801.2291666666666,42540.708333333336,4.489583333333333,2021,12,3,False,False,True,13.510416666666668,0.0
2021-12-03,73564.75,80768.0,63745.0,8035.645833333333,680.4791666666666,42157.229166666664,3.754596219931272,2021,12,4,False,False,True,14.245403780068727,0.0
2021-12-04,63056.979166666664,68957.0,54731.0,10080.666666666666,432.9375,40650.604166666664,8.04647766323024,2021,12,5,True,False,False,9.95352233676976,0.0
2021-12-05,63549.104166666664,71115.0,55520.0,6831.375,697.375,40478.041666666664,4.764905498281787,2021,12,6,True,False,False,13.235094501718212,0.0
2021-12-06,70529.9375,79541.0,58001.0,5683.5625,651.8958333333334,41671.520833333336,4.8955756013745715,2021,12,0,False,False,True,13.10442439862543,0.0
2021-12-07,71473.47916666667,79001.0,60138.0,9414.583333333334,445.1666666666667,41866.0,6.042504295532646,2021,12,1,False,False,True,11.957495704467355,0.0
2021-12-08,71589.95833333333,80731.0,59302.0,7064.875,505.9583333333333,41937.0625,5.481164089347079,2021,12,2,False,False,True,12.518835910652921,0.0
2021-12-09,73340.10416666667,80936.0,62924.0,6561.166666666667,636.3333333333334,42487.729166666664,4.280047250859106,2021,12,3,False,False,True,13.719952749140894,0.0
2021-12-10,72196.04166666667,78737.0,61332.0,12938.895833333334,396.0208333333333,42662.541666666664,5.9314862542955336,2021,12,4,False,False,True,12.068513745704466,0.0
2021-12-11,66461.375,71938.0,59428.0,4794.979166666667,737.8333333333334,42879.145833333336,5.108483676975945,2021,12,5,True,False,False,12.891516323024055,0.0
2021-12-12,62012.833333333336,67757.0,55613.0,3891.6875,677.5833333333334,42315.3125,6.5185137457044675,2021,12,6,True,False,False,11.481486254295532,0.0
2021-12-13,67740.77083333333,76439.0,55466.0,1406.625,895.8125,43209.333333333336,6.547637457044672,2021,12,0,False,False,True,11.452362542955328,0.0
2021-12-14,70145.97916666667,77645.0,59325.0,738.0416666666666,917.125,43162.479166666664,5.305176116838488,2021,12,1,False,False,True,12.694823883161511,0.0
2021-12-15,70198.14583333333,78102.0,59142.0,1468.6458333333333,803.6875,43462.4375,6.293921821305841,2021,12,2,False,False,True,11.70607817869416,0.0
2021-12-16,69858.25,76791.0,59160.0,3301.8958333333335,856.5625,44490.666666666664,6.126095360824742,2021,12,3,False,False,True,11.873904639175258,0.0
2021-12-17,69650.875,77314.0,60193.0,6842.416666666667,1052.25,43074.291666666664,5.442310996563575,2021,12,4,False,False,True,12.557689003436426,0.0
2021-12-18,65189.8125,70120.0,58787.0,5386.604166666667,1154.0,43440.104166666664,4.7556701030927835,2021,12,5,True,False,False,13.244329896907217,0.0
2021-12-19,64627.6875,71006.0,57082.0,2978.25,837.3541666666666,42901.541666666664,4.318427835051547,2021,12,6,True,False,False,13.681572164948452,0.0
2021-12-20,72395.6875,80963.0,59485.0,3134.0,767.7916666666666,42231.5,3.376954467353952,2021,12,0,False,False,True,14.623045532646048,0.0
2021-12-21,75110.79166666667,82628.0,64499.0,2306.8333333333335,988.6666666666666,42492.5625,1.536726804123711,2021,12,1,False,False,True,16.46327319587629,0.0
2021-12-22,77162.5625,84231.0,67286.0,3538.6875,870.2083333333334,43996.9375,1.1883591065292098,2021,12,2,False,False,True,16.81164089347079,0.0
2021-12-23,71305.25,78122.0,64857.0,6690.0625,765.7916666666666,43089.5,5.372014604810998,2021,12,3,False,False,True,12.627985395189002,0.0
2021-12-24,61406.75,67457.0,54567.0,3444.375,420.1875,41519.583333333336,8.391494845360825,2021,12,4,False,False,True,9.608505154639175,0.0
2021-12-25,53687.520833333336,59072.0,48471.0,1530.9166666666667,560.4791666666666,41599.958333333336,8.62235824742268,2021,12,5,True,True,False,9.37764175257732,0.0
2021-12-26,53843.541666666664,59765.0,47151.0,2674.375,548.6666666666666,42209.145833333336,7.906636597938144,2021,12,6,True,False,False,10.093363402061856,0.0
2021-12-27,57965.958333333336,65383.0,48721.0,8043.125,407.4583333333333,43081.395833333336,9.1786941580756,2021,12,0,False,False,True,8.8213058419244,0.0
2021-12-28,57700.958333333336,64567.0,48975.0,13367.0,310.6666666666667,41631.979166666664,11.180648625429555,2021,12,1,False,False,True,6.819351374570445,0.0
2021-12-29,55535.354166666664,62426.0,47238.0,10257.291666666666,390.5,41874.104166666664,12.519351374570448,2021,12,2,False,False,True,5.480648625429552,0.0
2021-12-30,52834.520833333336,58972.0,44690.0,7297.25,856.2083333333334,39366.625,12.716151202749142,2021,12,3,False,False,True,5.283848797250858,0.0
2021-12-31,53373.854166666664,58341.0,46303.0,4561.375,1117.6041666666667,40692.395833333336,10.230004295532646,2021,12,4,False,False,True,7.7699957044673535,0.0
2022-01-01,50392.729166666664,55485.0,45792.0,4141.291666666667,1102.1458333333333,39936.479166666664,8.88758591065292,2022,1,5,True,True,False,9.11241408934708,0.0
2022-01-02,52312.520833333336,59697.0,44929.0,10078.291666666666,625.75,39405.020833333336,9.921219931271478,2022,1,6,True,False,False,8.078780068728522,0.0
2022-01-03,59529.729166666664,68248.0,47332.0,9288.625,719.3125,41902.333333333336,9.89727233676976,2022,1,0,False,False,True,8.10272766323024,0.0
2022-01-04,62207.875,71046.0,49965.0,7043.0625,460.4583333333333,44971.291666666664,9.674720790378005,2022,1,1,False,False,True,8.325279209621995,0.0
2022-01-05,68334.75,78625.0,55527.0,5807.0,1020.7708333333334,45769.729166666664,4.4634450171821305,2022,1,2,False,False,True,13.536554982817869,0.0
2022-01-06,72562.97916666667,80502.0,61720.0,3677.9791666666665,1181.1458333333333,47462.833333333336,2.992633161512028,2022,1,3,False,False,True,15.007366838487972,0.0
2022-01-07,72429.95833333333,79684.0,63136.0,9586.354166666666,838.1875,47372.729166666664,3.986275773195876,2022,1,4,False,False,True,14.013724226804124,0.0
2022-01-08,65133.5625,71357.0,57498.0,11210.833333333334,587.875,45646.166666666664,6.3868341924398635,2022,1,5,True,False,False,11.613165807560136,0.0
2022-01-09,62454.833333333336,69451.0,54967.0,7116.583333333333,434.5208333333333,46007.1875,6.331572164948453,2022,1,6,True,False,False,11.668427835051547,0.0
2022-01-10,69600.5625,78756.0,56555.0,1540.8541666666667,524.2708333333334,48613.0,4.875322164948453,2022,1,0,False,False,True,13.124677835051546,0.0
2022-01-11,72614.89583333333,81140.0,61009.0,2421.5208333333335,1219.8958333333333,47435.458333333336,2.8789733676975944,2022,1,1,False,False,True,15.121026632302407,0.0
2022-01-12,75118.41666666667,82529.0,64711.0,2274.9375,1249.9375,47574.0,2.040077319587629,2022,1,2,False,False,True,15.95992268041237,0.0
2022-01-13,76408.97916666667,83853.0,66500.0,2365.9375,1272.8541666666667,47689.4375,1.5413445017182126,2022,1,3,False,False,True,16.458655498281786,0.0
2022-01-14,77287.1875,86978.0,68812.0,792.4375,1369.7916666666667,48414.916666666664,0.8437070446735395,2022,1,4,False,False,True,17.15629295532646,0.0
2022-01-15,72874.52083333333,78199.0,66736.0,828.9375,1344.6875,48531.75,0.4028994845360825,2022,1,5,True,False,False,17.597100515463918,0.0
2022-01-16,70711.47916666667,76542.0,64842.0,2324.6041666666665,1101.5833333333333,48657.1875,1.1471005154639176,2022,1,6,True,False,False,16.85289948453608,0.0
2022-01-17,74668.0,82395.0,63869.0,1424.7708333333333,898.2083333333334,48762.708333333336,3.3508805841924403,2022,1,0,False,False,True,14.64911941580756,0.0
2022-01-18,75098.77083333333,82616.0,65312.0,2791.8125,908.7708333333334,48545.25,3.2834407216494843,2022,1,1,False,False,True,14.716559278350516,0.0
2022-01-19,74978.35416666667,82354.0,64674.0,2944.2083333333335,476.1875,48568.833333333336,3.6711769759450172,2022,1,2,False,False,True,14.328823024054984,0.0
2022-01-20,73797.45833333333,81789.0,63198.0,4066.0416666666665,864.7083333333334,48308.354166666664,4.015592783505155,2022,1,3,False,False,True,13.984407216494844,0.0
2022-01-21,75236.16666666667,83392.0,65393.0,4146.791666666667,1374.3541666666667,48798.583333333336,2.5722293814432984,2022,1,4,False,False,True,15.427770618556702,0.0
2022-01-22,70402.58333333333,75929.0,64281.0,2368.7291666666665,1231.0208333333333,49405.104166666664,2.9159579037800687,2022,1,5,True,False,False,15.084042096219932,0.0
2022-01-23,67432.5,74611.0,60687.0,2502.25,1262.3333333333333,48436.354166666664,3.4166451890034364,2022,1,6,True,False,False,14.583354810996564,0.0
2022-01-24,74803.60416666667,84219.0,64727.0,1859.7708333333333,1539.1458333333333,49249.708333333336,2.3248496563573884,2022,1,0,False,False,True,15.675150343642612,0.0
2022-01-25,77764.47916666667,85727.0,67991.0,317.6666666666667,1340.375,49086.666666666664,1.2655927835051546,2022,1,1,False,False,True,16.734407216494844,0.0
2022-01-26,78374.14583333333,85666.0,68228.0,781.4166666666666,1223.8333333333333,49450.520833333336,1.3687070446735394,2022,1,2,False,False,True,16.63129295532646,0.0
2022-01-27,77493.14583333333,85120.0,68163.0,3581.2291666666665,1125.7916666666667,49113.875,2.019888316151203,2022,1,3,False,False,True,15.980111683848797,0.0
2022-01-28,74330.8125,82356.0,65234.0,2004.1458333333333,962.125,49347.1875,3.6113616838487976,2022,1,4,False,False,True,14.388638316151201,0.0
2022-01-29,67133.35416666667,73115.0,60594.0,7401.020833333333,852.8125,48083.6875,4.865678694158076,2022,1,5,True,False,False,13.134321305841924,0.0
2022-01-30,62109.125,69200.0,55894.0,2594.25,1024.0,48674.645833333336,5.694286941580755,2022,1,6,True,False,False,12.305713058419245,0.0
2022-01-31,69934.64583333333,78874.0,58273.0,11582.416666666666,901.5625,47692.604166666664,5.960373711340205,2022,1,0,False,False,True,12.039626288659795,0.0
2022-02-01,71869.20833333333,78745.0,62055.0,9595.979166666666,882.7291666666666,47621.020833333336,5.495919243986254,2022,2,1,False,False,True,12.504080756013746,0.0
2022-02-02,67294.6875,73852.0,57761.0,5867.958333333333,858.0,47767.229166666664,8.86595790378007,2022,2,2,False,False,True,9.13404209621993,0.0
2022-02-03,67597.27083333333,74645.0,57434.0,2711.2083333333335,829.6458333333334,48249.791666666664,6.816258591065292,2022,2,3,False,False,True,11.183741408934708,0.0
2022-02-04,66507.0625,73019.0,56577.0,7546.708333333333,762.5833333333334,47988.4375,7.403414948453609,2022,2,4,False,False,True,10.596585051546391,0.0
2022-02-05,62094.625,67150.0,56552.0,6138.291666666667,1668.7291666666667,44892.645833333336,6.060996563573883,2022,2,5,True,False,False,11.939003436426116,0.0
2022-02-06,61556.770833333336,67146.0,56031.0,14970.229166666666,861.0625,42860.083333333336,6.7446735395189,2022,2,6,True,False,False,11.2553264604811,0.0
2022-02-07,64835.270833333336,72702.0,54420.0,6085.395833333333,1479.8958333333333,44907.145833333336,7.6591280068728524,2022,2,0,False,False,True,10.340871993127148,0.0
2022-02-08,66519.89583333333,74077.0,58560.0,3730.4791666666665,1761.8541666666667,45591.770833333336,6.574269759450172,2022,2,1,False,False,True,11.425730240549829,0.0
2022-02-09,66171.25,74963.0,58373.0,2309.0208333333335,1787.5625,45673.0,6.180476804123712,2022,2,2,False,False,True,11.819523195876288,0.0
2022-02-10,65813.16666666667,72285.0,56780.0,3840.75,1414.1041666666667,45914.479166666664,7.137607388316152,2022,2,3,False,False,True,10.862392611683848,0.0
2022-02-11,66653.89583333333,74940.0,57745.0,2705.5208333333335,1618.625,46292.229166666664,5.482689003436426,2022,2,4,False,False,True,12.517310996563573,0.0
2022-02-12,64375.541666666664,70053.0,57412.0,4508.520833333333,1739.3958333333333,43764.125,3.573926116838488,2022,2,5,True,False,False,14.426073883161513,0.0
2022-02-13,60824.5625,66191.0,54973.0,11438.875,1533.9583333333333,41838.416666666664,7.081808419243987,2022,2,6,True,False,False,10.918191580756012,0.0
2022-02-14,64606.395833333336,72916.0,52976.0,9602.854166666666,778.8333333333334,42775.395833333336,8.573109965635739,2022,2,0,False,False,True,9.426890034364261,0.0
2022-02-15,66966.6875,74270.0,56977.0,9448.708333333334,1174.5416666666667,44176.375,7.0687500000000005,2022,2,1,False,False,True,10.931249999999999,0.0
2022-02-16,65238.0625,71926.0,56472.0,15142.958333333334,556.0625,43857.895833333336,10.059042096219931,2022,2,2,False,False,True,7.940957903780069,0.0
2022-02-17,60878.458333333336,66742.0,52452.0,12421.458333333334,1155.0833333333333,42545.833333333336,11.716645189003438,2022,2,3,False,False,True,6.283354810996562,0.0
2022-02-18,60036.9375,66276.0,50855.0,12330.458333333334,1314.9375,43581.6875,10.54278350515464,2022,2,4,False,False,True,7.45721649484536,0.0
2022-02-19,58491.291666666664,64841.0,52362.0,11064.666666666666,1649.9375,40853.25,7.410330756013748,2022,2,5,True,False,False,10.589669243986252,0.0
2022-02-20,56233.854166666664,62535.0,50700.0,13762.479166666666,1175.7083333333333,39243.083333333336,8.867439862542955,2022,2,6,True,False,False,9.132560137457045,0.0
2022-02-21,63398.791666666664,72040.0,51747.0,14467.8125,1292.625,41250.895833333336,8.90180412371134,2022,2,0,False,False,True,9.09819587628866,0.0
2022-02-22,63797.0625,70099.0,55040.0,8794.875,1443.1666666666667,43043.416666666664,8.784256872852232,2022,2,1,False,False,True,9.215743127147768,0.0
2022-02-23,62211.979166666664,69404.0,53831.0,1929.3958333333333,1875.9166666666667,43896.854166666664,8.578114261168384,2022,2,2,False,False,True,9.421885738831616,0.0
2022-02-24,63187.125,70765.0,53403.0,8351.416666666666,1226.2291666666667,43525.333333333336,8.463810137457044,2022,2,3,False,False,True,9.536189862542956,0.0
2022-02-25,64652.1875,72817.0,56903.0,5326.1875,2112.2083333333335,43866.083333333336,6.172680412371134,2022,2,4,False,False,True,11.827319587628866,0.0
2022-02-26,60716.833333333336,65728.0,53130.0,5326.916666666667,2578.625,42713.645833333336,4.888122852233677,2022,2,5,True,False,False,13.111877147766323,0.0
2022-02-27,59249.416666666664,64438.0,50979.0,6886.166666666667,2170.4166666666665,40992.729166666664,5.539926975945017,2022,2,6,True,False,False,12.460073024054983,0.0
2022-02-28,64028.166666666664,73310.0,57046.0,3332.5,2401.9583333333335,42267.291666666664,5.91786941580756,2022,2,0,False,False,True,12.08213058419244,0.0
2022-03-01,63931.895833333336,71616.0,56290.0,1967.5208333333333,1961.1875,43018.895833333336,6.754274054982816,2022,3,1,False,False,True,11.245725945017185,0.0
2022-03-02,63114.833333333336,69588.0,54347.0,1899.75,992.7916666666666,42800.770833333336,7.299914089347079,2022,3,2,False,False,True,10.70008591065292,0.0
2022-03-03,61699.395833333336,68014.0,53800.0,1047.5833333333333,1565.4375,42581.75,7.796950171821306,2022,3,3,False,False,True,10.203049828178694,0.0
2022-03-04,61523.833333333336,68231.0,53007.0,2762.5208333333335,1396.8541666666667,42873.020833333336,7.670554123711341,2022,3,4,False,False,True,10.32944587628866,0.0
2022-03-05,58380.291666666664,63760.0,52701.0,2565.3333333333335,1723.0416666666667,42839.0625,6.115829037800687,2022,3,5,True,False,False,11.884170962199313,0.0
2022-03-06,58364.6875,65848.0,52260.0,5068.6875,2100.7916666666665,42160.958333333336,4.9203823024055,2022,3,6,True,False,False,13.0796176975945,0.0
2022-03-07,67208.5,75925.0,58979.0,6565.375,2586.9375,42284.895833333336,3.743427835051547,2022,3,0,False,False,True,14.256572164948453,0.0
2022-03-08,67176.79166666667,75317.0,61419.0,6018.083333333333,1731.8125,42487.4375,5.482538659793814,2022,3,1,False,False,True,12.517461340206186,0.0
2022-03-09,63536.541666666664,71927.0,57257.0,4441.958333333333,2224.2291666666665,42585.75,7.734922680412372,2022,3,2,False,False,True,10.265077319587629,0.0
2022-03-10,61007.875,68411.0,54128.0,4967.166666666667,1579.3958333333333,39773.729166666664,8.937134879725088,2022,3,3,False,False,True,9.062865120274912,0.0
2022-03-11,60574.520833333336,66307.0,51674.0,10971.3125,1010.0833333333334,39387.645833333336,9.747852233676976,2022,3,4,False,False,True,8.252147766323024,0.0
2022-03-12,55827.541666666664,61038.0,49607.0,7729.895833333333,1217.6458333333333,35480.458333333336,9.147852233676977,2022,3,5,True,False,False,8.852147766323023,0.0
2022-03-13,54727.583333333336,62180.0,47885.0,8188.458333333333,910.9375,34643.104166666664,8.979961340206186,2022,3,6,True,False,False,9.020038659793814,0.0
2022-03-14,60229.979166666664,68244.0,51909.0,4092.3958333333335,1555.6041666666667,34935.520833333336,9.090335051546393,2022,3,0,False,False,True,8.909664948453607,0.0
2022-03-15,58920.875,65292.0,49768.0,4040.5,1158.8541666666667,35122.541666666664,11.317139175257733,2022,3,1,False,False,True,6.682860824742267,0.0
2022-03-16,58166.625,65351.0,48694.0,3725.25,941.75,35609.791666666664,11.732774914089347,2022,3,2,False,False,True,6.267225085910653,0.0
2022-03-17,59260.9375,66250.0,48866.0,5010.875,769.2708333333334,36035.625,10.1213058419244,2022,3,3,False,False,True,7.8786941580756,0.0
2022-03-18,59853.1875,67614.0,52037.0,10122.3125,1468.3333333333333,35926.416666666664,9.671756872852235,2022,3,4,False,False,True,8.328243127147765,0.0
2022-03-19,53634.520833333336,58332.0,47757.0,9672.729166666666,2057.6041666666665,33405.791666666664,10.37757731958763,2022,3,5,True,False,False,7.62242268041237,0.0
2022-03-20,51263.375,57412.0,46403.0,3762.875,1456.1666666666667,33039.208333333336,9.348496563573885,2022,3,6,True,False,False,8.651503436426115,0.0
2022-03-21,55368.020833333336,63049.0,47461.0,3787.0416666666665,2220.75,33292.979166666664,10.739497422680413,2022,3,0,False,False,True,7.260502577319587,0.0
2022-03-22,55409.6875,62656.0,48535.0,4243.5625,2685.125,33175.166666666664,10.300515463917527,2022,3,1,False,False,True,7.699484536082473,0.0
2022-03-23,55607.770833333336,63404.0,49079.0,2594.0416666666665,2902.0416666666665,32499.833333333332,9.875622852233677,2022,3,2,False,False,True,8.124377147766323,0.0
2022-03-24,55060.708333333336,63382.0,49441.0,2608.125,2872.7291666666665,32537.229166666668,10.303887457044672,2022,3,3,False,False,True,7.696112542955328,0.0
2022-03-25,53140.916666666664,60711.0,47043.0,4805.395833333333,2658.875,32239.229166666668,10.988917525773196,2022,3,4,False,False,True,7.011082474226804,0.0
2022-03-26,47547.9375,52177.0,42018.0,7351.145833333333,2879.6666666666665,28942.916666666668,11.712757731958764,2022,3,5,True,False,False,6.287242268041236,0.0
2022-03-27,44993.020833333336,49616.0,39165.0,3532.0,2555.4166666666665,29612.916666666668,12.519308419243986,2022,3,6,True,False,False,5.480691580756014,0.0
2022-03-28,50317.208333333336,58620.0,41338.0,1669.9791666666667,2390.8333333333335,30220.770833333332,12.594415807560138,2022,3,0,False,False,True,5.405584192439862,0.0
2022-03-29,51305.916666666664,57449.0,41880.0,2058.6458333333335,1538.5208333333333,30459.5625,12.24909793814433,2022,3,1,False,False,True,5.750902061855671,0.0
2022-03-30,53426.3125,60350.0,42835.0,1588.8541666666667,917.4375,30127.395833333332,10.5909793814433,2022,3,2,False,False,True,7.409020618556699,0.0
2022-03-31,57351.354166666664,63771.0,45893.0,6896.625,1672.9583333333333,29712.791666666668,8.017246563573881,2022,3,3,False,False,True,9.982753436426119,0.0
2022-04-01,64993.604166666664,72509.0,53393.0,10511.25,1723.1875,30399.645833333332,4.247830756013745,2022,4,4,False,False,True,13.752169243986256,0.0
2022-04-02,62704.583333333336,68237.0,56896.0,8737.145833333334,1788.9375,30331.0625,3.7103307560137457,2022,4,5,True,False,False,14.289669243986253,0.0
2022-04-03,60397.375,64948.0,54909.0,3487.125,1875.1041666666667,31319.229166666668,3.6242268041237113,2022,4,6,True,False,False,14.375773195876288,0.0
2022-04-04,64863.916666666664,74074.0,57554.0,6384.166666666667,2973.2083333333335,32020.625,5.0328608247422695,2022,4,0,False,False,True,12.967139175257731,0.0
2022-04-05,61993.875,70050.0,54541.0,6468.270833333333,2203.625,31897.333333333332,8.827255154639174,2022,4,1,False,False,True,9.172744845360826,0.0
2022-04-06,59639.916666666664,65991.0,50582.0,8640.3125,1328.75,31832.604166666668,10.249420103092783,2022,4,2,False,False,True,7.750579896907217,0.0
2022-04-07,58429.291666666664,64635.0,49938.0,14959.041666666666,1339.7291666666667,31175.583333333332,11.673560996563573,2022,4,3,False,False,True,6.326439003436427,0.0
2022-04-08,58149.666666666664,64949.0,48167.0,7807.645833333333,1523.5416666666667,31472.145833333332,10.64914089347079,2022,4,4,False,False,True,7.35085910652921,0.0
2022-04-09,54127.25,59484.0,49114.0,3513.0208333333335,2691.125,30461.208333333332,7.663380584192441,2022,4,5,True,False,False,10.336619415807558,0.0
2022-04-10,51516.104166666664,57450.0,43752.0,2289.5625,3405.0416666666665,30392.6875,7.701954467353953,2022,4,6,True,False,False,10.298045532646046,0.0
2022-04-11,54138.1875,62336.0,46806.0,8486.229166666666,2605.125,31005.541666666668,11.673281786941581,2022,4,0,False,False,True,6.3267182130584185,0.0
2022-04-12,52039.3125,57878.0,43874.0,5742.083333333333,1914.9166666666667,32105.354166666668,13.696477663230242,2022,4,1,False,False,True,4.303522336769758,0.0
2022-04-13,51314.25,57536.0,43049.0,1092.4375,1831.2916666666667,32402.333333333332,13.640549828178694,2022,4,2,False,False,True,4.359450171821306,0.0
2022-04-14,49550.8125,55867.0,42493.0,1057.6458333333333,3010.75,32711.145833333332,14.503887457044675,2022,4,3,False,False,True,3.4961125429553253,0.0
2022-04-15,47015.125,52674.0,39925.0,2029.4166666666667,3052.6041666666665,31984.145833333332,15.286834192439864,2022,4,4,False,False,True,2.713165807560136,0.0
2022-04-16,42024.083333333336,46969.0,36650.0,5308.083333333333,3408.8541666666665,28278.854166666668,14.740721649484536,2022,4,5,True,False,False,3.259278350515464,0.0
2022-04-17,39846.333333333336,44518.0,35554.0,4641.854166666667,3449.1041666666665,26513.395833333332,13.226052405498281,2022,4,6,True,False,False,4.773947594501719,0.0
2022-04-18,40908.8125,45954.0,35538.0,2384.0208333333335,2807.0833333333335,28322.416666666668,12.587006013745706,2022,4,0,False,True,False,5.412993986254294,0.0
2022-04-19,47483.854166666664,53472.0,37942.0,2361.8958333333335,2286.0416666666665,31315.479166666668,12.481443298969072,2022,4,1,False,False,True,5.518556701030928,0.0
2022-04-20,49160.166666666664,55051.0,40622.0,3869.0,1550.5208333333333,31191.583333333332,12.43116408934708,2022,4,2,False,False,True,5.56883591065292,0.0
2022-04-21,48890.0,54390.0,40982.0,3811.5416666666665,2049.1666666666665,30849.625,12.969995704467355,2022,4,3,False,False,True,5.030004295532645,0.0
2022-04-22,47594.854166666664,53340.0,40397.0,3980.375,2808.1458333333335,30710.6875,13.6659793814433,2022,4,4,False,False,True,4.3340206185567,0.0
2022-04-23,43761.979166666664,49513.0,37121.0,5930.270833333333,1251.7708333333333,27941.395833333332,13.12306701030928,2022,4,5,True,False,False,4.8769329896907205,0.0
2022-04-24,42519.770833333336,48142.0,36949.0,3371.1666666666665,1613.1666666666667,27867.75,12.553393470790379,2022,4,6,True,False,False,5.446606529209621,0.0
2022-04-25,48364.854166666664,54861.0,38971.0,2801.8333333333335,2522.7291666666665,29409.854166666668,12.23926116838488,2022,4,0,False,False,True,5.76073883161512,0.0
2022-04-26,48962.104166666664,54482.0,41344.0,2654.25,3298.5625,29826.333333333332,12.13062714776632,2022,4,1,False,False,True,5.869372852233679,0.0
2022-04-27,48386.125,53881.0,40985.0,5178.5625,2994.6666666666665,29267.229166666668,12.78769329896907,2022,4,2,False,False,True,5.212306701030929,0.0
2022-04-28,47737.291666666664,53044.0,39972.0,4401.8125,2728.4166666666665,28517.979166666668,14.356636597938147,2022,4,3,False,False,True,3.643363402061853,0.0
2022-04-29,46756.75,52301.0,39170.0,2951.8958333333335,2805.5,27612.604166666668,14.312779209621995,2022,4,4,False,False,True,3.6872207903780048,0.0
2022-04-30,42209.333333333336,47494.0,36946.0,3860.5833333333335,3059.4583333333335,27264.958333333332,13.280820446735396,2022,4,5,True,False,False,4.719179553264604,0.0
2022-05-01,39670.083333333336,44611.0,35094.0,1948.6041666666667,3191.6666666666665,27910.9375,12.972164948453608,2022,5,6,True,True,False,5.027835051546392,0.0
2022-05-02,45858.395833333336,52022.0,36217.0,2363.0625,2852.8333333333335,28507.8125,13.83213058419244,2022,5,0,False,False,True,4.16786941580756,0.0
2022-05-03,47191.4375,53038.0,38822.0,3121.7916666666665,2525.8541666666665,28278.020833333332,14.347487113402062,2022,5,1,False,False,True,3.652512886597938,0.0
2022-05-04,47633.791666666664,53538.0,39024.0,1680.5833333333333,2482.1041666666665,29223.416666666668,13.926202749140893,2022,5,2,False,False,True,4.073797250859107,0.0
2022-05-05,47873.8125,53889.0,39079.0,2022.1666666666667,2573.0833333333335,29398.166666666668,13.932259450171822,2022,5,3,False,False,True,4.067740549828178,0.0
2022-05-06,47222.8125,53155.0,39313.0,2897.8958333333335,2774.6458333333335,29097.708333333332,14.93640463917526,2022,5,4,False,False,True,3.06359536082474,0.0
2022-05-07,41717.854166666664,47225.0,36390.0,2801.8541666666665,3115.5833333333335,27507.5,15.757001718213061,2022,5,5,True,False,False,2.2429982817869387,0.0
2022-05-08,39290.270833333336,44686.0,33547.0,3322.0,2978.1041666666665,26705.5625,16.36585051546392,2022,5,6,True,True,False,1.6341494845360813,0.0
2022-05-09,45132.0625,51566.0,35002.0,1403.8333333333333,3461.7708333333335,27354.541666666668,17.449291237113403,2022,5,0,False,False,True,0.5507087628865968,0.0
2022-05-10,45859.708333333336,51984.0,36755.0,2385.7708333333335,3425.2083333333335,27995.333333333332,18.83281786941581,2022,5,1,False,False,True,0.0,0.0
2022-05-11,45875.75,52227.0,36554.0,5390.145833333333,3551.1041666666665,27823.458333333332,18.55079467353952,2022,5,2,False,False,True,0.0,0.0
2022-05-12,45910.270833333336,52073.0,36730.0,1977.7916666666667,2606.9375,28202.458333333332,17.379037800687286,2022,5,3,False,False,True,0.6209621993127143,0.0
2022-05-13,45382.166666666664,51764.0,36689.0,1709.9166666666667,3094.4791666666665,28001.25,16.787263745704465,2022,5,4,False,False,True,1.2127362542955353,0.0
2022-05-14,40653.979166666664,46374.0,34660.0,1282.25,3410.6875,26185.479166666668,18.078221649484536,2022,5,5,True,False,False,0.0,0.0
2022-05-15,38386.416666666664,43929.0,31855.0,3993.4375,3135.3541666666665,24638.145833333332,20.336941580756015,2022,5,6,True,False,False,0.0,0.0
2022-05-16,44621.916666666664,51650.0,33618.0,2842.8333333333335,3216.3958333333335,26282.0,19.97764175257732,2022,5,0,False,False,True,0.0,0.0
2022-05-17,46019.770833333336,52851.0,35899.0,1925.5833333333333,3548.6458333333335,26539.3125,21.149012027491406,2022,5,1,False,False,True,0.0,0.0
2022-05-18,46641.729166666664,53763.0,36392.0,1760.6041666666667,3426.8333333333335,27334.083333333332,21.93213058419244,2022,5,2,False,False,True,0.0,0.0
2022-05-19,46545.541666666664,53159.0,36596.0,3455.8333333333335,2968.1666666666665,28012.291666666668,21.817719072164948,2022,5,3,False,False,True,0.0,0.0
2022-05-20,45823.854166666664,52828.0,36472.0,4608.145833333333,2886.25,28396.0,20.429810996563575,2022,5,4,False,False,True,0.0,0.0
2022-05-21,40899.395833333336,46813.0,34316.0,1322.4583333333333,3438.3958333333335,26856.6875,19.60588487972509,2022,5,5,True,False,False,0.0,0.0
2022-05-22,38818.979166666664,44655.0,31963.0,1839.1666666666667,2732.0,27555.375,20.7224441580756,2022,5,6,True,False,False,0.0,0.0
2022-05-23,44802.145833333336,52380.0,34039.0,4922.520833333333,1909.2916666666667,27919.5,18.446649484536085,2022,5,0,False,False,True,0.0,0.0
2022-05-24,44928.229166666664,51283.0,35637.0,4260.270833333333,2428.1041666666665,27851.1875,15.663230240549828,2022,5,1,False,False,True,2.3367697594501724,0.0
2022-05-25,45156.291666666664,52019.0,36050.0,4462.833333333333,2752.7916666666665,27754.4375,15.716559278350518,2022,5,2,False,False,True,2.283440721649482,0.0
2022-05-26,40268.3125,46160.0,33881.0,3809.5625,2386.5208333333335,24749.375,16.89735824742268,2022,5,3,False,True,False,1.1026417525773198,0.0
2022-05-27,41686.458333333336,48229.0,34127.0,3114.0208333333335,2942.2916666666665,25611.791666666668,17.583569587628865,2022,5,4,False,False,True,0.41643041237113465,0.0
2022-05-28,39672.041666666664,45330.0,33743.0,4032.1458333333335,3729.6458333333335,26364.75,16.872229381443297,2022,5,5,True,False,False,1.1277706185567027,0.0
2022-05-29,38019.75,43276.0,31902.0,4274.083333333333,3783.125,26238.458333333332,15.107452749140894,2022,5,6,True,False,False,2.8925472508591064,0.0
2022-05-30,44559.625,51610.0,34171.0,1647.3125,3414.0833333333335,30133.645833333332,15.046821305841926,2022,5,0,False,False,True,2.9531786941580744,0.0
2022-05-31,45773.979166666664,52093.0,36399.0,1582.1666666666667,3119.9791666666665,30398.041666666668,16.64050687285223,2022,5,1,False,False,True,1.3594931271477684,0.0
2022-06-01,46021.3125,52787.0,36597.0,1483.8125,3472.3541666666665,30313.0625,17.42433419243986,2022,6,2,False,False,True,0.5756658075601386,0.0
2022-06-02,46138.645833333336,52463.0,36736.0,2752.0625,3177.5,29754.166666666668,19.198668384879724,2022,6,3,False,False,True,0.0,0.0
2022-06-03,45699.104166666664,52615.0,36290.0,2267.8125,2696.625,29747.791666666668,20.648238831615124,2022,6,4,False,False,True,0.0,0.0
2022-06-04,41022.958333333336,47561.0,34119.0,2365.0416666666665,2759.7083333333335,27512.270833333332,21.164475945017184,2022,6,5,True,False,False,0.0,0.0
2022-06-05,38073.229166666664,44068.0,31573.0,3324.4583333333335,2503.9375,25749.6875,19.797744845360825,2022,6,6,True,False,False,0.0,0.0
2022-06-06,39658.3125,46538.0,31896.0,2604.7916666666665,2890.2291666666665,27138.8125,18.57609536082474,2022,6,0,False,True,False,0.0,0.0
2022-06-07,44882.854166666664,52142.0,33972.0,3740.9375,2946.0,28997.270833333332,18.598024054982815,2022,6,1,False,False,True,0.0,0.0
2022-06-08,45616.5,52700.0,36061.0,5167.270833333333,1959.6666666666667,29147.958333333332,17.553157216494846,2022,6,2,False,False,True,0.4468427835051543,0.0
2022-06-09,45508.875,52157.0,36030.0,3987.25,3089.9791666666665,28663.229166666668,17.10191151202749,2022,6,3,False,False,True,0.8980884879725117,0.0
2022-06-10,45427.270833333336,52464.0,36351.0,1901.0208333333333,3701.5208333333335,28558.333333333332,18.881400343642614,2022,6,4,False,False,True,0.0,0.0
2022-06-11,40962.541666666664,47385.0,34063.0,939.3333333333334,3723.8333333333335,27103.729166666668,20.608011168384877,2022,6,5,True,False,False,0.0,0.0
2022-06-12,39000.208333333336,44830.0,31873.0,2436.2291666666665,3286.9166666666665,26034.083333333332,20.640850515463917,2022,6,6,True,False,False,0.0,0.0
2022-06-13,45176.083333333336,52489.0,33919.0,2282.2291666666665,3648.7083333333335,28434.0,20.3423324742268,2022,6,0,False,False,True,0.0,0.0
2022-06-14,46852.875,53582.0,36283.0,2235.4791666666665,3685.1666666666665,28753.958333333332,21.48498711340206,2022,6,1,False,False,True,0.0,0.0
2022-06-15,47960.375,55345.0,37257.0,1827.875,3521.3333333333335,28344.5625,23.473496563573885,2022,6,2,False,False,True,0.0,0.0
2022-06-16,48376.083333333336,55506.0,37474.0,1250.3958333333333,3534.6458333333335,27789.375,24.128865979381445,2022,6,3,False,False,True,0.0,0.12886597938144462
2022-06-17,48539.1875,56314.0,37801.0,1623.3125,3670.5416666666665,27919.25,25.977512886597935,2022,6,4,False,False,True,0.0,1.9775128865979354
2022-06-18,44108.083333333336,50637.0,35977.0,2693.0833333333335,3628.6458333333335,26138.4375,27.183376288659794,2022,6,5,True,False,False,0.0,3.183376288659794
2022-06-19,40748.75,46302.0,33548.0,6858.770833333333,3341.625,25424.25,24.010073024054986,2022,6,6,True,False,False,0.0,0.01007302405498578
2022-06-20,46381.729166666664,53845.0,35179.0,3785.2083333333335,2976.8333333333335,27632.020833333332,21.989540378006872,2022,6,0,False,False,True,0.0,0.0
2022-06-21,47220.166666666664,54355.0,37087.0,2358.3125,2465.9375,28808.25,21.759385738831615,2022,6,1,False,False,True,0.0,0.0
2022-06-22,47195.8125,54366.0,37607.0,2384.3958333333335,2438.625,29246.104166666668,21.332474226804123,2022,6,2,False,False,True,0.0,0.0
2022-06-23,46904.1875,53742.0,37153.0,1377.4583333333333,2690.375,29556.5625,21.23741408934708,2022,6,3,False,False,True,0.0,0.0
2022-06-24,45496.041666666664,52412.0,36853.0,3899.9583333333335,2598.1666666666665,28509.125,19.869072164948452,2022,6,4,False,False,True,0.0,0.0
2022-06-25,40422.9375,46798.0,33781.0,2739.4166666666665,2372.1458333333335,27081.104166666668,19.012457044673535,2022,6,5,True,False,False,0.0,0.0
2022-06-26,38650.020833333336,44541.0,31899.0,1395.3125,2057.875,27693.625,18.574463058419248,2022,6,6,True,False,False,0.0,0.0
2022-06-27,44627.979166666664,52088.0,33869.0,1953.1041666666667,2532.8958333333335,28207.875,18.46492697594502,2022,6,0,False,False,True,0.0,0.0
2022-06-28,45657.895833333336,52451.0,36052.0,1647.75,3569.6666666666665,26391.166666666668,19.206872852233676,2022,6,1,False,False,True,0.0,0.0
2022-06-29,46175.416666666664,53302.0,36326.0,1218.7083333333333,3321.6666666666665,27621.875,20.189991408934706,2022,6,2,False,False,True,0.0,0.0
2022-06-30,46129.520833333336,53439.0,36752.0,1733.2916666666667,1911.0416666666667,27842.75,17.80803264604811,2022,6,3,False,False,True,0.19196735395188824,0.0
2022-07-01,44959.104166666664,51717.0,36487.0,1907.4583333333333,3379.5625,27948.895833333332,17.3428264604811,2022,7,4,False,False,True,0.6571735395189009,0.0
2022-07-02,40814.604166666664,46905.0,34374.0,1043.4166666666667,3871.6458333333335,26373.916666666668,19.50173969072165,2022,7,5,True,False,False,0.0,0.0
2022-07-03,38019.916666666664,43948.0,30880.0,1592.9791666666667,3533.8958333333335,25354.083333333332,20.649570446735392,2022,7,6,True,False,False,0.0,0.0
2022-07-04,45445.416666666664,53141.0,34119.0,1867.375,3096.375,26722.0625,20.715829037800688,2022,7,0,False,False,True,0.0,0.0
2022-07-05,46803.5,53933.0,36747.0,2430.9166666666665,3739.375,26916.5625,21.097444158075607,2022,7,1,False,False,True,0.0,0.0
2022-07-06,46697.020833333336,53717.0,37220.0,2742.6875,3605.4166666666665,26323.104166666668,20.983354810996566,2022,7,2,False,False,True,0.0,0.0
2022-07-07,47175.479166666664,54098.0,37487.0,3950.0833333333335,3343.4583333333335,26568.791666666668,20.704853951890037,2022,7,3,False,False,True,0.0,0.0
2022-07-08,46892.75,53620.0,37770.0,3269.0625,3933.3958333333335,27323.75,20.832345360824743,2022,7,4,False,False,True,0.0,0.0
2022-07-09,42365.729166666664,48257.0,35581.0,3389.3333333333335,3810.0416666666665,26325.0625,22.41939432989691,2022,7,5,True,False,False,0.0,0.0
2022-07-10,39903.083333333336,45672.0,32857.0,3942.6041666666665,3869.5208333333335,25676.229166666668,22.453887457044676,2022,7,6,True,False,False,0.0,0.0
2022-07-11,46834.041666666664,54284.0,35187.0,3284.4791666666665,3796.1666666666665,27795.520833333332,23.512392611683858,2022,7,0,False,False,True,0.0,0.0
2022-07-12,48612.104166666664,55917.0,38117.0,1725.1666666666667,3759.2916666666665,28120.8125,24.805304982817873,2022,7,1,False,False,True,0.0,0.8053049828178729
2022-07-13,48812.25,56353.0,38525.0,1231.7083333333333,3601.125,26437.916666666668,25.712113402061856,2022,7,2,False,False,True,0.0,1.7121134020618562
2022-07-14,43326.625,49159.0,36044.0,2486.6875,3675.9583333333335,25768.791666666668,25.109278350515464,2022,7,3,False,True,False,0.0,1.1092783505154635
2022-07-15,44956.833333333336,51692.0,35932.0,2979.3958333333335,3673.0833333333335,25194.708333333332,23.906121134020616,2022,7,4,False,False,True,0.0,0.0
2022-07-16,42346.729166666664,47865.0,35434.0,2999.1666666666665,3704.6875,24174.291666666668,24.201868556701033,2022,7,5,True,False,False,0.0,0.201868556701033
2022-07-17,40759.6875,46945.0,33277.0,3436.8541666666665,3620.125,22417.833333333332,25.36091065292096,2022,7,6,True,False,False,0.0,1.3609106529209605
2022-07-18,48365.208333333336,56896.0,35856.0,2745.2708333333335,3514.2083333333335,23838.354166666668,28.069695017182134,2022,7,0,False,False,True,0.0,4.069695017182134
2022-07-19,49675.854166666664,57304.0,39075.0,4912.083333333333,3218.625,23802.041666666668,28.32229381443299,2022,7,1,False,False,True,0.0,4.322293814432989
2022-07-20,48662.229166666664,55705.0,39120.0,2503.7291666666665,2616.7708333333335,24527.979166666668,23.933397766323022,2022,7,2,False,False,True,0.0,0.0
2022-07-21,48222.75,54800.0,38574.0,1346.7708333333333,3366.2708333333335,25250.770833333332,23.211877147766327,2022,7,3,False,False,True,0.0,0.0
2022-07-22,47628.979166666664,55226.0,38364.0,2000.9583333333333,2652.5208333333335,24962.041666666668,23.063745704467355,2022,7,4,False,False,True,0.0,0.0
2022-07-23,42372.458333333336,47907.0,35921.0,1241.2916666666667,3148.9375,23631.916666666668,22.944458762886605,2022,7,5,True,False,False,0.0,0.0
2022-07-24,40620.854166666664,46473.0,33263.0,1153.0,3638.7291666666665,22805.6875,24.985330756013745,2022,7,6,True,False,False,0.0,0.9853307560137452
2022-07-25,46181.5625,53745.0,35481.0,5560.645833333333,2610.9791666666665,23233.354166666668,23.91589347079038,2022,7,0,False,False,True,0.0,0.0
2022-07-26,46276.291666666664,52723.0,37398.0,2431.5416666666665,3023.3333333333335,23690.0,21.63487972508591,2022,7,1,False,False,True,0.0,0.0
2022-07-27,45883.666666666664,52194.0,36835.0,2353.8541666666665,3435.0208333333335,24184.166666666668,21.287521477663233,2022,7,2,False,False,True,0.0,0.0
2022-07-28,45968.229166666664,52615.0,36641.0,1751.9375,3064.0416666666665,24565.979166666668,22.218277491408934,2022,7,3,False,False,True,0.0,0.0
2022-07-29,44889.25,51145.0,36725.0,1374.5625,2425.4583333333335,24743.25,22.606529209621993,2022,7,4,False,False,True,0.0,0.0
2022-07-30,40675.875,46144.0,34135.0,1665.7083333333333,3258.375,24569.770833333332,23.604102233676976,2022,7,5,True,False,False,0.0,0.0
2022-07-31,38845.5,44334.0,32312.0,2576.0625,3478.2083333333335,22815.666666666668,23.98004725085911,2022,7,6,True,False,False,0.0,0.0
2022-08-01,43702.104166666664,50843.0,33527.0,1227.2916666666667,3370.2708333333335,24243.979166666668,24.037306701030925,2022,8,0,False,False,True,0.0,0.03730670103092493
2022-08-02,44874.854166666664,51628.0,35094.0,934.8958333333334,3677.8125,25432.3125,24.899291237113403,2022,8,1,False,False,True,0.0,0.8992912371134025
2022-08-03,45639.666666666664,52932.0,35649.0,837.0208333333334,3545.2083333333335,26514.291666666668,26.575558419243993,2022,8,2,False,False,True,0.0,2.5755584192439933
2022-08-04,45335.958333333336,52268.0,36185.0,1916.3333333333333,3151.6875,26265.479166666668,25.773689862542952,2022,8,3,False,False,True,0.0,1.7736898625429518
2022-08-05,43848.75,50622.0,35600.0,4000.9583333333335,3128.6041666666665,24983.916666666668,23.510695876288665,2022,8,4,False,False,True,0.0,0.0
2022-08-06,39925.520833333336,45492.0,33529.0,5447.645833333333,3669.7083333333335,24455.416666666668,22.9161941580756,2022,8,5,True,False,False,0.0,0.0
2022-08-07,37848.416666666664,42820.0,31616.0,5499.416666666667,3777.8958333333335,24539.104166666668,23.19175257731959,2022,8,6,True,False,False,0.0,0.0
2022-08-08,41977.270833333336,48632.0,32677.0,5235.416666666667,3723.125,26415.520833333332,23.857903780068728,2022,8,0,False,False,True,0.0,0.0
2022-08-09,42949.458333333336,49144.0,34368.0,5345.666666666667,3589.0,26436.75,25.02134879725086,2022,8,1,False,False,True,0.0,1.0213487972508588
2022-08-10,43340.375,50168.0,34409.0,4953.1875,3551.4583333333335,26420.645833333332,26.18210910652921,2022,8,2,False,False,True,0.0,2.182109106529211
2022-08-11,43725.520833333336,50356.0,34792.0,4138.770833333333,3450.2916666666665,24750.541666666668,26.547401202749143,2022,8,3,False,False,True,0.0,2.5474012027491426
2022-08-12,43805.604166666664,50665.0,34847.0,3161.5625,3480.8541666666665,24922.458333333332,26.643599656357384,2022,8,4,False,False,True,0.0,2.6435996563573845
2022-08-13,40297.479166666664,45693.0,33586.0,2835.5,3277.25,23859.770833333332,25.891881443298967,2022,8,5,True,False,False,0.0,1.891881443298967
2022-08-14,37203.854166666664,42282.0,32052.0,3270.3958333333335,1897.5208333333333,23971.25,22.936060996563572,2022,8,6,True,False,False,0.0,0.0
2022-08-15,37614.895833333336,42939.0,31417.0,2491.6875,2617.7708333333335,25087.5625,21.772186426116843,2022,8,0,False,True,False,0.0,0.0
2022-08-16,41737.375,48762.0,32636.0,1296.1041666666667,2500.1041666666665,25182.708333333332,22.303930412371134,2022,8,1,False,False,True,0.0,0.0
2022-08-17,41561.833333333336,48108.0,33680.0,1388.375,2065.9791666666665,25290.4375,20.807087628865975,2022,8,2,False,False,True,0.0,0.0
2022-08-18,41477.625,48121.0,33209.0,2084.6666666666665,2297.1875,26326.541666666668,20.15949312714777,2022,8,3,False,False,True,0.0,0.0
2022-08-19,41474.395833333336,47947.0,33647.0,3261.125,2451.4166666666665,26569.229166666668,20.846713917525772,2022,8,4,False,False,True,0.0,0.0
2022-08-20,38780.916666666664,44470.0,32418.0,1644.5208333333333,3099.6458333333335,23034.1875,20.745640034364264,2022,8,5,True,False,False,0.0,0.0
2022-08-21,37108.0,42636.0,31094.0,1124.4583333333333,2604.6875,22911.583333333332,20.6020618556701,2022,8,6,True,False,False,0.0,0.0
2022-08-22,42711.625,50154.0,32413.0,1578.4166666666667,2561.75,23470.229166666668,21.593449312714778,2022,8,0,False,False,True,0.0,0.0
2022-08-23,44571.729166666664,51514.0,34930.0,901.5833333333334,2784.7083333333335,23810.229166666668,22.946864261168383,2022,8,1,False,False,True,0.0,0.0
2022-08-24,45367.020833333336,52621.0,35227.0,996.625,3337.0208333333335,23298.229166666668,24.266237113402063,2022,8,2,False,False,True,0.0,0.26623711340206313
2022-08-25,45514.729166666664,52883.0,35641.0,2825.5416666666665,2675.1875,22515.333333333332,23.641323024054984,2022,8,3,False,False,True,0.0,0.0
2022-08-26,44803.729166666664,51806.0,35834.0,2832.0208333333335,2709.3541666666665,22655.375,22.56417525773196,2022,8,4,False,False,True,0.0,0.0
2022-08-27,40181.604166666664,46095.0,33581.0,2354.6458333333335,3039.4583333333335,20957.854166666668,21.499849656357384,2022,8,5,True,False,False,0.0,0.0
2022-08-28,38130.020833333336,43648.0,31617.0,3610.875,3316.3125,20389.75,22.24647766323024,2022,8,6,True,False,False,0.0,0.0
2022-08-29,44588.041666666664,52424.0,33042.0,3937.125,2670.1666666666665,22963.9375,23.126546391752576,2022,8,0,False,False,True,0.0,0.0
2022-08-30,46014.041666666664,53123.0,35805.0,2604.875,2609.1458333333335,23595.979166666668,22.790764604811,2022,8,1,False,False,True,0.0,0.0
2022-08-31,45861.395833333336,52719.0,36003.0,2519.1458333333335,2559.3333333333335,23632.458333333332,22.022229381443307,2022,8,2,False,False,True,0.0,0.0
2022-09-01,45989.041666666664,52825.0,36326.0,2251.625,2930.0625,23507.0,21.987757731958762,2022,9,3,False,False,True,0.0,0.0
2022-09-02,45028.416666666664,52011.0,35960.0,1597.7083333333333,2239.0625,22478.645833333332,20.677727663230243,2022,9,4,False,False,True,0.0,0.0
2022-09-03,40162.104166666664,46431.0,33517.0,1765.1875,2429.0208333333335,20683.520833333332,20.30337199312715,2022,9,5,True,False,False,0.0,0.0
2022-09-04,38667.041666666664,44666.0,31826.0,2237.1458333333335,3159.9166666666665,21372.583333333332,21.84196735395189,2022,9,6,True,False,False,0.0,0.0
2022-09-05,45079.083333333336,52683.0,33618.0,3435.0625,2951.4583333333335,23110.041666666668,22.90343642611684,2022,9,0,False,False,True,0.0,0.0
2022-09-06,45747.1875,52497.0,35790.0,2950.4375,2633.1458333333335,24039.729166666668,21.985309278350517,2022,9,1,False,False,True,0.0,0.0
2022-09-07,45397.6875,52441.0,35576.0,3241.0,1917.1458333333333,24282.041666666668,20.088981958762886,2022,9,2,False,False,True,0.0,0.0
2022-09-08,44765.770833333336,50988.0,35327.0,5835.625,2456.3958333333335,23991.333333333332,19.153135738831615,2022,9,3,False,False,True,0.0,0.0
2022-09-09,44351.104166666664,51010.0,35489.0,8456.833333333334,2249.3541666666665,23632.958333333332,18.45131013745705,2022,9,4,False,False,True,0.0,0.0
2022-09-10,39772.916666666664,45942.0,33401.0,3814.5625,2733.875,23929.8125,17.992590206185568,2022,9,5,True,False,False,0.007409793814431964,0.0
2022-09-11,37934.895833333336,43896.0,31542.0,945.2708333333334,3259.0833333333335,24464.541666666668,19.149548969072164,2022,9,6,True,False,False,0.0,0.0
2022-09-12,44323.104166666664,51542.0,32983.0,2283.875,2888.8958333333335,26329.583333333332,21.148625429553263,2022,9,0,False,False,True,0.0,0.0
2022-09-13,45845.666666666664,52676.0,35699.0,2743.5416666666665,1653.3958333333333,25770.625,22.674248281786944,2022,9,1,False,False,True,0.0,0.0
2022-09-14,45687.458333333336,52686.0,35937.0,2428.3125,1930.7291666666667,25573.229166666668,21.441301546391752,2022,9,2,False,False,True,0.0,0.0
2022-09-15,45136.708333333336,51618.0,35458.0,1603.6458333333333,2426.9375,26142.645833333332,19.57139175257732,2022,9,3,False,False,True,0.0,0.0
2022-09-16,44296.729166666664,50742.0,35381.0,3526.2708333333335,2415.0416666666665,26161.229166666668,17.206808419243988,2022,9,4,False,False,True,0.7931915807560124,0.0
2022-09-17,39446.104166666664,45658.0,33032.0,4835.125,3204.8958333333335,23668.041666666668,13.816408934707903,2022,9,5,True,False,False,4.183591065292097,0.0
2022-09-18,37768.583333333336,43530.0,31558.0,3807.8958333333335,3232.5833333333335,24743.958333333332,13.991645189003437,2022,9,6,True,False,False,4.008354810996563,0.0
2022-09-19,43698.583333333336,50454.0,33106.0,2672.3333333333335,3190.7291666666665,27118.833333333332,14.588853092783504,2022,9,0,False,False,True,3.411146907216496,0.0
2022-09-20,45001.833333333336,51085.0,35608.0,2095.8125,3072.4583333333335,27238.166666666668,14.592182130584192,2022,9,1,False,False,True,3.4078178694158083,0.0
2022-09-21,44987.916666666664,51148.0,35683.0,2214.5416666666665,3161.25,27276.604166666668,14.78021907216495,2022,9,2,False,False,True,3.2197809278350498,0.0
2022-09-22,45179.333333333336,51017.0,35864.0,959.0625,3104.4375,26670.75,14.78921821305842,2022,9,3,False,False,True,3.2107817869415793,0.0
2022-09-23,44798.145833333336,51252.0,35757.0,713.6041666666666,1661.2708333333333,26452.541666666668,15.768835910652921,2022,9,4,False,False,True,2.2311640893470788,0.0
2022-09-24,40166.875,46463.0,33780.0,1761.875,1493.5625,26178.645833333332,15.410459621993127,2022,9,5,True,False,False,2.5895403780068733,0.0
2022-09-25,38336.145833333336,44494.0,31970.0,2410.875,2029.8125,26807.166666666668,14.349634879725084,2022,9,6,True,False,False,3.650365120274916,0.0
2022-09-26,45243.625,51894.0,33966.0,7458.125,1888.1666666666667,26808.604166666668,13.596799828178694,2022,9,0,False,False,True,4.403200171821306,0.0
2022-09-27,46856.25,52886.0,37241.0,7912.125,1696.8333333333333,28056.5,13.523260309278351,2022,9,1,False,False,True,4.476739690721649,0.0
2022-09-28,46867.333333333336,53372.0,37219.0,4249.083333333333,1552.6041666666667,28086.479166666668,13.890807560137457,2022,9,2,False,False,True,4.109192439862543,0.0
2022-09-29,46582.5,52626.0,37274.0,1410.2291666666667,1677.0,26239.708333333332,12.305090206185566,2022,9,3,False,False,True,5.694909793814434,0.0
2022-09-30,46756.395833333336,52862.0,38091.0,3679.3125,2347.8125,26420.0625,12.104016323024057,2022,9,4,False,False,True,5.895983676975943,0.0
2022-10-01,42297.458333333336,48835.0,35906.0,10942.895833333334,1425.75,25522.791666666668,14.804660652920964,2022,10,5,True,False,False,3.1953393470790363,0.0
2022-10-02,39261.791666666664,45372.0,32721.0,5020.0,1959.8125,24678.479166666668,16.485695876288663,2022,10,6,True,False,False,1.5143041237113373,0.0
2022-10-03,45056.083333333336,51960.0,34170.0,1103.5416666666667,2169.5208333333335,25832.25,14.661877147766324,2022,10,0,False,False,True,3.338122852233676,0.0
2022-10-04,46115.791666666664,52195.0,36861.0,1223.9375,2677.0208333333335,26315.75,14.547615979381442,2022,10,1,False,False,True,3.452384020618558,0.0
2022-10-05,45818.833333333336,51947.0,36325.0,6998.958333333333,2446.2083333333335,25300.25,16.34901202749141,2022,10,2,False,False,True,1.6509879725085916,0.0
2022-10-06,45491.270833333336,51166.0,36231.0,1646.0625,2101.3958333333335,25295.625,15.195704467353952,2022,10,3,False,False,True,2.804295532646048,0.0
2022-10-07,45260.666666666664,51209.0,36747.0,1317.4375,2366.6875,26235.916666666668,14.530863402061854,2022,10,4,False,False,True,3.469136597938146,0.0
2022-10-08,40712.541666666664,46659.0,34316.0,1777.2083333333333,1746.5208333333333,26670.5625,14.674591924398623,2022,10,5,True,False,False,3.325408075601377,0.0
2022-10-09,39313.708333333336,45187.0,33233.0,3517.8541666666665,2438.1458333333335,26598.145833333332,13.758419243986257,2022,10,6,True,False,False,4.241580756013743,0.0
2022-10-10,44848.145833333336,51443.0,34140.0,2830.875,1644.4583333333333,28775.145833333332,15.65605670103093,2022,10,0,False,False,True,2.3439432989690694,0.0
2022-10-11,45730.6875,51610.0,36290.0,1945.9791666666667,1683.7291666666667,29118.395833333332,14.631421821305844,2022,10,1,False,False,True,3.3685781786941558,0.0
2022-10-12,46272.333333333336,52494.0,36919.0,660.4791666666666,1862.7083333333333,29044.833333333332,14.217482817869415,2022,10,2,False,False,True,3.7825171821305847,0.0
2022-10-13,46429.1875,52370.0,36890.0,2890.3333333333335,1097.0208333333333,28652.083333333332,14.846219931271479,2022,10,3,False,False,True,3.153780068728521,0.0
2022-10-14,45754.020833333336,52132.0,36366.0,5099.729166666667,1004.4166666666666,28853.833333333332,16.11894329896907,2022,10,4,False,False,True,1.8810567010309285,0.0
2022-10-15,40688.333333333336,46494.0,33966.0,6879.6875,1754.5,25949.791666666668,16.80017182130584,2022,10,5,True,False,False,1.1998281786941583,0.0
2022-10-16,38742.895833333336,44560.0,32594.0,4182.375,1943.25,25551.520833333332,17.99750859106529,2022,10,6,True,False,False,0.002491408934709227,0.0
2022-10-17,43926.979166666664,51289.0,32992.0,4974.0625,1327.9166666666667,26185.583333333332,18.3224441580756,2022,10,0,False,False,True,0.0,0.0
2022-10-18,44443.041666666664,50315.0,35317.0,2352.1458333333335,2037.125,27322.541666666668,18.017139175257732,2022,10,1,False,False,True,0.0,0.0
2022-10-19,44614.5625,51156.0,35227.0,6319.145833333333,1551.4583333333333,26751.479166666668,17.78150773195876,2022,10,2,False,False,True,0.21849226804123845,0.0
2022-10-20,44621.916666666664,50753.0,35341.0,5774.645833333333,1116.75,25963.270833333332,17.913380584192442,2022,10,3,False,False,True,0.08661941580755794,0.0
2022-10-21,44241.479166666664,50013.0,35300.0,7245.395833333333,1010.6458333333334,26800.25,17.930734536082472,2022,10,4,False,False,True,0.06926546391752808,0.0
2022-10-22,39819.895833333336,44636.0,33497.0,4279.395833333333,1892.6666666666667,28962.645833333332,17.323582474226807,2022,10,5,True,False,False,0.6764175257731928,0.0
2022-10-23,37883.791666666664,43707.0,31331.0,9750.958333333334,1119.8541666666667,28608.416666666668,18.5555412371134,2022,10,6,True,False,False,0.0,0.0
2022-10-24,43924.125,51250.0,33306.0,10611.645833333334,1619.7708333333333,29197.708333333332,17.307710481099658,2022,10,0,False,False,True,0.692289518900342,0.0
2022-10-25,44747.9375,50899.0,35705.0,4320.270833333333,1322.3541666666667,29803.145833333332,16.038724226804124,2022,10,1,False,False,True,1.9612757731958759,0.0
2022-10-26,44530.3125,50884.0,35400.0,5299.0625,1770.9166666666667,28641.458333333332,17.77313144329897,2022,10,2,False,False,True,0.22686855670103157,0.0
2022-10-27,44330.770833333336,50417.0,35361.0,6703.604166666667,1265.5,28434.125,18.207560137457044,2022,10,3,False,False,True,0.0,0.0
2022-10-28,43792.041666666664,49292.0,35340.0,5565.125,1477.0625,28796.666666666668,18.638058419243986,2022,10,4,False,False,True,0.0,0.0
2022-10-29,39049.479166666664,43997.0,32740.0,5604.145833333333,1432.375,25537.583333333332,18.085201890034366,2022,10,5,True,False,False,0.0,0.0
2022-10-30,37396.833333333336,43125.0,30845.0,3030.7291666666665,1494.7291666666667,24497.25,16.281765463917527,2022,10,6,True,False,False,1.7182345360824733,0.0
2022-10-31,40746.104166666664,46593.0,32621.0,6429.75,1225.5,27219.604166666668,15.865936426116837,2022,10,0,False,False,True,2.1340635738831626,0.0
2022-11-01,39466.541666666664,45977.0,33134.0,11236.666666666666,1714.4583333333333,25722.208333333332,15.232195017182132,2022,11,1,False,True,False,2.767804982817868,0.0
2022-11-02,45149.333333333336,52783.0,34988.0,6749.875,1923.2708333333333,26917.3125,13.312263745704469,2022,11,2,False,False,True,4.687736254295531,0.0
2022-11-03,47337.5625,54691.0,37563.0,9873.4375,534.3958333333334,28277.104166666668,12.969845360824744,2022,11,3,False,False,True,5.030154639175256,0.0
2022-11-04,48595.270833333336,55061.0,38887.0,7230.375,1157.8333333333333,28703.25,10.651116838487974,2022,11,4,False,False,True,7.348883161512026,0.0
2022-11-05,45765.333333333336,51075.0,39256.0,4166.666666666667,1665.2708333333333,28412.270833333332,9.584965635738833,2022,11,5,True,False,False,8.415034364261167,0.0
2022-11-06,44675.083333333336,51252.0,38504.0,8933.958333333334,1393.3125,27518.666666666668,10.392182130584194,2022,11,6,True,False,False,7.607817869415806,0.0
2022-11-07,49320.666666666664,56906.0,39589.0,10413.5625,1716.7291666666667,28373.208333333332,12.54731529209622,2022,11,0,False,False,True,5.45268470790378,0.0
2022-11-08,49907.666666666664,56622.0,41047.0,12150.1875,860.0208333333334,28981.729166666668,14.219501718213058,2022,11,1,False,False,True,3.780498281786942,0.0
2022-11-09,49805.958333333336,57380.0,40172.0,6738.520833333333,690.8958333333334,29732.229166666668,13.554381443298968,2022,11,2,False,False,True,4.445618556701032,0.0
2022-11-10,50482.895833333336,55984.0,41758.0,3364.2916666666665,1513.4375,29272.854166666668,11.080390893470792,2022,11,3,False,False,True,6.919609106529208,0.0
2022-11-11,45550.0625,50595.0,39719.0,3177.6458333333335,1699.5208333333333,29252.979166666668,10.857517182130584,2022,11,4,False,True,False,7.142482817869416,0.0
2022-11-12,44810.270833333336,49731.0,39023.0,3005.875,1644.2291666666667,29227.395833333332,11.660760309278352,2022,11,5,True,False,False,6.339239690721648,0.0
2022-11-13,43939.145833333336,50588.0,37910.0,1903.8333333333333,1424.0416666666667,29323.5,10.713831615120274,2022,11,6,True,False,False,7.286168384879726,0.0
2022-11-14,51030.25,59097.0,40014.0,4323.9375,605.1041666666666,30076.354166666668,11.331013745704468,2022,11,0,False,False,True,6.6689862542955325,0.0
2022-11-15,51932.479166666664,59035.0,42148.0,8649.395833333334,517.8125,30011.104166666668,12.480154639175261,2022,11,1,False,False,True,5.519845360824739,0.0
2022-11-16,52134.333333333336,59619.0,42660.0,10248.229166666666,1291.4791666666667,29963.166666666668,11.924548969072166,2022,11,2,False,False,True,6.075451030927834,0.0
2022-11-17,51902.5625,59520.0,42373.0,11927.166666666666,977.875,29146.354166666668,12.498367697594503,2022,11,3,False,False,True,5.501632302405497,0.0
2022-11-18,52820.875,59117.0,43578.0,5692.729166666667,1126.5,30199.625,9.629875429553266,2022,11,4,False,False,True,8.370124570446734,0.0
2022-11-19,50186.291666666664,55517.0,43686.0,2767.8333333333335,1289.125,29746.5,7.59817439862543,2022,11,5,True,False,False,10.40182560137457,0.0
2022-11-20,49409.3125,55958.0,43087.0,7425.333333333333,1146.125,29531.541666666668,7.968234536082474,2022,11,6,True,False,False,10.031765463917527,0.0
2022-11-21,57114.270833333336,66682.0,44716.0,9034.708333333334,375.0833333333333,30967.0625,8.259600515463918,2022,11,0,False,False,True,9.740399484536082,0.0
2022-11-22,58605.0625,66192.0,49137.0,11711.229166666666,990.4791666666666,31057.395833333332,8.226310137457045,2022,11,1,False,False,True,9.773689862542955,0.0
2022-11-23,58165.229166666664,65390.0,48781.0,10313.895833333334,927.4791666666666,31672.833333333332,8.95528350515464,2022,11,2,False,False,True,9.04471649484536,0.0
2022-11-24,57308.291666666664,64312.0,48513.0,9096.645833333334,1009.8333333333334,32351.729166666668,9.603436426116838,2022,11,3,False,False,True,8.396563573883162,0.0
2022-11-25,56121.145833333336,62151.0,47119.0,4458.0625,993.8958333333334,32575.270833333332,9.011834192439862,2022,11,4,False,False,True,8.988165807560138,0.0
2022-11-26,53198.166666666664,58100.0,46894.0,3862.6458333333335,1017.3333333333334,31532.875,7.281915807560138,2022,11,5,True,False,False,10.718084192439862,0.0
2022-11-27,51759.229166666664,57861.0,45559.0,6759.0,903.9583333333334,29856.8125,8.255240549828178,2022,11,6,True,False,False,9.744759450171822,0.0
2022-11-28,56994.791666666664,66134.0,45387.0,3701.5625,609.25,32153.416666666668,8.970833333333335,2022,11,0,False,False,True,9.029166666666665,0.0
2022-11-29,60068.958333333336,68167.0,49529.0,1509.6875,765.2083333333334,34007.9375,7.087951030927836,2022,11,1,False,False,True,10.912048969072163,0.0
2022-11-30,61465.354166666664,69629.0,50889.0,1954.2708333333333,934.8125,34461.625,6.224677835051547,2022,11,2,False,False,True,11.775322164948452,0.0
2022-12-01,63210.479166666664,71578.0,52763.0,3670.8125,644.6458333333334,34622.708333333336,5.627577319587629,2022,12,3,False,False,True,12.37242268041237,0.0
2022-12-02,64352.145833333336,70537.0,54266.0,3110.7916666666665,436.0416666666667,35469.354166666664,4.796735395189004,2022,12,4,False,False,True,13.203264604810997,0.0
2022-12-03,60523.9375,65974.0,52805.0,5627.6875,348.3125,35838.041666666664,4.310567010309278,2022,12,5,True,False,False,13.689432989690722,0.0
2022-12-04,59224.3125,66356.0,51790.0,2677.5625,526.2916666666666,37097.0,4.057689003436426,2022,12,6,True,False,False,13.942310996563574,0.0
2022-12-05,66316.95833333333,75060.0,55130.0,1229.4166666666667,1001.3958333333334,36811.041666666664,3.8541451890034364,2022,12,0,False,False,True,14.145854810996564,0.0
2022-12-06,67565.58333333333,74787.0,57717.0,1703.8958333333333,738.5208333333334,36737.1875,4.314497422680414,2022,12,1,False,False,True,13.685502577319586,0.0
2022-12-07,67707.52083333333,75341.0,57951.0,1896.0625,909.5,36783.416666666664,3.70803264604811,2022,12,2,False,False,True,14.29196735395189,0.0
2022-12-08,69176.64583333333,76837.0,59373.0,1673.5833333333333,431.125,37440.645833333336,2.9806271477663233,2022,12,3,False,False,True,15.019372852233676,0.0
2022-12-09,68750.75,75461.0,59161.0,2276.375,562.0625,38916.354166666664,3.3846434707903783,2022,12,4,False,False,True,14.615356529209622,0.0
2022-12-10,65806.85416666667,72553.0,57901.0,1627.5625,864.5416666666666,39957.625,1.5854810996563573,2022,12,5,True,False,False,16.414518900343644,0.0
2022-12-11,67434.85416666667,75274.0,60208.0,1898.2083333333333,887.9791666666666,40502.4375,-0.8923539518900344,2022,12,6,True,False,False,18.892353951890033,0.0
2022-12-12,75800.29166666667,84343.0,64526.0,2985.0625,563.0,41217.9375,-0.8356314432989692,2022,12,0,False,False,True,18.83563144329897,0.0
2022-12-13,75738.66666666667,82354.0,66648.0,4555.270833333333,434.8958333333333,41421.770833333336,1.3282001718213061,2022,12,1,False,False,True,16.671799828178695,0.0
2022-12-14,71560.35416666667,77927.0,62742.0,2033.3958333333333,473.1041666666667,41575.25,3.6567225085910655,2022,12,2,False,False,True,14.343277491408934,0.0
2022-12-15,71385.0,78793.0,60869.0,5482.833333333333,340.5625,41726.458333333336,3.6479381443298973,2022,12,3,False,False,True,14.352061855670103,0.0
2022-12-16,71476.0625,78636.0,62249.0,3907.7291666666665,848.625,41918.895833333336,1.845640034364261,2022,12,4,False,False,True,16.154359965635738,0.0
2022-12-17,70413.6875,76651.0,63352.0,2662.1041666666665,994.8125,41936.9375,-1.2204896907216496,2022,12,5,True,False,False,19.22048969072165,0.0
2022-12-18,67838.16666666667,72825.0,64174.0,7959.333333333333,806.6666666666666,40773.395833333336,1.8055841924398621,2022,12,6,True,False,False,16.194415807560137,0.0
2022-12-19,63873.208333333336,69707.0,55686.0,13221.479166666666,554.4166666666666,39721.479166666664,9.409256872852234,2022,12,0,False,False,True,8.590743127147766,0.0
2022-12-20,59459.479166666664,64964.0,50987.0,10800.666666666666,290.2291666666667,39460.645833333336,11.318213058419245,2022,12,1,False,False,True,6.681786941580755,0.0
2022-12-21,56898.4375,62630.0,47859.0,8261.875,628.875,40283.583333333336,10.959192439862543,2022,12,2,False,False,True,7.040807560137457,0.0
2022-12-22,55257.395833333336,60852.0,46768.0,12398.625,447.7083333333333,39879.395833333336,11.72759879725086,2022,12,3,False,False,True,6.2724012027491405,0.0
2022-12-23,51199.416666666664,55968.0,43638.0,11715.4375,485.7291666666667,37877.625,12.717203608247422,2022,12,4,False,False,True,5.282796391752578,0.0
2022-12-24,46830.708333333336,50874.0,40425.0,5407.9375,782.0208333333334,34411.5625,11.222658934707905,2022,12,5,True,False,False,6.777341065292095,0.0
2022-12-25,44296.458333333336,48975.0,39869.0,6466.083333333333,754.0833333333334,34502.229166666664,10.967525773195879,2022,12,6,True,True,False,7.032474226804121,0.0
2022-12-26,49009.25,56462.0,40199.0,7634.375,597.3125,32347.729166666668,10.449634879725085,2022,12,0,False,False,True,7.550365120274915,0.0
2022-12-27,53530.25,60083.0,46018.0,5561.458333333333,879.4375,36966.770833333336,7.35528350515464,2022,12,1,False,False,True,10.64471649484536,0.0
2022-12-28,53856.0,59373.0,47061.0,13570.958333333334,836.5416666666666,36701.8125,8.943556701030928,2022,12,2,False,False,True,9.056443298969072,0.0
2022-12-29,52290.770833333336,58749.0,44763.0,11216.020833333334,436.0625,32500.541666666668,10.543256013745706,2022,12,3,False,False,True,7.456743986254294,0.0
2022-12-30,52326.729166666664,57823.0,45455.0,13408.020833333334,393.4583333333333,30697.75,10.20807560137457,2022,12,4,False,False,True,7.791924398625429,0.0
2022-12-31,46224.208333333336,50775.0,40413.0,15663.833333333334,690.7291666666666,26395.625,13.961941580756015,2022,12,5,True,False,False,4.038058419243985,0.0
2023-01-01,43104.666666666664,48373.0,37945.0,9939.916666666666,678.7083333333334,27566.1875,13.293127147766324,2023,1,6,True,True,False,4.706872852233676,0.0
2023-01-02,49727.916666666664,59575.0,38447.0,6305.333333333333,569.0,38563.104166666664,11.355240549828178,2023,1,0,False,False,True,6.644759450171822,0.0
2023-01-03,55974.5,63618.0,45510.0,6872.583333333333,923.4166666666666,41566.5,8.48908934707904,2023,1,1,False,False,True,9.51091065292096,0.0
2023-01-04,56937.8125,63588.0,47752.0,13368.75,879.5625,40487.1875,9.226202749140894,2023,1,2,False,False,True,8.773797250859106,0.0
2023-01-05,55405.375,62276.0,46227.0,6664.875,807.2708333333334,41572.395833333336,10.719072164948454,2023,1,3,False,False,True,7.280927835051546,0.0
2023-01-06,55236.291666666664,60676.0,46386.0,6712.9375,756.0208333333334,42071.333333333336,9.899699312714779,2023,1,4,False,False,True,8.100300687285221,0.0
2023-01-07,50889.666666666664,55801.0,44108.0,11435.8125,793.6458333333334,40091.25,9.523303264604811,2023,1,5,True,False,False,8.476696735395189,0.0
2023-01-08,49725.020833333336,56728.0,42533.0,10736.770833333334,440.6458333333333,38166.6875,9.750171821305843,2023,1,6,True,False,False,8.249828178694157,0.0
2023-01-09,58909.958333333336,68622.0,46497.0,12989.145833333334,935.0416666666666,42637.75,7.81335910652921,2023,1,0,False,False,True,10.186640893470791,0.0
2023-01-10,61148.541666666664,67509.0,52339.0,10459.979166666666,980.625,43987.666666666664,7.73296821305842,2023,1,1,False,False,True,10.26703178694158,0.0
2023-01-11,58908.166666666664,66042.0,49216.0,11921.375,754.7708333333334,42872.333333333336,9.243878865979381,2023,1,2,False,False,True,8.756121134020619,0.0
2023-01-12,59029.645833333336,65622.0,50196.0,14691.541666666666,866.0208333333334,42073.541666666664,9.426460481099657,2023,1,3,False,False,True,8.573539518900343,0.0
2023-01-13,58079.291666666664,63899.0,49298.0,12305.770833333334,1020.3333333333334,41946.666666666664,9.525021477663232,2023,1,4,False,False,True,8.474978522336768,0.0
2023-01-14,53474.916666666664,58145.0,47226.0,12660.729166666666,794.0625,39471.5,9.175665807560138,2023,1,5,True,False,False,8.824334192439862,0.0
2023-01-15,53301.145833333336,61599.0,45463.0,12972.708333333334,981.625,35331.333333333336,7.556335910652921,2023,1,6,True,False,False,10.44366408934708,0.0
2023-01-16,63386.1875,73088.0,51197.0,11714.541666666666,593.4166666666666,42978.770833333336,6.035395189003436,2023,1,0,False,False,True,11.964604810996564,0.0
2023-01-17,67410.625,75771.0,56507.0,3345.375,571.8125,43394.1875,3.8777276632302407,2023,1,1,False,False,True,14.12227233676976,0.0
2023-01-18,70251.97916666667,78518.0,59645.0,3878.7708333333335,1036.3125,43269.770833333336,2.1274484536082476,2023,1,2,False,False,True,15.872551546391753,0.0
2023-01-19,71209.6875,78281.0,61886.0,2246.3333333333335,716.0416666666666,39458.3125,1.5201245704467354,2023,1,3,False,False,True,16.479875429553264,0.0
2023-01-20,71945.75,80253.0,63578.0,3268.8541666666665,1218.3958333333333,41550.0625,1.3362113402061855,2023,1,4,False,False,True,16.663788659793816,0.0
2023-01-21,67739.08333333333,73716.0,61218.0,7000.416666666667,1313.3333333333333,41691.3125,1.102942439862543,2023,1,5,True,False,False,16.89705756013746,0.0
2023-01-22,69198.66666666667,76785.0,62520.0,4700.083333333333,863.4791666666666,42333.5,0.3053694158075602,2023,1,6,True,False,False,17.69463058419244,0.0
2023-01-23,75391.95833333333,83757.0,64609.0,5801.145833333333,545.9166666666666,42512.25,1.4172895189003436,2023,1,0,False,False,True,16.582710481099657,0.0
2023-01-24,74660.35416666667,82211.0,64952.0,4990.625,733.5625,42543.333333333336,2.44553264604811,2023,1,1,False,False,True,15.554467353951889,0.0
2023-01-25,75227.89583333333,83303.0,64439.0,1698.2291666666667,540.6458333333334,42828.541666666664,1.8331400343642612,2023,1,2,False,False,True,16.166859965635737,0.0
2023-01-26,74254.27083333333,81123.0,64898.0,4003.8958333333335,729.2916666666666,43774.6875,2.43659793814433,2023,1,3,False,False,True,15.563402061855669,0.0
2023-01-27,72037.89583333333,78054.0,62953.0,7105.020833333333,789.6041666666666,43620.6875,2.77139175257732,2023,1,4,False,False,True,15.228608247422681,0.0
2023-01-28,67359.54166666667,73187.0,59911.0,4538.875,628.4791666666666,43961.4375,2.4810137457044674,2023,1,5,True,False,False,15.518986254295532,0.0
2023-01-29,65823.35416666667,72394.0,60279.0,1928.4166666666667,1374.7916666666667,43749.104166666664,1.7289733676975945,2023,1,6,True,False,False,16.271026632302405,0.0
2023-01-30,70533.85416666667,78213.0,61440.0,5193.666666666667,1372.4375,42474.604166666664,3.2911512027491403,2023,1,0,False,False,True,14.708848797250859,0.0
2023-01-31,67362.77083333333,74668.0,60636.0,4435.1875,1320.1666666666667,42586.229166666664,4.980734536082474,2023,1,1,False,False,True,13.019265463917526,0.0
2023-02-01,66073.79166666667,73157.0,57221.0,7904.5625,1252.8541666666667,43540.0625,6.098410652920963,2023,2,2,False,False,True,11.901589347079037,0.0
2023-02-02,65546.41666666667,72148.0,57463.0,6553.6875,1565.4166666666667,44411.375,6.239175257731959,2023,2,3,False,False,True,11.760824742268042,0.0
2023-02-03,64156.541666666664,71801.0,57145.0,6171.104166666667,1797.1666666666667,45245.75,6.46426116838488,2023,2,4,False,False,True,11.53573883161512,0.0
2023-02-04,57763.5625,62192.0,51848.0,2905.1875,1385.5208333333333,45511.270833333336,7.243664089347079,2023,2,5,True,False,False,10.756335910652922,0.0
2023-02-05,55774.875,62952.0,49375.0,7528.333333333333,1382.0,44718.520833333336,6.629853951890036,2023,2,6,True,False,False,11.370146048109964,0.0
2023-02-06,64735.354166666664,73359.0,54840.0,6448.416666666667,2044.9791666666667,44849.729166666664,4.36868556701031,2023,2,0,False,False,True,13.63131443298969,0.0
2023-02-07,67316.5,75511.0,59636.0,6540.416666666667,1882.1666666666667,43273.0,2.760953608247423,2023,2,1,False,False,True,15.239046391752577,0.0
2023-02-08,69789.54166666667,80005.0,62745.0,2875.9583333333335,2423.375,45124.041666666664,1.8157860824742267,2023,2,2,False,False,True,16.184213917525774,0.0
2023-02-09,71380.39583333333,81469.0,65143.0,969.4375,2225.0833333333335,45568.3125,1.7530927835051546,2023,2,3,False,False,True,16.246907216494847,0.0
2023-02-10,68672.1875,78109.0,62064.0,1268.0833333333333,2365.25,45395.395833333336,2.9852663230240553,2023,2,4,False,False,True,15.014733676975945,0.0
2023-02-11,62436.291666666664,68582.0,55247.0,1934.6041666666667,2482.0833333333335,44467.0,3.4938573883161514,2023,2,5,True,False,False,14.506142611683849,0.0
2023-02-12,58655.166666666664,64015.0,51525.0,2889.3333333333335,2424.2708333333335,44126.4375,4.833805841924398,2023,2,6,True,False,False,13.166194158075601,0.0
2023-02-13,64523.916666666664,75465.0,57729.0,2600.4791666666665,2595.0,44321.354166666664,4.455068728522337,2023,2,0,False,False,True,13.544931271477662,0.0
2023-02-14,63934.270833333336,74299.0,57299.0,2556.25,2492.7708333333335,44528.916666666664,4.906808419243987,2023,2,1,False,False,True,13.093191580756013,0.0
2023-02-15,62616.395833333336,71519.0,56298.0,3400.5416666666665,2396.9375,43981.25,5.889926975945017,2023,2,2,False,False,True,12.110073024054984,0.0
2023-02-16,60558.708333333336,68305.0,54422.0,5510.416666666667,2138.6041666666665,42543.354166666664,6.77319587628866,2023,2,3,False,False,True,11.22680412371134,0.0
2023-02-17,57572.6875,63682.0,51295.0,7699.375,1798.3958333333333,42333.9375,9.17338917525773,2023,2,4,False,False,True,8.82661082474227,0.0
2023-02-18,51844.5625,56585.0,46700.0,7368.791666666667,1960.6041666666667,40981.166666666664,10.149720790378007,2023,2,5,True,False,False,7.850279209621993,0.0
2023-02-19,49559.208333333336,55859.0,44337.0,4394.1875,1769.3125,41000.729166666664,9.176868556701033,2023,2,6,True,False,False,8.823131443298967,0.0
2023-02-20,57192.5625,65454.0,49490.0,2507.9791666666665,2560.5625,41239.791666666664,7.380992268041237,2023,2,0,False,False,True,10.619007731958764,0.0
2023-02-21,58258.083333333336,66116.0,51158.0,1439.4166666666667,1719.6041666666667,41448.833333333336,7.791688144329896,2023,2,1,False,False,True,10.208311855670104,0.0
2023-02-22,58320.729166666664,65241.0,48810.0,2649.0,756.0208333333334,41493.5,8.5536941580756,2023,2,2,False,False,True,9.4463058419244,0.0
2023-02-23,59655.8125,66518.0,50058.0,3098.4166666666665,787.6875,41726.3125,7.750665807560138,2023,2,3,False,False,True,10.249334192439862,0.0
2023-02-24,58762.541666666664,64432.0,50567.0,4415.0625,1371.375,41589.270833333336,7.517676116838488,2023,2,4,False,False,True,10.482323883161513,0.0
2023-02-25,56590.770833333336,62580.0,50123.0,6175.854166666667,1315.6875,39604.958333333336,5.9987972508591065,2023,2,5,True,False,False,12.001202749140894,0.0
2023-02-26,59248.416666666664,68353.0,52876.0,13974.020833333334,2723.2291666666665,37430.354166666664,3.1093642611683845,2023,2,6,True,False,False,14.890635738831616,0.0
2023-02-27,69286.4375,77073.0,60071.0,13033.8125,1895.1875,39240.791666666664,2.3440077319587633,2023,2,0,False,False,True,15.655992268041237,0.0
2023-02-28,70911.02083333333,78024.0,63131.0,7874.854166666667,1957.2083333333333,39436.145833333336,2.1217353951890034,2023,2,1,False,False,True,15.878264604810997,0.0
2023-03-01,69830.75,78471.0,64083.0,7520.583333333333,2794.1458333333335,39080.520833333336,2.222465635738832,2023,3,2,False,False,True,15.777534364261168,0.0
2023-03-02,68321.8125,77073.0,62564.0,3961.6041666666665,2081.6041666666665,39320.708333333336,3.4605240549828182,2023,3,3,False,False,True,14.539475945017182,0.0
2023-03-03,66114.60416666667,74819.0,60107.0,4503.770833333333,2113.6666666666665,38560.041666666664,4.319437285223368,2023,3,4,False,False,True,13.68056271477663,0.0
2023-03-04,60791.666666666664,65115.0,55490.0,3783.6041666666665,2536.6875,35077.375,4.912263745704467,2023,3,5,True,False,False,13.087736254295532,0.0
2023-03-05,57966.708333333336,64140.0,52644.0,1348.9166666666667,2714.8541666666665,34213.479166666664,4.801202749140894,2023,3,6,True,False,False,13.198797250859105,0.0
2023-03-06,64329.5,71835.0,55792.0,2704.75,1958.4166666666667,34567.645833333336,4.555756013745705,2023,3,0,False,False,True,13.444243986254296,0.0
2023-03-07,63400.458333333336,69369.0,56369.0,7156.1875,1397.7291666666667,35964.541666666664,4.880691580756014,2023,3,1,False,False,True,13.119308419243985,0.0
2023-03-08,60322.145833333336,65972.0,53857.0,11965.270833333334,1179.9583333333333,35559.791666666664,8.761383161512029,2023,3,2,False,False,True,9.238616838487971,0.0
2023-03-09,56479.625,61752.0,49583.0,14280.75,1821.3541666666667,34697.583333333336,11.409128006872853,2023,3,3,False,False,True,6.590871993127147,0.0
2023-03-10,57688.041666666664,64582.0,47728.0,13434.770833333334,1518.3958333333333,33328.520833333336,9.76168384879725,2023,3,4,False,False,True,8.23831615120275,0.0
2023-03-11,53202.291666666664,57676.0,48418.0,3885.1666666666665,1456.2708333333333,35633.541666666664,8.274248281786942,2023,3,5,True,False,False,9.725751718213058,0.0
2023-03-12,48036.395833333336,53252.0,43724.0,9113.166666666666,2112.4791666666665,31667.791666666668,11.232388316151203,2023,3,6,True,False,False,6.767611683848797,0.0
2023-03-13,51278.770833333336,57647.0,42700.0,14770.3125,2202.25,30545.395833333332,13.374076460481099,2023,3,0,False,False,True,4.625923539518901,0.0
2023-03-14,54517.770833333336,62013.0,44411.0,13020.416666666666,2216.4791666666665,32402.8125,9.75618556701031,2023,3,1,False,False,True,8.24381443298969,0.0
2023-03-15,55963.291666666664,62849.0,49518.0,2869.7291666666665,2883.5416666666665,36339.979166666664,7.552276632302405,2023,3,2,False,False,True,10.447723367697595,0.0
2023-03-16,54225.604166666664,61636.0,48816.0,7263.708333333333,3232.25,35435.083333333336,9.63853092783505,2023,3,3,False,False,True,8.36146907216495,0.0
2023-03-17,51896.791666666664,57815.0,44855.0,7322.104166666667,2031.1458333333333,35392.5625,11.55871993127148,2023,3,4,False,False,True,6.4412800687285205,0.0
2023-03-18,46801.0,51051.0,41882.0,6140.291666666667,2137.75,33738.979166666664,11.300171821305844,2023,3,5,True,False,False,6.6998281786941565,0.0
2023-03-19,45646.875,52668.0,39492.0,3280.9166666666665,1999.1666666666667,33431.395833333336,10.201353092783506,2023,3,6,True,False,False,7.798646907216494,0.0
2023-03-20,52277.083333333336,58988.0,44555.0,2136.0833333333335,3141.5833333333335,33922.604166666664,9.299312714776635,2023,3,0,False,False,True,8.700687285223365,0.0
2023-03-21,51894.0,57731.0,44793.0,4773.520833333333,2284.0625,35696.5625,10.505627147766324,2023,3,1,False,False,True,7.494372852233676,0.0
2023-03-22,51820.4375,57264.0,44374.0,11092.395833333334,2406.4583333333335,35005.708333333336,11.410502577319587,2023,3,2,False,False,True,6.589497422680413,0.0
2023-03-23,49673.541666666664,54824.0,42074.0,12398.604166666666,1882.8541666666667,33370.958333333336,13.191645189003438,2023,3,3,False,False,True,4.808354810996562,0.0
2023-03-24,49594.729166666664,54483.0,41317.0,13561.5,1816.6041666666667,33423.333333333336,12.441902920962201,2023,3,4,False,False,True,5.558097079037799,0.0
2023-03-25,46535.625,50361.0,42227.0,11954.145833333334,2471.1041666666665,29443.833333333332,11.078801546391754,2023,3,5,True,False,False,6.9211984536082465,0.0
2023-03-26,45899.583333333336,51521.0,40324.0,10650.791666666666,2053.875,33195.166666666664,10.32942439862543,2023,3,6,True,False,False,7.670575601374569,0.0
2023-03-27,53276.604166666664,60306.0,43527.0,4393.0,2613.0625,33656.291666666664,8.101396048109965,2023,3,0,False,False,True,9.898603951890035,0.0
2023-03-28,55062.229166666664,63266.0,48821.0,4647.916666666667,3399.0833333333335,34179.416666666664,7.668406357388315,2023,3,1,False,False,True,10.331593642611685,0.0
2023-03-29,51078.9375,58018.0,44425.0,6384.229166666667,2730.9166666666665,34614.4375,12.885545532646047,2023,3,2,False,False,True,5.114454467353953,0.0
2023-03-30,48751.3125,54019.0,40689.0,11550.416666666666,2548.375,33571.916666666664,13.620704467353951,2023,3,3,False,False,True,4.379295532646049,0.0
2023-03-31,49695.8125,54926.0,40921.0,16318.583333333334,2149.1041666666665,33771.729166666664,12.419286941580758,2023,3,4,False,False,True,5.580713058419242,0.0
2023-04-01,47178.479166666664,51446.0,41332.0,13215.104166666666,2247.1875,34304.479166666664,10.46960910652921,2023,4,5,True,False,False,7.5303908934707895,0.0
2023-04-02,47294.958333333336,53346.0,40603.0,8497.0625,1980.6875,34062.541666666664,9.304317010309278,2023,4,6,True,False,False,8.695682989690722,0.0
2023-04-03,54096.8125,61783.0,44886.0,6490.4375,2754.2083333333335,35944.5625,8.319286941580756,2023,4,0,False,False,True,9.680713058419244,0.0
2023-04-04,55853.875,64811.0,49162.0,5271.520833333333,4128.916666666667,37318.604166666664,6.694737972508592,2023,4,1,False,False,True,11.305262027491409,0.0
2023-04-05,55833.229166666664,65862.0,49932.0,1369.1875,4140.666666666667,37029.041666666664,7.084407216494846,2023,4,2,False,False,True,10.915592783505154,0.0
2023-04-06,53415.8125,60437.0,46905.0,3659.7708333333335,3123.8541666666665,36483.770833333336,9.156550687285224,2023,4,3,False,False,True,8.843449312714776,0.0
2023-04-07,51972.5625,59567.0,45425.0,2200.125,3643.5833333333335,35727.291666666664,9.731250000000001,2023,4,4,False,False,True,8.268749999999999,0.0
2023-04-08,47159.75,51438.0,42479.0,2664.3333333333335,4101.041666666667,34724.1875,9.789110824742268,2023,4,5,True,False,False,8.210889175257732,0.0
2023-04-09,43184.125,48119.0,37829.0,2160.8125,4032.6875,32694.666666666668,10.93028350515464,2023,4,6,True,False,False,7.069716494845361,0.0
2023-04-10,43230.875,47764.0,37629.0,6636.708333333333,2462.0208333333335,29345.875,11.867676116838487,2023,4,0,False,True,False,6.132323883161513,0.0
2023-04-11,49531.604166666664,55512.0,39642.0,7424.583333333333,2829.0208333333335,32119.958333333332,11.977104810996563,2023,4,1,False,False,True,6.022895189003437,0.0
2023-04-12,51656.520833333336,56554.0,42800.0,12541.020833333334,2039.5416666666667,32914.416666666664,10.878221649484535,2023,4,2,False,False,True,7.121778350515465,0.0
2023-04-13,52938.104166666664,58759.0,45689.0,9118.833333333334,2915.375,33297.75,8.549463058419244,2023,4,3,False,False,True,9.450536941580756,0.0
2023-04-14,53748.229166666664,59688.0,46118.0,6456.208333333333,2172.9791666666665,34713.416666666664,8.644888316151203,2023,4,4,False,False,True,9.355111683848797,0.0
2023-04-15,48645.416666666664,53307.0,43456.0,7624.541666666667,3079.2291666666665,33042.416666666664,10.302899484536084,2023,4,5,True,False,False,7.697100515463916,0.0
2023-04-16,46039.0,50035.0,41763.0,4439.166666666667,3673.8958333333335,33545.1875,9.88140034364261,2023,4,6,True,False,False,8.11859965635739,0.0
2023-04-17,50830.0625,57096.0,42083.0,4546.916666666667,3354.5833333333335,34234.666666666664,10.423732817869414,2023,4,0,False,False,True,7.576267182130586,0.0
2023-04-18,50419.875,56610.0,43244.0,6799.895833333333,3339.7291666666665,34280.1875,11.058913230240552,2023,4,1,False,False,True,6.941086769759448,0.0
2023-04-19,48896.6875,54810.0,42516.0,5853.104166666667,4058.6041666666665,34840.354166666664,12.501181271477664,2023,4,2,False,False,True,5.498818728522336,0.0
2023-04-20,48957.645833333336,53839.0,40654.0,6116.0625,3725.875,34618.291666666664,11.051524914089347,2023,4,3,False,False,True,6.948475085910653,0.0
2023-04-21,49369.479166666664,55746.0,42888.0,2504.4166666666665,3573.9583333333335,34839.104166666664,10.857989690721649,2023,4,4,False,False,True,7.142010309278351,0.0
2023-04-22,44435.708333333336,50488.0,38726.0,5201.520833333333,2038.8333333333333,34703.458333333336,12.653758591065294,2023,4,5,True,False,False,5.346241408934706,0.0
2023-04-23,42807.791666666664,48549.0,36558.0,9264.916666666666,2350.7708333333335,32461.479166666668,12.515163230240551,2023,4,6,True,False,False,5.484836769759449,0.0
2023-04-24,48619.625,55204.0,39126.0,6216.4375,2809.3333333333335,35100.666666666664,11.730197594501718,2023,4,0,False,False,True,6.269802405498282,0.0
2023-04-25,50093.958333333336,56065.0,41474.0,2353.9791666666665,2634.1041666666665,35754.708333333336,10.93213058419244,2023,4,1,False,False,True,7.067869415807561,0.0
2023-04-26,49881.6875,55710.0,42374.0,1459.6041666666667,2732.9375,36410.041666666664,11.29718642611684,2023,4,2,False,False,True,6.7028135738831605,0.0
2023-04-27,47666.604166666664,53128.0,40100.0,1565.5,3102.0625,37625.25,13.924720790378007,2023,4,3,False,False,True,4.075279209621993,0.0
2023-04-28,45525.916666666664,51930.0,37707.0,4531.583333333333,3144.9583333333335,37424.645833333336,16.217375429553265,2023,4,4,False,False,True,1.7826245704467354,0.0
2023-04-29,41206.291666666664,47483.0,34934.0,1635.9375,2359.0208333333335,36702.3125,14.670146048109967,2023,4,5,True,False,False,3.3298539518900334,0.0
2023-04-30,39156.729166666664,44808.0,33963.0,2672.1041666666665,3054.5208333333335,34172.729166666664,14.16703178694158,2023,4,6,True,False,False,3.83296821305842,0.0
2023-05-01,38783.625,44691.0,32625.0,3198.9166666666665,3143.0,34881.270833333336,13.961018041237113,2023,5,0,False,True,False,4.0389819587628875,0.0
2023-05-02,45050.208333333336,51838.0,35199.0,3283.25,4388.291666666667,36022.416666666664,13.821327319587628,2023,5,1,False,False,True,4.178672680412372,0.0
2023-05-03,45386.0,51107.0,37411.0,6349.25,4676.125,35944.020833333336,14.702534364261169,2023,5,2,False,False,True,3.2974656357388312,0.0
2023-05-04,44651.895833333336,49989.0,36431.0,6295.0,4015.1458333333335,35883.083333333336,16.597551546391752,2023,5,3,False,False,True,1.4024484536082475,0.0
2023-05-05,44084.270833333336,50515.0,35401.0,2407.6041666666665,3537.875,35414.708333333336,15.924205326460482,2023,5,4,False,False,True,2.0757946735395176,0.0
2023-05-06,39570.875,45138.0,33509.0,1215.7708333333333,3753.0208333333335,33984.479166666664,16.304961340206187,2023,5,5,True,False,False,1.6950386597938127,0.0
2023-05-07,37487.875,43763.0,31521.0,1576.5416666666667,2684.8958333333335,33176.6875,15.82233676975945,2023,5,6,True,False,False,2.177663230240549,0.0
2023-05-08,38469.208333333336,44814.0,31461.0,1666.3541666666667,3013.1666666666665,34434.895833333336,15.643406357388313,2023,5,0,False,True,False,2.3565936426116867,0.0
2023-05-09,44223.083333333336,51655.0,33259.0,4448.8125,1826.8958333333333,34724.4375,15.11436855670103,2023,5,1,False,False,True,2.885631443298969,0.0
2023-05-10,45642.979166666664,52605.0,36414.0,6002.958333333333,3425.0625,34352.645833333336,13.602835051546391,2023,5,2,False,False,True,4.397164948453609,0.0
2023-05-11,45891.625,51742.0,36999.0,2207.3333333333335,3252.3333333333335,34952.666666666664,12.816451890034363,2023,5,3,False,False,True,5.183548109965637,0.0
2023-05-12,45902.375,52096.0,37176.0,3453.6041666666665,2724.3125,35112.583333333336,12.552233676975943,2023,5,4,False,False,True,5.447766323024057,0.0
2023-05-13,41248.270833333336,47622.0,35225.0,5107.729166666667,2941.1875,31794.541666666668,13.896456185567011,2023,5,5,True,False,False,4.103543814432989,0.0
2023-05-14,39356.0,45727.0,33375.0,3426.2291666666665,3534.625,33291.145833333336,14.086082474226803,2023,5,6,True,False,False,3.913917525773197,0.0
2023-05-15,44855.0,51781.0,34482.0,5066.75,3242.3125,35256.583333333336,13.595919243986256,2023,5,0,False,False,True,4.4040807560137445,0.0
2023-05-16,46278.1875,52429.0,37460.0,8101.895833333333,3657.0,34902.166666666664,12.517289518900345,2023,5,1,False,False,True,5.482710481099655,0.0
2023-05-17,45949.8125,52207.0,38005.0,6993.291666666667,4029.9166666666665,34680.229166666664,12.536554982817869,2023,5,2,False,False,True,5.463445017182131,0.0
2023-05-18,40829.395833333336,46328.0,35397.0,5347.916666666667,3454.7916666666665,34020.458333333336,12.729059278350517,2023,5,3,False,True,False,5.270940721649483,0.0
2023-05-19,41520.666666666664,47387.0,34653.0,5398.166666666667,3408.2291666666665,34560.520833333336,13.851589347079038,2023,5,4,False,False,True,4.148410652920962,0.0
2023-05-20,39302.3125,44918.0,33716.0,6249.0,2747.9791666666665,32151.166666666668,15.155584192439862,2023,5,5,True,False,False,2.8444158075601376,0.0
2023-05-21,37708.895833333336,43854.0,31575.0,4259.8125,2245.9791666666665,32240.5625,16.322229381443297,2023,5,6,True,False,False,1.6777706185567034,0.0
2023-05-22,42898.645833333336,49686.0,32848.0,2968.0208333333335,3266.7916666666665,34867.166666666664,17.047551546391755,2023,5,0,False,False,True,0.9524484536082447,0.0
2023-05-23,43748.083333333336,49978.0,34629.0,6281.208333333333,2950.1666666666665,35812.479166666664,16.845811855670103,2023,5,1,False,False,True,1.154188144329897,0.0
2023-05-24,43967.604166666664,50193.0,35332.0,6119.0625,3804.3333333333335,35628.958333333336,15.603221649484537,2023,5,2,False,False,True,2.396778350515463,0.0
2023-05-25,43903.770833333336,49911.0,35187.0,7693.916666666667,3797.4166666666665,33977.958333333336,15.742740549828179,2023,5,3,False,False,True,2.257259450171821,0.0
2023-05-26,43258.458333333336,49390.0,34995.0,6028.625,4643.75,33499.416666666664,17.53857388316151,2023,5,4,False,False,True,0.46142611683848855,0.0
2023-05-27,38662.0625,44480.0,32509.0,4303.979166666667,4193.541666666667,29794.895833333332,18.939776632302408,2023,5,5,True,False,False,0.0,0.0
2023-05-28,36224.291666666664,41634.0,30223.0,4448.770833333333,3545.0625,29005.895833333332,19.506701030927832,2023,5,6,True,False,False,0.0,0.0
2023-05-29,37728.020833333336,44150.0,30313.0,8015.770833333333,3415.1875,29499.541666666668,19.00562714776632,2023,5,0,False,True,False,0.0,0.0
2023-05-30,42681.8125,49553.0,32431.0,8414.291666666666,4428.375,32282.625,18.79909793814433,2023,5,1,False,False,True,0.0,0.0
2023-05-31,43576.8125,50237.0,34265.0,7445.0625,3862.9583333333335,32131.125,19.32573024054983,2023,5,2,False,False,True,0.0,0.0
2023-06-01,43889.125,50303.0,34727.0,5556.729166666667,4098.416666666667,32307.895833333332,19.675257731958766,2023,6,3,False,False,True,0.0,0.0
2023-06-02,43345.5625,50031.0,34736.0,6006.625,4367.3125,32044.4375,18.303135738831614,2023,6,4,False,False,True,0.0,0.0
2023-06-03,38807.166666666664,45168.0,32389.0,4621.604166666667,3908.75,29847.979166666668,18.966451890034364,2023,6,5,True,False,False,0.0,0.0
2023-06-04,36623.520833333336,42447.0,29798.0,4688.458333333333,3602.375,28966.5625,19.614432989690727,2023,6,6,True,False,False,0.0,0.0
2023-06-05,42427.375,49483.0,31670.0,4506.0,4277.895833333333,30872.041666666668,19.86952319587629,2023,6,0,False,False,True,0.0,0.0
2023-06-06,43215.5625,49707.0,33823.0,3993.8541666666665,4057.1875,30988.208333333332,19.960996563573882,2023,6,1,False,False,True,0.0,0.0
2023-06-07,43629.166666666664,50435.0,33934.0,3926.0625,4255.020833333333,30930.041666666668,20.97757731958763,2023,6,2,False,False,True,0.0,0.0
2023-06-08,44017.979166666664,50755.0,34276.0,3689.1666666666665,4039.4791666666665,30182.75,21.524162371134018,2023,6,3,False,False,True,0.0,0.0
2023-06-09,43713.979166666664,51047.0,34626.0,3482.1875,2599.4583333333335,29766.833333333332,21.401288659793817,2023,6,4,False,False,True,0.0,0.0
2023-06-10,39356.5,45792.0,32488.0,1916.6875,3812.625,29376.583333333332,21.801739690721647,2023,6,5,True,False,False,0.0,0.0
2023-06-11,37490.958333333336,43589.0,30474.0,1629.7291666666667,3519.6458333333335,28584.020833333332,21.80120274914089,2023,6,6,True,False,False,0.0,0.0
2023-06-12,43151.5625,50615.0,32078.0,1442.1875,3516.375,31386.979166666668,21.240571305841925,2023,6,0,False,False,True,0.0,0.0
2023-06-13,43986.020833333336,50839.0,34302.0,3047.3541666666665,3394.7083333333335,30375.166666666668,21.197680412371135,2023,6,1,False,False,True,0.0,0.0
2023-06-14,44268.958333333336,51778.0,34146.0,2693.4583333333335,4157.625,30586.1875,21.372164948453612,2023,6,2,False,False,True,0.0,0.0
2023-06-15,44435.583333333336,51381.0,34705.0,2074.4166666666665,4173.958333333333,30598.020833333332,21.43283934707904,2023,6,3,False,False,True,0.0,0.0
2023-06-16,44176.083333333336,51578.0,34860.0,1021.0416666666666,4445.770833333333,30982.041666666668,21.993750000000002,2023,6,4,False,False,True,0.0,0.0
2023-06-17,39861.604166666664,46487.0,32857.0,945.2916666666666,4136.645833333333,30721.666666666668,22.97843642611684,2023,6,5,True,False,False,0.0,0.0
2023-06-18,37532.979166666664,43346.0,30702.0,2805.0625,3215.0833333333335,30272.458333333332,22.41307989690722,2023,6,6,True,False,False,0.0,0.0
2023-06-19,43198.958333333336,50916.0,32254.0,1828.3958333333333,3125.2708333333335,30827.395833333332,21.85764604810997,2023,6,0,False,False,True,0.0,0.0
2023-06-20,44344.770833333336,51378.0,34554.0,2976.5625,2912.7916666666665,31514.25,22.714755154639175,2023,6,1,False,False,True,0.0,0.0
2023-06-21,44651.4375,52063.0,34844.0,1024.2083333333333,3040.5208333333335,33194.0,22.368127147766323,2023,6,2,False,False,True,0.0,0.0
2023-06-22,44516.395833333336,51403.0,35004.0,4071.25,2752.3541666666665,33433.145833333336,21.5338058419244,2023,6,3,False,False,True,0.0,0.0
2023-06-23,43940.729166666664,51080.0,34622.0,1880.4791666666667,4558.125,33664.020833333336,21.2544029209622,2023,6,4,False,False,True,0.0,0.0
2023-06-24,39813.104166666664,46193.0,32653.0,1896.0416666666667,4936.604166666667,32654.520833333332,22.586576460481105,2023,6,5,True,False,False,0.0,0.0
2023-06-25,38234.291666666664,43778.0,30578.0,2743.7916666666665,4446.395833333333,31183.041666666668,23.87899484536083,2023,6,6,True,False,False,0.0,0.0
2023-06-26,43948.041666666664,51548.0,33007.0,4212.770833333333,4115.645833333333,34462.708333333336,22.362306701030928,2023,6,0,False,False,True,0.0,0.0
2023-06-27,44412.520833333336,51031.0,34756.0,2102.9166666666665,4222.6875,34794.833333333336,21.16338058419244,2023,6,1,False,False,True,0.0,0.0
2023-06-28,44729.645833333336,51479.0,34998.0,1411.1458333333333,4275.25,34146.729166666664,21.73576030927835,2023,6,2,False,False,True,0.0,0.0
2023-06-29,45137.395833333336,52138.0,35484.0,1807.4791666666667,3339.625,34286.041666666664,21.83262457044674,2023,6,3,False,False,True,0.0,0.0
2023-06-30,43512.125,50171.0,35325.0,3805.2916666666665,2954.3333333333335,33275.208333333336,19.522250859106528,2023,6,4,False,False,True,0.0,0.0
2023-07-01,39307.9375,45584.0,33008.0,8226.291666666666,2699.0416666666665,31647.270833333332,19.535244845360825,2023,7,5,True,False,False,0.0,0.0
2023-07-02,37393.166666666664,43439.0,30548.0,4223.770833333333,3056.1875,28670.6875,20.123346219931275,2023,7,6,True,False,False,0.0,0.0
2023-07-03,43413.583333333336,50729.0,32631.0,4910.729166666667,3842.25,33232.895833333336,19.997766323024052,2023,7,0,False,False,True,0.0,0.0
2023-07-04,44828.604166666664,51821.0,35066.0,3973.5,3608.9583333333335,34016.458333333336,19.941924398625428,2023,7,1,False,False,True,0.0,0.0
2023-07-05,45066.395833333336,51896.0,35757.0,7335.333333333333,3746.6666666666665,33984.0,19.3965206185567,2023,7,2,False,False,True,0.0,0.0
2023-07-06,45299.25,52009.0,35547.0,753.2916666666666,4489.604166666667,34583.041666666664,20.40006443298969,2023,7,3,False,False,True,0.0,0.0
2023-07-07,45639.104166666664,52942.0,35936.0,3400.1875,4424.4375,35116.604166666664,23.21546391752577,2023,7,4,False,False,True,0.0,0.0
2023-07-08,41781.541666666664,48372.0,34192.0,2616.9791666666665,4429.666666666667,33444.104166666664,25.40313573883162,2023,7,5,True,False,False,0.0,1.4031357388316188
2023-07-09,39493.458333333336,45482.0,32109.0,1787.1875,3990.6875,32629.125,24.312091924398626,2023,7,6,True,False,False,0.0,0.31209192439862576
2023-07-10,45962.375,54043.0,33970.0,1289.75,4463.145833333333,32709.375,24.492332474226803,2023,7,0,False,False,True,0.0,0.49233247422680293
2023-07-11,47614.875,55616.0,37120.0,3134.3333333333335,3902.6458333333335,31230.583333333332,24.859514604811,2023,7,1,False,False,True,0.0,0.8595146048110003
2023-07-12,46425.541666666664,53394.0,37215.0,4080.4791666666665,3271.6875,30681.166666666668,22.001116838487974,2023,7,2,False,False,True,0.0,0.0
2023-07-13,45503.166666666664,52398.0,36525.0,2620.0,4084.125,32428.75,21.24641323024055,2023,7,3,False,False,True,0.0,0.0
2023-07-14,40416.791666666664,46054.0,33576.0,4944.4375,4662.375,32478.25,22.69946305841924,2023,7,4,False,True,False,0.0,0.0
2023-07-15,40043.708333333336,46632.0,33541.0,7674.895833333333,2607.9791666666665,29876.5625,23.12126288659794,2023,7,5,True,False,False,0.0,0.0
2023-07-16,38362.708333333336,43910.0,31842.0,5101.25,3096.1875,26837.854166666668,21.076245704467354,2023,7,6,True,False,False,0.0,0.0
2023-07-17,44685.416666666664,52042.0,33540.0,2465.0833333333335,4231.25,33796.958333333336,21.440463917525772,2023,7,0,False,False,True,0.0,0.0
2023-07-18,46618.458333333336,54229.0,36250.0,1805.2708333333333,4119.4375,34409.770833333336,22.985910652920968,2023,7,1,False,False,True,0.0,0.0
2023-07-19,46584.895833333336,53540.0,37132.0,4213.0,3889.7916666666665,34447.25,22.540871993127144,2023,7,2,False,False,True,0.0,0.0
2023-07-20,46146.395833333336,52912.0,36690.0,1441.9583333333333,4219.458333333333,34630.0,21.4483676975945,2023,7,3,False,False,True,0.0,0.0
2023-07-21,45103.770833333336,52125.0,36612.0,2886.0625,3780.1458333333335,35305.291666666664,20.767203608247424,2023,7,4,False,False,True,0.0,0.0
2023-07-22,40306.3125,46074.0,33705.0,3974.5,4349.958333333333,33422.229166666664,20.797594501718212,2023,7,5,True,False,False,0.0,0.0
2023-07-23,38630.916666666664,44800.0,31780.0,7613.125,2999.1875,28644.583333333332,21.901396048109966,2023,7,6,True,False,False,0.0,0.0
2023-07-24,43680.395833333336,51065.0,33451.0,5432.479166666667,2959.5833333333335,33997.458333333336,21.22671821305842,2023,7,0,False,False,True,0.0,0.0
2023-07-25,43704.083333333336,50320.0,35176.0,4806.5,3239.25,33646.583333333336,18.807560137457045,2023,7,1,False,False,True,0.0,0.0
2023-07-26,43473.604166666664,50119.0,34487.0,2795.7916666666665,3676.7291666666665,33196.25,18.65238402061856,2023,7,2,False,False,True,0.0,0.0
2023-07-27,43967.145833333336,50337.0,35044.0,7410.75,3757.5833333333335,33187.041666666664,20.59961340206186,2023,7,3,False,False,True,0.0,0.0
2023-07-28,43394.8125,50174.0,34929.0,4065.1875,3280.8125,33365.8125,21.62875859106529,2023,7,4,False,False,True,0.0,0.0
2023-07-29,39186.166666666664,45725.0,32347.0,4783.3125,3222.6041666666665,29934.125,21.231529209621993,2023,7,5,True,False,False,0.0,0.0
2023-07-30,36954.729166666664,42841.0,30573.0,6079.4375,3345.9166666666665,26600.104166666668,20.293857388316148,2023,7,6,True,False,False,0.0,0.0
2023-07-31,41124.333333333336,48018.0,31289.0,9742.5,3868.1041666666665,29953.895833333332,20.25180412371134,2023,7,0,False,False,True,0.0,0.0
2023-08-01,41854.916666666664,48457.0,33311.0,9686.895833333334,3154.25,30958.416666666668,20.590786082474224,2023,8,1,False,False,True,0.0,0.0
2023-08-02,42528.270833333336,49797.0,33504.0,14299.458333333334,3248.4791666666665,30807.270833333332,21.197014604810995,2023,8,2,False,False,True,0.0,0.0
2023-08-03,41622.270833333336,48430.0,33424.0,9380.708333333334,3097.0,29975.854166666668,19.146284364261167,2023,8,3,False,False,True,0.0,0.0
2023-08-04,40224.625,46902.0,32425.0,3808.7083333333335,3345.4375,30387.645833333332,17.963702749140896,2023,8,4,False,False,True,0.036297250859103514,0.0
2023-08-05,37308.208333333336,43387.0,30482.0,8623.020833333334,3355.4791666666665,27929.458333333332,17.720124570446735,2023,8,5,True,False,False,0.2798754295532646,0.0
2023-08-06,35863.958333333336,41802.0,29968.0,11199.104166666666,3711.875,25796.1875,17.375579896907215,2023,8,6,True,False,False,0.6244201030927847,0.0
2023-08-07,39157.104166666664,45843.0,30343.0,2973.8333333333335,4502.5625,29773.270833333332,17.44617697594502,2023,8,0,False,False,True,0.5538230240549815,0.0
2023-08-08,39936.166666666664,46273.0,31674.0,2297.6875,4499.0625,30452.854166666668,18.77326030927835,2023,8,1,False,False,True,0.0,0.0
2023-08-09,40211.25,46612.0,31742.0,1579.375,4394.125,31868.270833333332,20.73505154639175,2023,8,2,False,False,True,0.0,0.0
2023-08-10,40776.020833333336,47381.0,32208.0,1734.2916666666667,4125.604166666667,31071.895833333332,21.68077749140893,2023,8,3,False,False,True,0.0,0.0
2023-08-11,41185.75,48278.0,32410.0,1709.9791666666667,3899.9166666666665,32957.458333333336,22.411232817869422,2023,8,4,False,False,True,0.0,0.0
2023-08-12,38266.333333333336,44100.0,31649.0,2374.8958333333335,3577.75,30943.479166666668,22.709192439862544,2023,8,5,True,False,False,0.0,0.0
2023-08-13,36280.729166666664,41793.0,30140.0,1389.9791666666667,3731.125,29449.4375,21.677233676975945,2023,8,6,True,False,False,0.0,0.0
2023-08-14,38929.75,45765.0,30420.0,2524.0208333333335,3553.6041666666665,31777.541666666668,22.542010309278353,2023,8,0,False,False,True,0.0,0.0
2023-08-15,37499.020833333336,43319.0,30745.0,1016.2083333333334,3465.4166666666665,31321.125,22.462951030927837,2023,8,1,False,True,False,0.0,0.0
2023-08-16,40616.583333333336,47896.0,31323.0,1359.2291666666667,3497.5416666666665,33159.270833333336,22.46245704467354,2023,8,2,False,False,True,0.0,0.0
2023-08-17,41853.854166666664,48634.0,32563.0,1771.0625,3893.0416666666665,35921.395833333336,23.501589347079037,2023,8,3,False,False,True,0.0,0.0
2023-08-18,42505.583333333336,49547.0,33180.0,2060.5416666666665,3756.7291666666665,34528.354166666664,24.796219931271484,2023,8,4,False,False,True,0.0,0.7962199312714837
2023-08-19,40082.270833333336,46056.0,32917.0,2435.8125,3901.2083333333335,33545.458333333336,25.043406357388317,2023,8,5,True,False,False,0.0,1.0434063573883172
2023-08-20,38538.979166666664,44643.0,31041.0,988.6666666666666,4244.145833333333,33439.041666666664,25.119007731958767,2023,8,6,True,False,False,0.0,1.1190077319587672
2023-08-21,44306.604166666664,52599.0,32779.0,1144.7083333333333,4239.833333333333,33119.958333333336,25.534063573883163,2023,8,0,False,False,True,0.0,1.534063573883163
2023-08-22,46268.791666666664,54109.0,35647.0,1272.75,4095.4791666666665,31585.625,25.89690721649485,2023,8,1,False,False,True,0.0,1.8969072164948493
2023-08-23,47063.1875,55200.0,36307.0,1504.0833333333333,3860.8541666666665,33158.895833333336,26.749312714776632,2023,8,2,False,False,True,0.0,2.7493127147766323
2023-08-24,47093.791666666664,54761.0,37282.0,4478.708333333333,3459.875,32878.333333333336,26.230906357388314,2023,8,3,False,False,True,0.0,2.2309063573883137
2023-08-25,44938.979166666664,51882.0,36699.0,4232.625,2460.5208333333335,33174.729166666664,22.864926975945014,2023,8,4,False,False,True,0.0,0.0
2023-08-26,39601.395833333336,45665.0,33489.0,2970.6041666666665,2523.4583333333335,33479.020833333336,19.44993556701031,2023,8,5,True,False,False,0.0,0.0
2023-08-27,36805.041666666664,42471.0,30936.0,3904.0833333333335,2578.3958333333335,33406.270833333336,17.7805412371134,2023,8,6,True,False,False,0.2194587628865996,0.0
2023-08-28,41933.625,49289.0,31544.0,3362.0,2938.4375,34462.3125,17.25652920962199,2023,8,0,False,False,True,0.7434707903780087,0.0
2023-08-29,43083.5,49882.0,33784.0,2111.0625,2919.0,35129.041666666664,16.787714776632306,2023,8,1,False,False,True,1.2122852233676937,0.0
2023-08-30,43395.708333333336,50111.0,34261.0,3782.75,3101.4166666666665,35221.166666666664,17.189583333333335,2023,8,2,False,False,True,0.810416666666665,0.0
2023-08-31,43874.25,50741.0,34481.0,3940.75,3171.75,35345.541666666664,17.806593642611684,2023,8,3,False,False,True,0.1934063573883158,0.0
2023-09-01,43812.916666666664,50817.0,34600.0,3586.8958333333335,3664.7083333333335,35807.020833333336,19.97624570446735,2023,9,4,False,False,True,0.0,0.0
2023-09-02,39711.0625,46522.0,32400.0,2034.125,3224.7291666666665,34872.291666666664,21.113745704467355,2023,9,5,True,False,False,0.0,0.0
2023-09-03,38146.916666666664,44668.0,31007.0,3789.625,3999.5625,34567.104166666664,22.494673539518903,2023,9,6,True,False,False,0.0,0.0
2023-09-04,44336.041666666664,52411.0,32445.0,6096.395833333333,3935.3541666666665,37063.354166666664,23.882817869415806,2023,9,0,False,False,True,0.0,0.0
2023-09-05,45984.145833333336,53341.0,35245.0,3740.4375,3776.7916666666665,38193.583333333336,24.14518900343643,2023,9,1,False,False,True,0.0,0.14518900343642827
2023-09-06,46223.083333333336,53755.0,35434.0,1884.5416666666667,3880.375,38795.5,23.559879725085914,2023,9,2,False,False,True,0.0,0.0
2023-09-07,46353.104166666664,53379.0,35727.0,1577.7083333333333,3989.9166666666665,39412.4375,23.355369415807562,2023,9,3,False,False,True,0.0,0.0
2023-09-08,45757.479166666664,53346.0,35663.0,959.5625,3921.5833333333335,39305.666666666664,24.17162800687285,2023,9,4,False,False,True,0.0,0.17162800687285085
2023-09-09,41289.104166666664,48008.0,33699.0,1540.3541666666667,4088.1041666666665,37110.166666666664,24.544909793814433,2023,9,5,True,False,False,0.0,0.5449097938144334
2023-09-10,39166.0625,45090.0,31914.0,2284.3541666666665,3881.2708333333335,36713.708333333336,24.546799828178692,2023,9,6,True,False,False,0.0,0.5467998281786919
2023-09-11,44815.166666666664,52366.0,33356.0,1486.1458333333333,3185.1458333333335,38592.6875,22.74347079037801,2023,9,0,False,False,True,0.0,0.0
2023-09-12,44986.895833333336,51962.0,35075.0,1058.4583333333333,2320.0,38792.125,20.646305841924402,2023,9,1,False,False,True,0.0,0.0
2023-09-13,44674.916666666664,51408.0,34794.0,1194.4375,2651.125,39498.229166666664,19.691817010309276,2023,9,2,False,False,True,0.0,0.0
2023-09-14,44683.5,51194.0,34972.0,805.5625,3603.375,41136.416666666664,19.43447164948454,2023,9,3,False,False,True,0.0,0.0
2023-09-15,44251.416666666664,50948.0,34773.0,2728.75,3565.2916666666665,41577.791666666664,20.373560996563572,2023,9,4,False,False,True,0.0,0.0
2023-09-16,40097.208333333336,46801.0,33223.0,3305.0208333333335,2577.8541666666665,39227.770833333336,21.078178694158076,2023,9,5,True,False,False,0.0,0.0
2023-09-17,38498.916666666664,44938.0,31453.0,3463.1666666666665,2412.5,37176.645833333336,22.142697594501715,2023,9,6,True,False,False,0.0,0.0
2023-09-18,43813.208333333336,51053.0,32665.0,7823.125,2684.6875,37814.291666666664,20.23919673539519,2023,9,0,False,False,True,0.0,0.0
2023-09-19,44206.875,50574.0,34560.0,6454.8125,3162.9375,36568.020833333336,18.64392182130584,2023,9,1,False,False,True,0.0,0.0
2023-09-20,44480.375,51118.0,34782.0,8247.875,2605.8333333333335,36458.416666666664,19.312499999999996,2023,9,2,False,False,True,0.0,0.0
2023-09-21,44341.479166666664,50294.0,34880.0,6714.458333333333,1365.7916666666667,37537.541666666664,18.144072164948454,2023,9,3,False,False,True,0.0,0.0
2023-09-22,43493.604166666664,50353.0,34326.0,6984.645833333333,2799.8333333333335,37837.1875,15.302555841924397,2023,9,4,False,False,True,2.6974441580756032,0.0
2023-09-23,38946.291666666664,45176.0,32308.0,2724.8125,3258.6875,35378.979166666664,14.4365764604811,2023,9,5,True,False,False,3.563423539518899,0.0
2023-09-24,37410.375,43423.0,31059.0,3525.9791666666665,3512.9583333333335,30972.083333333332,14.875171821305841,2023,9,6,True,False,False,3.124828178694159,0.0
2023-09-25,43002.291666666664,49482.0,32206.0,1842.6458333333333,3661.5,34911.25,16.644136597938147,2023,9,0,False,False,True,1.3558634020618534,0.0
2023-09-26,43752.125,49794.0,34183.0,1442.0416666666667,3515.3125,37413.770833333336,17.76125429553265,2023,9,1,False,False,True,0.23874570446735177,0.0
2023-09-27,44103.645833333336,50537.0,34151.0,2853.2291666666665,3028.3541666666665,37465.5,18.465700171821307,2023,9,2,False,False,True,0.0,0.0
2023-09-28,44234.333333333336,50013.0,34697.0,2564.8541666666665,3200.4166666666665,37054.0625,19.057710481099658,2023,9,3,False,False,True,0.0,0.0
2023-09-29,43850.5625,50353.0,34937.0,5970.020833333333,2831.6875,37819.125,19.42721219931272,2023,9,4,False,False,True,0.0,0.0
2023-09-30,39294.354166666664,45575.0,32337.0,721.0833333333334,3427.8125,36714.3125,17.955326460481096,2023,9,5,True,False,False,0.04467353951890374,0.0
2023-10-01,37755.041666666664,44013.0,30898.0,1804.1458333333333,3444.9791666666665,35619.5,18.94821735395189,2023,10,6,True,False,False,0.0,0.0
2023-10-02,43316.520833333336,50412.0,32018.0,3697.625,3537.0625,36788.270833333336,19.77886597938144,2023,10,0,False,False,True,0.0,0.0
2023-10-03,44315.145833333336,50629.0,34764.0,8074.4375,2121.3125,36393.583333333336,19.239518900343644,2023,10,1,False,False,True,0.0,0.0
2023-10-04,44166.3125,50620.0,34511.0,2048.4166666666665,3150.9791666666665,37877.229166666664,15.765506872852233,2023,10,2,False,False,True,2.2344931271477666,0.0
2023-10-05,44403.625,50263.0,34906.0,835.3541666666666,3339.2916666666665,38482.125,14.867096219931272,2023,10,3,False,False,True,3.1329037800687285,0.0
2023-10-06,44239.854166666664,50439.0,35449.0,1201.0208333333333,3622.1041666666665,38191.833333333336,15.060030068728523,2023,10,4,False,False,True,2.9399699312714773,0.0
2023-10-07,39688.0625,46061.0,33176.0,2110.8125,3571.7083333333335,35635.104166666664,16.132388316151204,2023,10,5,True,False,False,1.8676116838487964,0.0
2023-10-08,37663.270833333336,43981.0,30831.0,1050.6666666666667,3444.5625,37667.5,17.610309278350517,2023,10,6,True,False,False,0.38969072164948315,0.0
2023-10-09,43123.666666666664,50050.0,32092.0,835.9375,3269.8125,39340.229166666664,17.789690721649485,2023,10,0,False,False,True,0.21030927835051472,0.0
2023-10-10,44215.583333333336,50003.0,34487.0,1303.7291666666667,3269.5833333333335,40098.145833333336,18.09016323024055,2023,10,1,False,False,True,0.0,0.0
2023-10-11,44434.916666666664,50628.0,34696.0,3894.2916666666665,3149.1875,38842.875,18.174441580756014,2023,10,2,False,False,True,0.0,0.0
2023-10-12,44325.0,50632.0,34278.0,4342.145833333333,2584.625,38348.666666666664,18.962736254295532,2023,10,3,False,False,True,0.0,0.0
2023-10-13,43945.354166666664,50349.0,34535.0,11995.833333333334,2383.9166666666665,37156.479166666664,20.013616838487973,2023,10,4,False,False,True,0.0,0.0
2023-10-14,39452.958333333336,45924.0,32634.0,5564.8125,1711.3958333333333,35771.083333333336,16.398947594501717,2023,10,5,True,False,False,1.601052405498283,0.0
2023-10-15,38394.9375,45087.0,31243.0,3248.3541666666665,2747.7083333333335,37035.333333333336,12.200665807560137,2023,10,6,True,False,False,5.799334192439863,0.0
2023-10-16,45533.083333333336,53104.0,34128.0,6966.104166666667,2408.75,40395.770833333336,11.482517182130586,2023,10,0,False,False,True,6.517482817869414,0.0
2023-10-17,47391.416666666664,53505.0,37811.0,7128.354166666667,1982.8333333333333,40146.833333333336,14.074763745704468,2023,10,1,False,False,True,3.925236254295532,0.0
2023-10-18,47592.708333333336,54121.0,37448.0,11664.333333333334,1105.6041666666667,39705.520833333336,16.690657216494845,2023,10,2,False,False,True,1.309342783505155,0.0
2023-10-19,46492.583333333336,52581.0,36674.0,8670.4375,1039.75,39946.020833333336,17.33747852233677,2023,10,3,False,False,True,0.6625214776632298,0.0
2023-10-20,45829.0625,52242.0,36056.0,6351.979166666667,1277.3958333333333,40324.666666666664,15.697658934707905,2023,10,4,False,False,True,2.3023410652920955,0.0
2023-10-21,42175.4375,48547.0,34897.0,15166.895833333334,2224.5208333333335,34200.0,14.05790378006873,2023,10,5,True,False,False,3.942096219931271,0.0
2023-10-22,40301.041666666664,46335.0,33837.0,5554.5625,2187.75,37774.604166666664,12.988616838487973,2023,10,6,True,False,False,5.011383161512027,0.0
2023-10-23,47179.520833333336,55032.0,35286.0,5797.520833333333,1112.0416666666667,40319.166666666664,13.087671821305841,2023,10,0,False,False,True,4.912328178694159,0.0
2023-10-24,47650.791666666664,54157.0,37885.0,4799.625,1830.0416666666667,40019.5625,13.399377147766325,2023,10,1,False,False,True,4.600622852233675,0.0
2023-10-25,48306.541666666664,55038.0,38391.0,8259.3125,1090.2708333333333,39685.020833333336,13.805541237113403,2023,10,2,False,False,True,4.1944587628865975,0.0
2023-10-26,48344.520833333336,54976.0,38208.0,5627.0,699.8541666666666,39452.4375,14.139819587628866,2023,10,3,False,False,True,3.8601804123711343,0.0
2023-10-27,48264.208333333336,54691.0,38825.0,8929.645833333334,1726.875,39993.791666666664,12.973560996563576,2023,10,4,False,False,True,5.026439003436424,0.0
2023-10-28,44379.708333333336,50597.0,37461.0,13316.791666666666,1766.5625,35526.75,13.335309278350515,2023,10,5,True,False,False,4.664690721649485,0.0
2023-10-29,42087.770833333336,47889.0,34884.0,13922.75,1019.875,30422.354166666668,14.965506872852233,2023,10,6,True,False,False,3.0344931271477673,0.0
2023-10-30,47948.4375,55680.0,36433.0,6378.229166666667,687.1875,36059.229166666664,13.611168384879726,2023,10,0,False,False,True,4.388831615120274,0.0
2023-10-31,48636.166666666664,54834.0,39323.0,7712.3125,1946.2083333333333,37911.666666666664,12.23015463917526,2023,10,1,False,False,True,5.769845360824741,0.0
2023-11-01,45119.604166666664,51385.0,37958.0,13427.6875,1266.0416666666667,34981.770833333336,12.566451890034363,2023,11,2,False,True,False,5.433548109965637,0.0
2023-11-02,49647.9375,58196.0,37938.0,15132.9375,856.8333333333334,35592.583333333336,11.981164089347079,2023,11,3,False,False,True,6.018835910652921,0.0
2023-11-03,52378.125,58803.0,42714.0,10132.1875,1262.9166666666667,37780.791666666664,8.947379725085911,2023,11,4,False,False,True,9.052620274914089,0.0
2023-11-04,49088.729166666664,55328.0,41792.0,14757.770833333334,798.3541666666666,34031.0,10.589604810996565,2023,11,5,True,False,False,7.4103951890034345,0.0
2023-11-05,46221.958333333336,53378.0,38954.0,14819.020833333334,1639.3125,30366.25,11.865378006872852,2023,11,6,True,False,False,6.134621993127148,0.0
2023-11-06,52938.354166666664,61601.0,41511.0,10676.0,1527.4166666666667,32432.208333333332,10.372422680412372,2023,11,0,False,False,True,7.627577319587628,0.0
2023-11-07,54810.458333333336,62743.0,44580.0,7927.0625,1930.6458333333333,35980.333333333336,9.145210481099657,2023,11,1,False,False,True,8.854789518900343,0.0
2023-11-08,55918.104166666664,63337.0,46220.0,11410.25,2038.1875,36019.25,9.524377147766323,2023,11,2,False,False,True,8.475622852233677,0.0
2023-11-09,55993.520833333336,64408.0,44990.0,11594.479166666666,1028.6041666666667,36583.604166666664,10.569308419243988,2023,11,3,False,False,True,7.430691580756012,0.0
2023-11-10,56775.604166666664,63366.0,46562.0,14002.625,1363.0625,37385.208333333336,9.932667525773196,2023,11,4,False,False,True,8.067332474226804,0.0
2023-11-11,50851.375,56077.0,44331.0,4165.875,1540.0416666666667,36960.625,8.71703178694158,2023,11,5,True,True,False,9.28296821305842,0.0
2023-11-12,49070.354166666664,55561.0,42273.0,7943.1875,958.8333333333334,36035.625,10.861082474226805,2023,11,6,True,False,False,7.138917525773195,0.0
2023-11-13,52224.229166666664,59673.0,41242.0,14206.5625,987.0416666666666,34973.520833333336,14.122487113402062,2023,11,0,False,False,True,3.8775128865979376,0.0
2023-11-14,52435.979166666664,59576.0,42117.0,13347.25,1139.8958333333333,36026.416666666664,13.812263745704469,2023,11,1,False,False,True,4.187736254295531,0.0
2023-11-15,52662.354166666664,60506.0,42606.0,7514.0625,1775.5416666666667,37455.354166666664,11.531185567010308,2023,11,2,False,False,True,6.468814432989692,0.0
2023-11-16,55116.0,62630.0,44372.0,8436.416666666666,854.0208333333334,39353.458333333336,10.194415807560137,2023,11,3,False,False,True,7.805584192439863,0.0
2023-11-17,54657.229166666664,60668.0,44975.0,3692.25,1553.5,40114.416666666664,9.380927835051548,2023,11,4,False,False,True,8.619072164948452,0.0
2023-11-18,50419.583333333336,56101.0,43467.0,9506.416666666666,1441.3958333333333,40095.1875,9.815764604810997,2023,11,5,True,False,False,8.184235395189003,0.0
2023-11-19,46338.104166666664,52952.0,39985.0,12562.416666666666,1630.3958333333333,34898.479166666664,12.386340206185567,2023,11,6,True,False,False,5.613659793814433,0.0
2023-11-20,53408.041666666664,62176.0,41617.0,10307.541666666666,1084.9583333333333,39720.458333333336,10.882796391752578,2023,11,0,False,False,True,7.117203608247422,0.0
2023-11-21,54821.145833333336,62474.0,44423.0,5349.75,1003.5833333333334,40436.833333333336,9.860073024054984,2023,11,1,False,False,True,8.139926975945016,0.0
2023-11-22,56855.354166666664,65644.0,45828.0,5355.5625,1569.8958333333333,40656.958333333336,7.757667525773194,2023,11,2,False,False,True,10.242332474226806,0.0
2023-11-23,59157.916666666664,66394.0,49752.0,5146.3125,1540.4791666666667,41788.916666666664,7.403307560137457,2023,11,3,False,False,True,10.596692439862544,0.0
2023-11-24,57771.0625,63976.0,47850.0,9498.479166666666,910.2916666666666,41593.1875,8.754810996563574,2023,11,4,False,False,True,9.245189003436426,0.0
2023-11-25,56720.791666666664,63414.0,49062.0,6099.291666666667,1836.4791666666667,41649.875,4.940614261168385,2023,11,5,True,False,False,13.059385738831615,0.0
2023-11-26,57988.791666666664,64534.0,51919.0,2789.1875,1880.0625,42823.104166666664,3.445253436426117,2023,11,6,True,False,False,14.554746563573882,0.0
2023-11-27,63902.270833333336,71454.0,52448.0,10384.958333333334,451.4791666666667,43000.208333333336,5.8659579037800675,2023,11,0,False,False,True,12.134042096219932,0.0
2023-11-28,63182.729166666664,71782.0,52209.0,5600.666666666667,1248.2083333333333,42989.979166666664,6.344329896907218,2023,11,1,False,False,True,11.655670103092781,0.0
2023-11-29,65418.895833333336,72535.0,56473.0,2379.6041666666665,1355.1041666666667,43151.854166666664,3.6266537800687284,2023,11,2,False,False,True,14.373346219931271,0.0
2023-11-30,64213.833333333336,70972.0,54573.0,1717.9166666666667,470.1458333333333,43370.666666666664,6.1853737113402065,2023,11,3,False,False,True,11.814626288659793,0.0
2023-12-01,64148.333333333336,71199.0,53017.0,3419.2708333333335,329.9166666666667,42313.270833333336,5.264561855670102,2023,12,4,False,False,True,12.735438144329898,0.0
2023-12-02,64413.166666666664,71173.0,55773.0,2685.0,1294.5208333333333,41316.583333333336,1.466709621993127,2023,12,5,True,False,False,16.533290378006875,0.0
2023-12-03,64942.020833333336,71543.0,59003.0,8403.729166666666,1722.8958333333333,41692.75,1.0609321305841928,2023,12,6,True,False,False,16.93906786941581,0.0
2023-12-04,68134.375,75123.0,57989.0,13607.0,591.8541666666666,43054.875,6.065893470790378,2023,12,0,False,False,True,11.934106529209622,0.0
2023-12-05,65891.02083333333,73435.0,55599.0,9957.625,1148.2916666666667,44229.75,6.631722508591066,2023,12,1,False,False,True,11.368277491408934,0.0
2023-12-06,66851.70833333333,74356.0,56909.0,1810.2708333333333,1321.2291666666667,45184.916666666664,4.7110395189003444,2023,12,2,False,False,True,13.288960481099656,0.0
2023-12-07,69017.41666666667,75846.0,59427.0,7973.229166666667,820.4791666666666,45360.770833333336,4.346993127147766,2023,12,3,False,False,True,13.653006872852234,0.0
2023-12-08,63420.8125,69182.0,54756.0,5523.583333333333,757.0833333333334,44630.583333333336,7.826138316151202,2023,12,4,False,False,True,10.173861683848799,0.0
2023-12-09,57979.958333333336,63516.0,51184.0,14722.125,395.0625,43027.083333333336,8.835395189003435,2023,12,5,True,False,False,9.164604810996565,0.0
2023-12-10,54005.833333333336,59961.0,47335.0,14995.395833333334,958.8333333333334,40280.125,10.22832903780069,2023,12,6,True,False,False,7.771670962199311,0.0
2023-12-11,56967.916666666664,64011.0,46234.0,9609.375,632.5625,42529.1875,11.5301116838488,2023,12,0,False,False,True,6.4698883161512,0.0
2023-12-12,56946.041666666664,64282.0,46716.0,8758.270833333334,542.0833333333334,43980.541666666664,11.004746563573883,2023,12,1,False,False,True,6.9952534364261165,0.0
2023-12-13,58932.125,67190.0,47710.0,7964.666666666667,641.8958333333334,44174.979166666664,9.223904639175258,2023,12,2,False,False,True,8.776095360824742,0.0
2023-12-14,61521.791666666664,69148.0,50911.0,5292.354166666667,908.5208333333334,44482.020833333336,7.5077319587628875,2023,12,3,False,False,True,10.492268041237113,0.0
2023-12-15,60545.458333333336,66336.0,51485.0,1886.6875,1050.8333333333333,45234.041666666664,7.21696735395189,2023,12,4,False,False,True,10.78303264604811,0.0
2023-12-16,57885.541666666664,63260.0,51161.0,2144.3125,1622.7083333333333,45720.854166666664,5.210373711340207,2023,12,5,True,False,False,12.789626288659793,0.0
2023-12-17,59957.083333333336,67311.0,53368.0,2122.1875,1557.5,46032.875,3.5353737113402066,2023,12,6,True,False,False,14.464626288659794,0.0
2023-12-18,67416.02083333333,75301.0,56602.0,2758.6666666666665,1348.4583333333333,47904.104166666664,2.922530068728523,2023,12,0,False,False,True,15.077469931271477,0.0
2023-12-19,67183.9375,73830.0,58054.0,8974.5625,785.0416666666666,46941.75,5.051696735395189,2023,12,1,False,False,True,12.94830326460481,0.0
2023-12-20,64030.645833333336,70432.0,54778.0,9670.729166666666,1024.5625,45907.541666666664,6.975042955326461,2023,12,2,False,False,True,11.024957044673538,0.0
2023-12-21,61400.416666666664,66722.0,52508.0,16465.479166666668,519.1875,42282.0,9.59892611683849,2023,12,3,False,False,True,8.40107388316151,0.0
2023-12-22,57450.354166666664,62268.0,48594.0,16339.0625,772.75,40433.979166666664,10.385975085910653,2023,12,4,False,False,True,7.614024914089347,0.0
2023-12-23,52487.833333333336,57135.0,45677.0,13514.3125,946.5833333333334,39194.291666666664,9.384579037800687,2023,12,5,True,False,False,8.615420962199313,0.0
2023-12-24,50006.020833333336,54004.0,43772.0,13553.791666666666,1173.6458333333333,34971.729166666664,9.352169243986255,2023,12,6,True,False,False,8.647830756013745,0.0
2023-12-25,48241.0,52633.0,43068.0,11208.395833333334,1108.625,34220.125,8.63107817869416,2023,12,0,False,True,False,9.36892182130584,0.0
2023-12-26,53116.791666666664,59753.0,45003.0,5709.770833333333,1123.5625,38275.645833333336,7.629768041237114,2023,12,1,False,False,True,10.370231958762886,0.0
2023-12-27,55172.020833333336,61602.0,47310.0,10398.916666666666,1567.4583333333333,41652.625,7.272895189003436,2023,12,2,False,False,True,10.727104810996565,0.0
2023-12-28,54924.9375,60683.0,46984.0,13286.166666666666,669.125,38580.5625,9.305068728522338,2023,12,3,False,False,True,8.694931271477662,0.0
2023-12-29,53909.541666666664,59144.0,46116.0,12056.0,807.6666666666666,38974.083333333336,9.593449312714776,2023,12,4,False,False,True,8.406550687285224,0.0
2023-12-30,51115.291666666664,56428.0,44734.0,9640.979166666666,1239.9166666666667,40723.791666666664,8.365270618556702,2023,12,5,True,False,False,9.634729381443298,0.0
2023-12-31,51739.583333333336,57946.0,44228.0,17058.104166666668,703.7708333333334,39794.020833333336,8.976374570446735,2023,12,6,True,False,False,9.023625429553265,0.0
2024-01-01,51588.270833333336,57040.0,47454.0,11915.104166666666,1106.875,38924.833333333336,7.651159793814434,2024,1,0,False,True,False,10.348840206185567,0.0
2024-01-02,56677.604166666664,63437.0,46554.0,17389.458333333332,384.2916666666667,43853.0625,9.595060137457045,2024,1,1,False,False,True,8.404939862542955,0.0
2024-01-03,57490.875,64674.0,47192.0,16357.416666666666,734.3541666666666,45476.979166666664,10.261018041237113,2024,1,2,False,False,True,7.738981958762887,0.0
2024-01-04,58060.1875,64989.0,48822.0,11928.395833333334,1163.9791666666667,46056.6875,9.199291237113403,2024,1,3,False,False,True,8.800708762886597,0.0
2024-01-05,59369.3125,65482.0,49543.0,7658.854166666667,661.9791666666666,47267.583333333336,7.574484536082474,2024,1,4,False,False,True,10.425515463917526,0.0
2024-01-06,58064.8125,64284.0,50301.0,6203.375,942.9791666666666,47520.625,5.425515463917526,2024,1,5,True,False,False,12.574484536082474,0.0
2024-01-07,60237.791666666664,68895.0,51559.0,8556.4375,793.375,48520.958333333336,3.768320446735395,2024,1,6,True,False,False,14.231679553264605,0.0
2024-01-08,72338.08333333333,83011.0,58188.0,9667.291666666666,660.8125,49246.5,0.6303264604810997,2024,1,0,False,False,True,17.3696735395189,0.0
2024-01-09,77525.35416666667,85303.0,66839.0,4303.375,1022.9583333333334,50031.541666666664,-0.9861039518900344,2024,1,1,False,False,True,18.986103951890033,0.0
2024-01-10,78167.5625,85370.0,67789.0,2635.0416666666665,432.8958333333333,50882.3125,-0.30103092783505164,2024,1,2,False,False,True,18.30103092783505,0.0
2024-01-11,76758.8125,83632.0,68128.0,6842.916666666667,944.1666666666666,50121.791666666664,0.7654853951890035,2024,1,3,False,False,True,17.234514604810997,0.0
2024-01-12,75746.875,82249.0,67303.0,5191.0,1221.0416666666667,49421.229166666664,0.7770618556701031,2024,1,4,False,False,True,17.2229381443299,0.0
2024-01-13,72268.45833333333,77971.0,64722.0,1134.6875,1168.7708333333333,48879.6875,0.3856529209621994,2024,1,5,True,False,False,17.6143470790378,0.0
2024-01-14,70231.375,76244.0,64115.0,1091.2083333333333,899.5208333333334,50570.333333333336,0.7691151202749141,2024,1,6,True,False,False,17.230884879725085,0.0
2024-01-15,72071.4375,79382.0,62021.0,3359.7708333333335,879.25,51494.729166666664,3.3342568728522335,2024,1,0,False,False,True,14.665743127147767,0.0
2024-01-16,73994.5,81738.0,65341.0,1992.4583333333333,1030.4166666666667,51408.4375,2.159020618556701,2024,1,1,False,False,True,15.840979381443299,0.0
2024-01-17,70082.91666666667,76442.0,61653.0,7479.3125,414.0833333333333,50823.854166666664,6.3432989690721655,2024,1,2,False,False,True,11.656701030927834,0.0
2024-01-18,68621.35416666667,77327.0,57860.0,6152.083333333333,869.4166666666666,51017.791666666664,5.124312714776633,2024,1,3,False,False,True,12.875687285223368,0.0
2024-01-19,74331.77083333333,82839.0,64980.0,2180.625,1356.5625,50718.666666666664,-0.0647121993127149,2024,1,4,False,False,True,18.064712199312716,0.0
2024-01-20,72553.75,78502.0,66690.0,3939.3333333333335,2120.2083333333335,48102.479166666664,-1.4780927835051545,2024,1,5,True,False,False,19.478092783505154,0.0
2024-01-21,67899.79166666667,74275.0,62325.0,12989.4375,1381.75,48475.291666666664,3.645038659793815,2024,1,6,True,False,False,14.354961340206184,0.0
2024-01-22,66848.91666666667,72770.0,57782.0,16143.9375,822.7083333333334,49069.104166666664,8.259407216494846,2024,1,0,False,False,True,9.740592783505154,0.0
2024-01-23,63948.541666666664,69904.0,55256.0,12852.395833333334,1240.7291666666667,47612.833333333336,8.71050257731959,2024,1,1,False,False,True,9.28949742268041,0.0
2024-01-24,59404.208333333336,65118.0,51204.0,12615.75,1205.0416666666667,46616.5,10.996219931271478,2024,1,2,False,False,True,7.003780068728522,0.0
2024-01-25,58063.979166666664,64034.0,48877.0,4168.083333333333,1710.3958333333333,48262.895833333336,9.65633591065292,2024,1,3,False,False,True,8.34366408934708,0.0
2024-01-26,57912.6875,63657.0,48941.0,7985.729166666667,1104.3125,47644.791666666664,9.653930412371135,2024,1,4,False,False,True,8.346069587628865,0.0
2024-01-27,56904.979166666664,61728.0,50734.0,3028.0833333333335,1963.3333333333333,48164.666666666664,5.57055412371134,2024,1,5,True,False,False,12.42944587628866,0.0
2024-01-28,56360.354166666664,61583.0,51446.0,7653.958333333333,1857.7291666666667,47190.854166666664,6.446821305841924,2024,1,6,True,False,False,11.553178694158076,0.0
2024-01-29,59682.75,67570.0,51036.0,6829.4375,1788.0416666666667,47503.854166666664,8.884664948453608,2024,1,0,False,False,True,9.115335051546392,0.0
2024-01-30,59411.708333333336,66014.0,50567.0,4534.625,1793.4375,47942.4375,8.749656357388316,2024,1,1,False,False,True,9.250343642611684,0.0
2024-01-31,60628.479166666664,68225.0,51946.0,2397.3125,1895.4583333333333,47925.458333333336,7.324892611683849,2024,1,2,False,False,True,10.675107388316151,0.0
2024-02-01,60164.5,66676.0,50786.0,4368.333333333333,755.2291666666666,48159.291666666664,8.682774914089347,2024,2,3,False,False,True,9.317225085910653,0.0
2024-02-02,60026.395833333336,66501.0,51516.0,5462.854166666667,1485.8333333333333,47968.895833333336,8.102061855670105,2024,2,4,False,False,True,9.897938144329895,0.0
2024-02-03,55327.666666666664,59837.0,49308.0,4756.916666666667,1540.0416666666667,44340.25,7.997658934707902,2024,2,5,True,False,False,10.002341065292098,0.0
2024-02-04,53960.166666666664,61418.0,47145.0,7246.3125,1301.6041666666667,42656.125,7.916602233676976,2024,2,6,True,False,False,10.083397766323024,0.0
2024-02-05,60872.541666666664,69050.0,49852.0,7180.8125,1316.4375,45085.916666666664,6.846155498281788,2024,2,0,False,False,True,11.153844501718211,0.0
2024-02-06,61694.270833333336,67976.0,52851.0,12804.645833333334,1107.0,47109.229166666664,7.933075601374571,2024,2,1,False,False,True,10.066924398625428,0.0
2024-02-07,59987.645833333336,66424.0,50907.0,14089.729166666666,1592.3958333333333,46826.3125,9.00262027491409,2024,2,2,False,False,True,8.99737972508591,0.0
2024-02-08,57773.708333333336,64316.0,48610.0,13056.854166666666,1225.7708333333333,46714.0625,11.324463058419246,2024,2,3,False,False,True,6.675536941580754,0.0
2024-02-09,56220.1875,61712.0,47319.0,12852.3125,858.7291666666666,45420.916666666664,11.711791237113403,2024,2,4,False,False,True,6.2882087628865975,0.0
2024-02-10,52653.8125,58933.0,44585.0,6106.854166666667,849.3958333333334,42817.375,9.307452749140893,2024,2,5,True,False,False,8.692547250859107,0.0
2024-02-11,52458.083333333336,59591.0,46074.0,10440.916666666666,1883.2291666666667,42347.604166666664,8.45077319587629,2024,2,6,True,False,False,9.54922680412371,0.0
2024-02-12,59261.0,66982.0,49214.0,2850.5208333333335,1376.7083333333333,43804.25,6.871348797250859,2024,2,0,False,False,True,11.12865120274914,0.0
2024-02-13,60980.958333333336,68489.0,53344.0,6359.083333333333,2457.2291666666665,44480.479166666664,6.997766323024057,2024,2,1,False,False,True,11.002233676975944,0.0
2024-02-14,57259.104166666664,63499.0,49677.0,8150.9375,2363.9583333333335,44746.125,10.512972508591066,2024,2,2,False,False,True,7.487027491408934,0.0
2024-02-15,54810.458333333336,60503.0,46936.0,8380.770833333334,1626.7083333333333,44940.5625,11.87310996563574,2024,2,3,False,False,True,6.12689003436426,0.0
2024-02-16,53631.416666666664,59051.0,44890.0,7460.708333333333,1140.0625,44294.8125,11.62321735395189,2024,2,4,False,False,True,6.37678264604811,0.0
2024-02-17,50146.458333333336,54593.0,44395.0,2754.4583333333335,2301.7083333333335,44185.708333333336,10.000644329896906,2024,2,5,True,False,False,7.999355670103094,0.0
2024-02-18,49791.0,55962.0,43992.0,8470.854166666666,1763.6666666666667,43031.458333333336,9.444265463917526,2024,2,6,True,False,False,8.555734536082474,0.0
2024-02-19,55012.375,62906.0,44278.0,5488.083333333333,1600.6666666666667,45077.875,10.582753436426119,2024,2,0,False,False,True,7.417246563573881,0.0
2024-02-20,56756.645833333336,63363.0,47893.0,3835.1666666666665,2121.2708333333335,45027.3125,9.056829896907217,2024,2,1,False,False,True,8.943170103092783,0.0
2024-02-21,58181.9375,64703.0,49149.0,10318.0,1611.2708333333333,44738.458333333336,8.853629725085911,2024,2,2,False,False,True,9.146370274914089,0.0
2024-02-22,57763.5625,65618.0,47390.0,15791.291666666666,753.0625,44506.333333333336,10.965463917525774,2024,2,3,False,False,True,7.034536082474226,0.0
2024-02-23,60660.25,66915.0,51752.0,12013.979166666666,1863.8541666666667,42884.0,6.7900987972508595,2024,2,4,False,False,True,11.20990120274914,0.0
2024-02-24,57465.4375,62520.0,51699.0,9307.770833333334,2168.0,40594.645833333336,5.7446735395189,2024,2,5,True,False,False,12.2553264604811,0.0
2024-02-25,55590.666666666664,61676.0,49640.0,10316.25,1080.9583333333333,40715.083333333336,6.915893470790378,2024,2,6,True,False,False,11.084106529209622,0.0
2024-02-26,60116.791666666664,68572.0,49350.0,11083.0,1590.9791666666667,41627.708333333336,8.301353092783506,2024,2,0,False,False,True,9.698646907216494,0.0
2024-02-27,61999.583333333336,68593.0,53197.0,9397.916666666666,1282.5208333333333,42189.375,7.33034793814433,2024,2,1,False,False,True,10.66965206185567,0.0
2024-02-28,61687.979166666664,68079.0,54062.0,3734.125,2246.2083333333335,41997.25,7.387800687285224,2024,2,2,False,False,True,10.612199312714775,0.0
2024-02-29,59582.0625,65094.0,51869.0,8339.229166666666,2275.75,42349.229166666664,8.103221649484537,2024,2,3,False,False,True,9.896778350515463,0.0
2024-03-01,59720.458333333336,65914.0,51349.0,13202.270833333334,2068.6666666666665,42521.9375,8.029896907216497,2024,3,4,False,False,True,9.970103092783503,0.0
2024-03-02,55498.770833333336,60467.0,49817.0,8732.770833333334,1449.1041666666667,41368.791666666664,8.334428694158076,2024,3,5,True,False,False,9.665571305841924,0.0
2024-03-03,54561.875,61697.0,47885.0,4247.916666666667,1572.5,42187.479166666664,6.653994845360826,2024,3,6,True,False,False,11.346005154639174,0.0
2024-03-04,60879.291666666664,68115.0,52938.0,4356.8125,2427.3958333333335,42735.708333333336,6.39106529209622,2024,3,0,False,False,True,11.60893470790378,0.0
2024-03-05,60502.458333333336,67026.0,52092.0,4927.375,2483.75,42594.041666666664,7.327319587628867,2024,3,1,False,False,True,10.672680412371133,0.0
2024-03-06,60344.354166666664,66077.0,53484.0,1439.0,2766.1458333333335,42675.833333333336,6.663337628865979,2024,3,2,False,False,True,11.336662371134022,0.0
2024-03-07,59829.333333333336,67503.0,54260.0,7114.333333333333,3622.0416666666665,42641.354166666664,7.108569587628866,2024,3,3,False,False,True,10.891430412371134,0.0
2024-03-08,59061.9375,65315.0,51895.0,9516.125,1713.2916666666667,43261.104166666664,8.2044029209622,2024,3,4,False,False,True,9.7955970790378,0.0
2024-03-09,54090.479166666664,58777.0,48311.0,9834.770833333334,1392.1666666666667,40533.0,9.373560996563574,2024,3,5,True,False,False,8.626439003436426,0.0
2024-03-10,51821.083333333336,58124.0,46299.0,1850.3958333333333,2258.1875,41328.1875,8.312757731958762,2024,3,6,True,False,False,9.687242268041238,0.0
2024-03-11,57733.6875,64838.0,48394.0,5078.666666666667,2107.5625,42278.25,8.07577319587629,2024,3,0,False,False,True,9.92422680412371,0.0
2024-03-12,57937.104166666664,63525.0,49725.0,7014.291666666667,2297.2916666666665,42322.125,9.323045532646047,2024,3,1,False,False,True,8.676954467353953,0.0
2024-03-13,54922.6875,60724.0,47760.0,4074.875,3427.375,42264.416666666664,10.766301546391752,2024,3,2,False,False,True,7.233698453608248,0.0
2024-03-14,53137.8125,60006.0,47033.0,5717.229166666667,3493.6458333333335,40922.5,11.166408934707903,2024,3,3,False,False,True,6.833591065292097,0.0
2024-03-15,51153.3125,56201.0,43332.0,11295.479166666666,2721.4583333333335,39806.270833333336,12.332388316151203,2024,3,4,False,False,True,5.667611683848797,0.0
2024-03-16,46683.166666666664,51307.0,41387.0,4266.625,2906.2708333333335,40778.729166666664,12.132280927835055,2024,3,5,True,False,False,5.867719072164945,0.0
2024-03-17,45141.604166666664,50680.0,39329.0,3017.1041666666665,2398.625,41414.729166666664,12.023346219931273,2024,3,6,True,False,False,5.976653780068727,0.0
2024-03-18,49279.125,54917.0,39745.0,1715.75,2833.8958333333335,41576.125,12.894265463917527,2024,3,0,False,False,True,5.105734536082473,0.0
2024-03-19,49818.333333333336,55644.0,42504.0,860.1666666666666,3911.375,40249.1875,11.876052405498283,2024,3,1,False,False,True,6.1239475945017166,0.0
2024-03-20,49329.270833333336,54781.0,41819.0,1907.5416666666667,3282.7708333333335,39971.791666666664,12.366065292096222,2024,3,2,False,False,True,5.633934707903778,0.0
2024-03-21,48606.3125,53602.0,40868.0,1294.1041666666667,3721.5833333333335,40112.541666666664,12.938359106529212,2024,3,3,False,False,True,5.061640893470788,0.0
2024-03-22,47902.416666666664,53170.0,40132.0,3014.4583333333335,4063.1041666666665,39768.583333333336,12.738659793814433,2024,3,4,False,False,True,5.261340206185567,0.0
2024-03-23,46196.75,52334.0,39214.0,10111.125,3193.0208333333335,31196.541666666668,9.620167525773196,2024,3,5,True,False,False,8.379832474226804,0.0
2024-03-24,47048.958333333336,53114.0,41592.0,9286.729166666666,3190.0625,30561.9375,8.337263745704469,2024,3,6,True,False,False,9.662736254295531,0.0
2024-03-25,53638.833333333336,60015.0,45514.0,5397.416666666667,2841.4166666666665,41159.5625,8.319566151202748,2024,3,0,False,False,True,9.680433848797252,0.0
2024-03-26,55000.0625,61738.0,45059.0,5730.895833333333,1185.0,41385.854166666664,9.540592783505154,2024,3,1,False,False,True,8.459407216494846,0.0
2024-03-27,56688.458333333336,62244.0,47965.0,8961.125,2864.5833333333335,41321.770833333336,8.199914089347079,2024,3,2,False,False,True,9.800085910652921,0.0
2024-03-28,56363.75,61649.0,48884.0,15853.3125,3412.125,36965.375,10.110524054982818,2024,3,3,False,False,True,7.889475945017182,0.0
2024-03-29,53148.916666666664,57505.0,46046.0,8946.791666666666,1732.5208333333333,38736.333333333336,12.219995704467355,2024,3,4,False,False,True,5.780004295532645,0.0
2024-03-30,48909.75,54258.0,43092.0,4134.1875,2671.8125,37757.25,11.087414089347078,2024,3,5,True,False,False,6.912585910652922,0.0
2024-03-31,46572.416666666664,51126.0,42241.0,7623.375,2250.5625,34778.125,10.994286941580759,2024,3,6,True,False,False,7.005713058419241,0.0
2024-04-01,47602.25,53094.0,41509.0,7670.8125,3147.75,37825.958333333336,10.055283505154641,2024,4,0,False,True,False,7.944716494845359,0.0
2024-04-02,53340.3125,59746.0,44001.0,12606.208333333334,3656.9166666666665,38241.416666666664,10.762306701030925,2024,4,1,False,False,True,7.237693298969075,0.0
2024-04-03,52541.270833333336,58707.0,44050.0,11758.0625,3010.2083333333335,38492.0,12.589690721649482,2024,4,2,False,False,True,5.410309278350518,0.0
2024-04-04,50909.5,56632.0,43098.0,12854.270833333334,3511.875,36227.354166666664,13.914926975945017,2024,4,3,False,False,True,4.085073024054983,0.0
2024-04-05,48504.8125,54421.0,40837.0,10324.166666666666,3327.0416666666665,34165.708333333336,15.628823024054984,2024,4,4,False,False,True,2.3711769759450156,0.0
2024-04-06,42603.666666666664,47969.0,36931.0,10637.6875,2468.7291666666665,27257.375,16.810524054982817,2024,4,5,True,False,False,1.1894759450171826,0.0
2024-04-07,40378.791666666664,45900.0,34021.0,6692.541666666667,1831.9583333333333,25694.4375,16.2104381443299,2024,4,6,True,False,False,1.789561855670101,0.0
2024-04-08,46449.354166666664,53159.0,36556.0,5928.958333333333,3004.8125,36369.645833333336,15.702426975945016,2024,4,0,False,False,True,2.2975730240549836,0.0
2024-04-09,49375.145833333336,56173.0,38967.0,10806.541666666666,2687.0208333333335,36746.041666666664,10.927061855670102,2024,4,1,False,False,True,7.072938144329898,0.0
2024-04-10,50828.020833333336,56926.0,43284.0,4467.666666666667,3847.0833333333335,39623.9375,10.106872852233677,2024,4,2,False,False,True,7.893127147766323,0.0
2024-04-11,49278.708333333336,55015.0,41855.0,2675.0625,4257.104166666667,39637.458333333336,12.636232817869415,2024,4,3,False,False,True,5.3637671821305855,0.0
2024-04-12,46595.645833333336,52589.0,39926.0,1025.2708333333333,4344.25,39555.291666666664,14.782689003436428,2024,4,4,False,False,True,3.2173109965635724,0.0
2024-04-13,40587.791666666664,45934.0,35049.0,2229.6041666666665,3878.8541666666665,32483.9375,16.76950171821306,2024,4,5,True,False,False,1.2304982817869394,0.0
2024-04-14,38158.791666666664,43788.0,32114.0,1604.9375,3829.4583333333335,28918.333333333332,15.98294673539519,2024,4,6,True,False,False,2.01705326460481,0.0
2024-04-15,44914.833333333336,51824.0,33739.0,9320.666666666666,2507.5416666666665,32967.645833333336,13.047615979381442,2024,4,0,False,False,True,4.952384020618558,0.0
2024-04-16,48568.958333333336,54720.0,39524.0,11166.229166666666,2887.8125,34293.729166666664,10.347336769759451,2024,4,1,False,False,True,7.652663230240549,0.0
2024-04-17,50642.583333333336,56371.0,41803.0,5956.895833333333,3621.4791666666665,39181.645833333336,8.861834192439861,2024,4,2,False,False,True,9.138165807560139,0.0
2024-04-18,52165.270833333336,58169.0,44056.0,3336.4791666666665,4013.625,41106.5625,8.333655498281788,2024,4,3,False,False,True,9.666344501718212,0.0
2024-04-19,52310.8125,58773.0,44879.0,9062.25,4390.145833333333,38843.3125,9.237414089347078,2024,4,4,False,False,True,8.762585910652922,0.0
2024-04-20,47512.9375,53530.0,41818.0,6662.916666666667,4449.104166666667,36609.708333333336,8.830025773195876,2024,4,5,True,False,False,9.169974226804124,0.0
2024-04-21,47316.083333333336,52554.0,42128.0,7169.229166666667,3791.0625,36332.854166666664,7.706829896907218,2024,4,6,True,False,False,10.293170103092782,0.0
2024-04-22,54240.354166666664,60656.0,44838.0,6383.708333333333,3972.75,40816.0,7.058591065292096,2024,4,0,False,False,True,10.941408934707905,0.0
2024-04-23,55420.041666666664,61590.0,48175.0,4150.0625,4110.666666666667,42234.333333333336,7.2231099656357385,2024,4,1,False,False,True,10.77689003436426,0.0
2024-04-24,55646.770833333336,61668.0,47190.0,5148.708333333333,2759.75,42314.770833333336,7.792611683848797,2024,4,2,False,False,True,10.207388316151203,0.0
2024-04-25,54263.5625,60120.0,47263.0,1727.375,3308.8541666666665,43074.020833333336,8.47671821305842,2024,4,3,False,False,True,9.52328178694158,0.0
2024-04-26,52116.708333333336,58158.0,44737.0,2209.1041666666665,3033.9375,41715.75,10.2685352233677,2024,4,4,False,False,True,7.731464776632301,0.0
2024-04-27,46752.25,52100.0,41146.0,6439.0,2509.6666666666665,35711.833333333336,12.345103092783505,2024,4,5,True,False,False,5.654896907216495,0.0
2024-04-28,44406.895833333336,50993.0,38426.0,6867.583333333333,2184.3958333333335,34651.625,12.337134879725086,2024,4,6,True,False,False,5.662865120274914,0.0
2024-04-29,48731.875,54764.0,40044.0,2444.3541666666665,2654.8333333333335,39842.0,12.39984965635739,2024,4,0,False,False,True,5.6001503436426106,0.0
2024-04-30,47577.479166666664,53631.0,39853.0,3592.7916666666665,3043.4166666666665,40307.020833333336,14.002104810996563,2024,4,1,False,False,True,3.9978951890034367,0.0
2024-05-01,41536.333333333336,47747.0,35057.0,2428.125,1420.5,35072.416666666664,13.854123711340208,2024,5,2,False,True,False,4.145876288659792,0.0
2024-05-02,48250.395833333336,55822.0,37049.0,8619.166666666666,2652.6666666666665,36103.541666666664,11.713981958762886,2024,5,3,False,False,True,6.286018041237114,0.0
2024-05-03,48493.25,54306.0,41548.0,6096.479166666667,4116.8125,37493.083333333336,11.678414948453609,2024,5,4,False,False,True,6.321585051546391,0.0
2024-05-04,44407.770833333336,50121.0,38765.0,3052.3333333333335,2868.125,35989.791666666664,12.190807560137456,2024,5,5,True,False,False,5.809192439862544,0.0
2024-05-05,41408.895833333336,46443.0,35779.0,2267.1666666666665,2966.8541666666665,34369.3125,14.332538659793816,2024,5,6,True,False,False,3.6674613402061844,0.0
2024-05-06,46240.1875,53473.0,36097.0,4296.916666666667,2807.6666666666665,38279.833333333336,13.385867697594499,2024,5,0,False,False,True,4.614132302405501,0.0
2024-05-07,46655.541666666664,52901.0,38806.0,3572.8333333333335,3426.6458333333335,38620.895833333336,13.101675257731959,2024,5,1,False,False,True,4.898324742268041,0.0
2024-05-08,41998.145833333336,48111.0,36398.0,4281.375,4605.25,36546.395833333336,13.95270618556701,2024,5,2,False,True,False,4.04729381443299,0.0
2024-05-09,40244.4375,45450.0,35082.0,2939.5208333333335,5018.270833333333,35245.791666666664,14.74183848797251,2024,5,3,False,True,False,3.25816151202749,0.0
2024-05-10,40289.541666666664,45913.0,33670.0,3956.7916666666665,5860.395833333333,33966.5,16.608311855670102,2024,5,4,False,False,True,1.3916881443298976,0.0
2024-05-11,38192.8125,43657.0,32132.0,3311.1875,4848.416666666667,30386.104166666668,17.974506013745703,2024,5,5,True,False,False,0.025493986254296885,0.0
2024-05-12,36892.104166666664,42867.0,30348.0,3134.375,2695.875,30464.833333333332,17.403694158075602,2024,5,6,True,False,False,0.5963058419243978,0.0
2024-05-13,42606.395833333336,49143.0,32370.0,3412.9166666666665,3737.0,37404.479166666664,17.01400343642612,2024,5,0,False,False,True,0.985996563573881,0.0
2024-05-14,44248.708333333336,50696.0,34829.0,5268.4375,1851.8333333333333,37341.416666666664,15.310738831615119,2024,5,1,False,False,True,2.6892611683848813,0.0
2024-05-15,44801.625,51284.0,35510.0,2178.7291666666665,3307.5,39474.041666666664,14.363079896907218,2024,5,2,False,False,True,3.6369201030927822,0.0
2024-05-16,45215.458333333336,51216.0,36313.0,1864.0208333333333,3744.4375,39699.645833333336,13.722444158075602,2024,5,3,False,False,True,4.277555841924398,0.0
2024-05-17,44845.541666666664,51048.0,36653.0,1548.8958333333333,4032.875,40637.5625,13.892504295532646,2024,5,4,False,False,True,4.107495704467354,0.0
2024-05-18,40146.041666666664,46028.0,34290.0,702.2083333333334,3392.3125,38212.645833333336,14.821649484536081,2024,5,5,True,False,False,3.1783505154639187,0.0
2024-05-19,37831.1875,43514.0,32323.0,559.2083333333334,3291.1875,36106.541666666664,15.05992268041237,2024,5,6,True,False,False,2.9400773195876297,0.0
2024-05-20,39179.770833333336,45704.0,31739.0,2160.1666666666665,3457.1666666666665,37651.5625,15.401030927835052,2024,5,0,False,True,False,2.598969072164948,0.0
2024-05-21,44199.4375,51180.0,34130.0,2448.4166666666665,3584.4791666666665,41069.75,15.191086769759451,2024,5,1,False,False,True,2.808913230240549,0.0
2024-05-22,44744.104166666664,51373.0,35836.0,4851.104166666667,4139.708333333333,39947.833333333336,15.192654639175258,2024,5,2,False,False,True,2.8073453608247423,0.0
2024-05-23,45042.541666666664,51459.0,36083.0,2001.8125,4032.8958333333335,41268.125,14.845468213058421,2024,5,3,False,False,True,3.154531786941579,0.0
2024-05-24,44591.4375,51258.0,36235.0,727.0,4049.2083333333335,41496.1875,14.577985395189003,2024,5,4,False,False,True,3.4220146048109967,0.0
2024-05-25,40149.895833333336,46474.0,34248.0,758.0416666666666,4882.5,37123.770833333336,15.626331615120275,2024,5,5,True,False,False,2.373668384879725,0.0
2024-05-26,37807.0625,43538.0,31314.0,4195.958333333333,3168.9583333333335,34243.333333333336,16.54637027491409,2024,5,6,True,False,False,1.4536297250859107,0.0
2024-05-27,43370.8125,50417.0,32986.0,3042.6875,2840.7083333333335,40769.1875,15.288874570446733,2024,5,0,False,False,True,2.7111254295532667,0.0
2024-05-28,44438.854166666664,50814.0,35709.0,5621.895833333333,4553.416666666667,39696.5,15.287822164948455,2024,5,1,False,False,True,2.712177835051545,0.0
2024-05-29,44979.395833333336,51773.0,35621.0,6688.208333333333,2937.6458333333335,39495.270833333336,16.408569587628868,2024,5,2,False,False,True,1.5914304123711318,0.0
2024-05-30,45103.604166666664,51588.0,35891.0,5523.9375,3704.3125,39381.375,15.949377147766322,2024,5,3,False,False,True,2.050622852233678,0.0
2024-05-31,45048.916666666664,51867.0,36228.0,5816.6875,3617.1666666666665,36760.979166666664,14.632237972508591,2024,5,4,False,False,True,3.367762027491409,0.0
2024-06-01,40931.6875,47706.0,34154.0,5743.875,3041.875,32824.8125,14.93558848797251,2024,6,5,True,False,False,3.0644115120274904,0.0
2024-06-02,39209.729166666664,45743.0,32643.0,4578.375,2552.9583333333335,32460.916666666668,15.59192439862543,2024,6,6,True,False,False,2.40807560137457,0.0
2024-06-03,44197.791666666664,51441.0,33974.0,1836.0625,4647.104166666667,38694.5625,16.046950171821305,2024,6,0,False,False,True,1.9530498281786954,0.0
2024-06-04,44226.895833333336,50713.0,35298.0,1883.6458333333333,5027.645833333333,38289.4375,17.147036082474227,2024,6,1,False,False,True,0.8529639175257735,0.0
2024-06-05,44183.125,51131.0,34724.0,1983.5416666666667,4914.125,37891.166666666664,17.49795962199313,2024,6,2,False,False,True,0.5020403780068712,0.0
2024-06-06,44337.583333333336,50625.0,35230.0,1430.5833333333333,5001.729166666667,39583.479166666664,17.50154639175258,2024,6,3,False,False,True,0.49845360824742,0.0
2024-06-07,43816.125,50483.0,35371.0,1345.9583333333333,4525.6875,39882.0,17.74289089347079,2024,6,4,False,False,True,0.25710910652921015,0.0
2024-06-08,40242.270833333336,44793.0,34346.0,2108.0416666666665,3261.5416666666665,34146.895833333336,18.40874140893471,2024,6,5,True,False,False,0.0,0.0
2024-06-09,37507.604166666664,43449.0,30891.0,3055.6458333333335,2990.5416666666665,30472.333333333332,17.26125429553265,2024,6,6,True,False,False,0.7387457044673518,0.0
2024-06-10,42871.979166666664,50221.0,32393.0,6090.708333333333,4618.666666666667,34971.5,15.93743556701031,2024,6,0,False,False,True,2.0625644329896904,0.0
2024-06-11,43884.25,50437.0,34908.0,2269.2916666666665,4442.104166666667,38546.208333333336,14.594695017182131,2024,6,1,False,False,True,3.405304982817869,0.0
2024-06-12,44149.770833333336,51080.0,35180.0,1639.125,4784.395833333333,39234.0625,14.390635738831614,2024,6,2,False,False,True,3.609364261168386,0.0
2024-06-13,44260.479166666664,50488.0,35467.0,3025.2916666666665,5436.041666666667,38157.708333333336,15.357796391752577,2024,6,3,False,False,True,2.6422036082474225,0.0
2024-06-14,43833.270833333336,50718.0,34881.0,7997.1875,3148.2291666666665,35950.9375,17.255691580756015,2024,6,4,False,False,True,0.7443084192439855,0.0
2024-06-15,39610.5,46095.0,33335.0,9906.125,3043.5833333333335,29406.8125,16.276009450171824,2024,6,5,True,False,False,1.7239905498281765,0.0
2024-06-16,37951.5625,44640.0,31186.0,5473.354166666667,3233.0,30860.895833333332,16.924570446735395,2024,6,6,True,False,False,1.0754295532646054,0.0
2024-06-17,43592.458333333336,51275.0,32774.0,2011.6458333333333,4355.729166666667,38766.1875,18.589604810996565,2024,6,0,False,False,True,0.0,0.0
2024-06-18,44684.583333333336,51795.0,34926.0,2606.0625,4027.3333333333335,39488.958333333336,20.18017611683849,2024,6,1,False,False,True,0.0,0.0
2024-06-19,44537.395833333336,51732.0,34710.0,4830.541666666667,3482.0,38601.416666666664,19.906443298969076,2024,6,2,False,False,True,0.0,0.0
2024-06-20,44674.291666666664,51146.0,35146.0,3338.5625,2273.5208333333335,38766.166666666664,19.302555841924395,2024,6,3,False,False,True,0.0,0.0
2024-06-21,44114.916666666664,51491.0,35170.0,3134.9166666666665,3740.6875,38660.3125,18.613595360824746,2024,6,4,False,False,True,0.0,0.0
2024-06-22,39355.458333333336,45885.0,32676.0,4546.479166666667,3192.25,33436.458333333336,16.923754295532646,2024,6,5,True,False,False,1.076245704467354,0.0
2024-06-23,37772.583333333336,43799.0,30980.0,1688.8958333333333,3786.3333333333335,33428.125,17.606701030927837,2024,6,6,True,False,False,0.39329896907216266,0.0
2024-06-24,43551.145833333336,51237.0,32564.0,2373.0416666666665,5241.916666666667,38597.916666666664,20.11580756013746,2024,6,0,False,False,True,0.0,0.0
2024-06-25,44783.25,51813.0,34634.0,2596.5416666666665,4969.0,39474.583333333336,21.78264604810997,2024,6,1,False,False,True,0.0,0.0
2024-06-26,45419.041666666664,52768.0,35086.0,918.0208333333334,5066.041666666667,39719.604166666664,22.978973367697595,2024,6,2,False,False,True,0.0,0.0
2024-06-27,45900.166666666664,53062.0,35839.0,2377.6875,4730.75,40089.854166666664,22.742547250859108,2024,6,3,False,False,True,0.0,0.0
2024-06-28,44611.958333333336,51347.0,35606.0,2088.5,4450.166666666667,37392.375,20.95257731958763,2024,6,4,False,False,True,0.0,0.0
2024-06-29,39915.770833333336,46407.0,33333.0,3625.4166666666665,2466.7291666666665,36171.208333333336,19.863788659793812,2024,6,5,True,False,False,0.0,0.0
2024-06-30,37684.208333333336,43844.0,30805.0,2760.4375,3440.25,34647.125,19.024699312714773,2024,6,6,True,False,False,0.0,0.0
2024-07-01,43382.666666666664,51290.0,32674.0,2944.9583333333335,4099.520833333333,38058.4375,18.638595360824745,2024,7,0,False,False,True,0.0,0.0
2024-07-02,44339.5,51348.0,34975.0,3220.2083333333335,3359.3333333333335,38684.604166666664,17.289841065292094,2024,7,1,False,False,True,0.7101589347079056,0.0
2024-07-03,44570.625,51892.0,35168.0,3866.7916666666665,4127.8125,38356.0625,16.98941151202749,2024,7,2,False,False,True,1.0105884879725089,0.0
2024-07-04,44756.208333333336,51354.0,35698.0,6329.0625,4021.0208333333335,35370.979166666664,18.692461340206183,2024,7,3,False,False,True,0.0,0.0
2024-07-05,44431.416666666664,51305.0,35431.0,3846.9583333333335,5354.0625,35914.833333333336,19.1872852233677,2024,7,4,False,False,True,0.0,0.0
2024-07-06,39786.875,46635.0,33237.0,7875.333333333333,2277.0625,28798.645833333332,18.680455326460486,2024,7,5,True,False,False,0.0,0.0
2024-07-07,37466.083333333336,43609.0,30721.0,3054.8125,4085.1041666666665,29142.645833333332,17.352942439862545,2024,7,6,True,False,False,0.6470575601374549,0.0
2024-07-08,43629.375,51263.0,32775.0,1327.5416666666667,5343.4375,38787.479166666664,19.19525343642612,2024,7,0,False,False,True,0.0,0.0
2024-07-09,45384.583333333336,53129.0,35160.0,4220.0625,4345.1875,38486.3125,21.675644329896905,2024,7,1,False,False,True,0.0,0.0
2024-07-10,45608.979166666664,52673.0,35568.0,2704.2083333333335,4412.0625,39147.375,21.470768900343643,2024,7,2,False,False,True,0.0,0.0
2024-07-11,46113.25,53496.0,36043.0,1177.625,4425.0625,39319.541666666664,21.27843642611684,2024,7,3,False,False,True,0.0,0.0
2024-07-12,44666.166666666664,52099.0,36045.0,3967.2916666666665,3474.7708333333335,39166.208333333336,19.150536941580754,2024,7,4,False,False,True,0.0,0.0
2024-07-13,39694.3125,45831.0,33251.0,777.5625,4511.458333333333,36306.916666666664,17.45270618556701,2024,7,5,True,False,False,0.5472938144329902,0.0
2024-07-14,38006.145833333336,44243.0,31208.0,414.0208333333333,3797.5833333333335,34394.145833333336,19.003865979381445,2024,7,6,True,True,False,0.0,0.0
2024-07-15,44090.604166666664,52131.0,32993.0,3922.5,3867.7083333333335,38949.145833333336,20.815249140893474,2024,7,0,False,False,True,0.0,0.0
2024-07-16,45110.333333333336,52517.0,35503.0,8104.75,4390.604166666667,38353.583333333336,20.47680412371134,2024,7,1,False,False,True,0.0,0.0
2024-07-17,45392.166666666664,52552.0,35568.0,1043.5416666666667,5446.979166666667,40062.479166666664,20.678028350515465,2024,7,2,False,False,True,0.0,0.0
2024-07-18,46319.979166666664,53588.0,35856.0,1147.3541666666667,5631.25,39876.041666666664,22.821284364261167,2024,7,3,False,False,True,0.0,0.0
2024-07-19,46238.145833333336,53431.0,36456.0,1083.2083333333333,5087.25,40175.166666666664,24.14664948453608,2024,7,4,False,False,True,0.0,0.14664948453608062
2024-07-20,41971.354166666664,48393.0,34608.0,1500.25,4799.916666666667,37645.9375,23.96054553264605,2024,7,5,True,False,False,0.0,0.0
2024-07-21,38667.375,44437.0,32352.0,3430.5833333333335,2840.9166666666665,38033.729166666664,21.120983676975946,2024,7,6,True,False,False,0.0,0.0
2024-07-22,43677.708333333336,51357.0,33096.0,3996.0416666666665,4243.4375,40302.0,20.480562714776635,2024,7,0,False,False,True,0.0,0.0
2024-07-23,45302.479166666664,52721.0,35458.0,5654.6875,4722.645833333333,40519.5,21.161254295532643,2024,7,1,False,False,True,0.0,0.0
2024-07-24,45448.354166666664,52666.0,35594.0,1135.75,5104.104166666667,41679.104166666664,20.850558419243985,2024,7,2,False,False,True,0.0,0.0
2024-07-25,45716.583333333336,52679.0,35870.0,1684.8541666666667,5303.604166666667,41419.895833333336,21.53704896907217,2024,7,3,False,False,True,0.0,0.0
2024-07-26,45138.229166666664,52346.0,36146.0,1057.1458333333333,4492.229166666667,42289.25,21.726632302405495,2024,7,4,False,False,True,0.0,0.0
2024-07-27,40900.875,47186.0,33950.0,1017.0833333333334,3678.4791666666665,41501.9375,21.45981529209622,2024,7,5,True,False,False,0.0,0.0
2024-07-28,38850.0,44466.0,31788.0,2430.75,4492.416666666667,36238.791666666664,21.87218642611684,2024,7,6,True,False,False,0.0,0.0
2024-07-29,44676.833333333336,52503.0,33075.0,3253.375,5443.854166666667,39711.541666666664,24.346198453608245,2024,7,0,False,False,True,0.0,0.3461984536082454
2024-07-30,46737.875,54571.0,35787.0,1196.25,4621.354166666667,42425.083333333336,25.976245704467356,2024,7,1,False,False,True,0.0,1.976245704467356
2024-07-31,46958.145833333336,54563.0,36516.0,1848.8125,4573.854166666667,41704.166666666664,25.901460481099658,2024,7,2,False,False,True,0.0,1.901460481099658
2024-08-01,46334.895833333336,53896.0,36261.0,2142.8541666666665,4288.5,41303.708333333336,24.13419243986254,2024,8,3,False,False,True,0.0,0.1341924398625416
2024-08-02,44862.9375,52258.0,36025.0,2376.1666666666665,4576.541666666667,41406.895833333336,22.871005154639178,2024,8,4,False,False,True,0.0,0.0
2024-08-03,40142.0,46025.0,33404.0,3375.8541666666665,4489.5,39551.708333333336,21.678479381443303,2024,8,5,True,False,False,0.0,0.0
2024-08-04,38092.25,43582.0,31559.0,1738.5833333333333,4486.5625,38237.25,21.482925257731956,2024,8,6,True,False,False,0.0,0.0
2024-08-05,41902.166666666664,49146.0,32028.0,681.5416666666666,5609.958333333333,41569.854166666664,21.77779209621993,2024,8,0,False,False,True,0.0,0.0
2024-08-06,42988.666666666664,49924.0,33653.0,1596.6458333333333,4769.479166666667,42243.291666666664,22.911834192439862,2024,8,1,False,False,True,0.0,0.0
2024-08-07,42576.541666666664,48996.0,33857.0,1938.7291666666667,4316.333333333333,42921.458333333336,22.07014604810997,2024,8,2,False,False,True,0.0,0.0
2024-08-08,42721.395833333336,49629.0,33517.0,1547.4375,5388.958333333333,41910.458333333336,22.348775773195882,2024,8,3,False,False,True,0.0,0.0
2024-08-09,42894.104166666664,49639.0,33972.0,4417.5625,4863.354166666667,37219.1875,22.87300257731959,2024,8,4,False,False,True,0.0,0.0
2024-08-10,40459.375,46590.0,32959.0,1003.1666666666666,4526.5,36904.708333333336,23.4041881443299,2024,8,5,True,False,False,0.0,0.0
2024-08-11,39329.625,45241.0,31824.0,3409.4375,4475.770833333333,35994.479166666664,25.877813573883163,2024,8,6,True,False,False,0.0,1.877813573883163
2024-08-12,43250.0625,50783.0,33191.0,3981.7291666666665,4326.229166666667,38692.3125,26.409385738831613,2024,8,0,False,False,True,0.0,2.409385738831613
2024-08-13,42956.229166666664,49829.0,34259.0,1317.7083333333333,3607.625,40153.729166666664,23.792332474226804,2024,8,1,False,False,True,0.0,0.0
2024-08-14,41821.229166666664,48458.0,33746.0,1759.0833333333333,2916.9375,40153.270833333336,22.284815292096223,2024,8,2,False,False,True,0.0,0.0
2024-08-15,38372.458333333336,43910.0,32109.0,2496.9166666666665,4328.770833333333,35162.458333333336,21.433462199312714,2024,8,3,False,True,False,0.0,0.0
2024-08-16,40018.583333333336,46705.0,31957.0,2584.375,4288.5,37546.8125,22.174849656357388,2024,8,4,False,False,True,0.0,0.0
2024-08-17,38481.083333333336,44391.0,31965.0,1501.6666666666667,3257.625,36758.958333333336,21.65678694158076,2024,8,5,True,False,False,0.0,0.0
2024-08-18,36469.791666666664,42301.0,30533.0,3646.0833333333335,3893.2291666666665,35272.166666666664,19.4141323024055,2024,8,6,True,False,False,0.0,0.0
2024-08-19,40290.0,47470.0,30890.0,1974.7708333333333,5134.0,38617.229166666664,19.14993556701031,2024,8,0,False,False,True,0.0,0.0
2024-08-20,41872.395833333336,48830.0,33004.0,4533.9375,4745.770833333333,39191.854166666664,19.981722508591066,2024,8,1,False,False,True,0.0,0.0
2024-08-21,41886.229166666664,48310.0,33402.0,3091.5833333333335,4806.708333333333,38235.354166666664,18.91080326460481,2024,8,2,False,False,True,0.0,0.0
2024-08-22,42503.75,49113.0,33808.0,4183.895833333333,4733.291666666667,36791.895833333336,19.064626288659788,2024,8,3,False,False,True,0.0,0.0
2024-08-23,42916.5625,50120.0,34145.0,7773.166666666667,3740.3958333333335,35715.958333333336,21.00844072164948,2024,8,4,False,False,True,0.0,0.0
2024-08-24,40009.875,46619.0,32747.0,7647.770833333333,3348.1041666666665,34124.5625,22.199742268041238,2024,8,5,True,False,False,0.0,0.0
2024-08-25,37469.270833333336,43371.0,31245.0,3392.1458333333335,3737.5833333333335,30555.520833333332,18.713294673539515,2024,8,6,True,False,False,0.0,0.0
2024-08-26,42670.229166666664,50218.0,32255.0,2079.8333333333335,5326.125,38674.3125,18.561469072164947,2024,8,0,False,False,True,0.0,0.0
2024-08-27,44304.229166666664,51381.0,34506.0,2135.1666666666665,5305.6875,39267.895833333336,20.325794673539516,2024,8,1,False,False,True,0.0,0.0
2024-08-28,45513.0625,53158.0,35028.0,2469.5625,5026.895833333333,40052.708333333336,22.54362113402062,2024,8,2,False,False,True,0.0,0.0
2024-08-29,45750.0625,53361.0,35854.0,1874.7083333333333,3616.7291666666665,40670.395833333336,22.179037800687286,2024,8,3,False,False,True,0.0,0.0
2024-08-30,45043.416666666664,52493.0,35543.0,3572.7083333333335,3870.4791666666665,40239.604166666664,21.427104810996564,2024,8,4,False,False,True,0.0,0.0
2024-08-31,40760.145833333336,47656.0,33329.0,3377.4791666666665,4141.895833333333,36534.916666666664,22.391387457044672,2024,8,5,True,False,False,0.0,0.0
2024-09-01,39323.395833333336,46609.0,32098.0,3249.6875,3232.4375,35857.333333333336,22.785438144329902,2024,9,6,True,False,False,0.0,0.0
2024-09-02,44360.708333333336,52498.0,33082.0,1429.0833333333333,3914.2083333333335,40382.958333333336,21.509342783505154,2024,9,0,False,False,True,0.0,0.0
2024-09-03,45052.104166666664,52054.0,35135.0,1040.3541666666667,2695.6875,41140.395833333336,20.619201030927837,2024,9,1,False,False,True,0.0,0.0
2024-09-04,44634.6875,52005.0,35043.0,1262.3333333333333,2365.75,40553.166666666664,18.930025773195876,2024,9,2,False,False,True,0.0,0.0
2024-09-05,44473.291666666664,51363.0,34773.0,3430.9583333333335,2890.5208333333335,39778.145833333336,17.603329037800687,2024,9,3,False,False,True,0.3966709621993125,0.0
2024-09-06,44099.666666666664,51385.0,34778.0,2079.6875,2855.5625,40429.9375,17.57489261168385,2024,9,4,False,False,True,0.4251073883161496,0.0
2024-09-07,39880.625,46907.0,32698.0,3043.2916666666665,3167.3125,36876.270833333336,19.596864261168385,2024,9,5,True,False,False,0.0,0.0
2024-09-08,38046.75,45150.0,31025.0,7306.0625,2645.3541666666665,34035.083333333336,17.936275773195877,2024,9,6,True,False,False,0.06372422680412271,0.0
2024-09-09,43255.270833333336,50657.0,32282.0,8585.854166666666,2535.9791666666665,37043.083333333336,17.397680412371134,2024,9,0,False,False,True,0.6023195876288661,0.0
2024-09-10,44095.5,50852.0,34271.0,8477.645833333334,4022.25,36103.854166666664,16.13681271477663,2024,9,1,False,False,True,1.8631872852233684,0.0
2024-09-11,44451.791666666664,51638.0,34712.0,8415.0625,2498.9375,37197.458333333336,15.08026202749141,2024,9,2,False,False,True,2.9197379725085906,0.0
2024-09-12,44855.895833333336,51422.0,35162.0,4207.5,4064.25,39645.354166666664,12.75957903780069,2024,9,3,False,False,True,5.240420962199311,0.0
2024-09-13,45126.583333333336,51983.0,36002.0,4299.125,4631.5625,40014.625,12.149054982817871,2024,9,4,False,False,True,5.850945017182129,0.0
2024-09-14,41090.083333333336,47579.0,34467.0,3046.5833333333335,5087.125,38495.979166666664,12.593191580756015,2024,9,5,True,False,False,5.406808419243985,0.0
2024-09-15,39502.833333333336,45935.0,32997.0,3076.3333333333335,5138.208333333333,36918.166666666664,13.007774914089348,2024,9,6,True,False,False,4.992225085910652,0.0
2024-09-16,44536.0,52197.0,33840.0,4297.958333333333,4114.083333333333,39710.770833333336,14.752598797250858,2024,9,0,False,False,True,3.247401202749142,0.0
2024-09-17,45194.020833333336,52029.0,35454.0,10341.0625,3286.3541666666665,36949.520833333336,16.15,2024,9,1,False,False,True,1.8500000000000014,0.0
2024-09-18,45090.583333333336,52125.0,35406.0,9328.875,4077.1458333333335,37731.520833333336,17.070725945017184,2024,9,2,False,False,True,0.929274054982816,0.0
2024-09-19,44907.4375,51566.0,35470.0,7989.145833333333,4683.666666666667,39317.1875,17.770060137457044,2024,9,3,False,False,True,0.22993986254295606,0.0
2024-09-20,44020.854166666664,50617.0,35148.0,4286.333333333333,3562.8333333333335,40453.041666666664,17.3560352233677,2024,9,4,False,False,True,0.6439647766322985,0.0
2024-09-21,39544.395833333336,46166.0,32742.0,3207.4791666666665,2798.8541666666665,38635.479166666664,17.85987972508591,2024,9,5,True,False,False,0.1401202749140893,0.0
2024-09-22,38079.5625,45089.0,30972.0,3326.3541666666665,1913.7291666666667,38453.354166666664,17.687951030927834,2024,9,6,True,False,False,0.3120489690721655,0.0
2024-09-23,43353.979166666664,50456.0,32284.0,4445.0625,2948.3541666666665,40926.75,16.234235395189007,2024,9,0,False,False,True,1.7657646048109932,0.0
2024-09-24,44605.5,51411.0,34457.0,6152.625,2686.3958333333335,41362.125,15.506292955326462,2024,9,1,False,False,True,2.4937070446735383,0.0
2024-09-25,45191.125,51877.0,35004.0,7471.3125,2155.0,40067.083333333336,15.89546821305842,2024,9,2,False,False,True,2.10453178694158,0.0
2024-09-26,45520.5625,52433.0,35244.0,14121.1875,1423.9583333333333,34167.625,17.387156357388314,2024,9,3,False,False,True,0.6128436426116863,0.0
2024-09-27,45481.833333333336,52233.0,35987.0,11794.791666666666,2111.6041666666665,34166.625,14.521756872852233,2024,9,4,False,False,True,3.478243127147767,0.0
2024-09-28,41694.520833333336,48081.0,34702.0,3901.6458333333335,3755.9791666666665,34762.125,12.206142611683848,2024,9,5,True,False,False,5.793857388316152,0.0
2024-09-29,41652.770833333336,48519.0,34643.0,5283.395833333333,2971.3541666666665,35431.229166666664,11.378651202749143,2024,9,6,True,False,False,6.621348797250857,0.0
2024-09-30,46385.333333333336,53426.0,35675.0,12803.6875,2525.9583333333335,37043.3125,15.685244845360824,2024,9,0,False,False,True,2.314755154639176,0.0
2024-10-01,46511.958333333336,52718.0,36784.0,6286.854166666667,2140.3958333333335,39236.583333333336,15.401374570446736,2024,10,1,False,False,True,2.5986254295532643,0.0
2024-10-02,47065.770833333336,54315.0,36825.0,3531.4791666666665,2151.8541666666665,39653.083333333336,13.91952319587629,2024,10,2,False,False,True,4.080476804123711,0.0
2024-10-03,47765.333333333336,54561.0,37556.0,6226.041666666667,2641.6666666666665,39298.833333333336,12.66058848797251,2024,10,3,False,False,True,5.339411512027491,0.0
2024-10-04,48289.958333333336,55198.0,39012.0,3317.3958333333335,3679.5625,39757.395833333336,11.182817869415805,2024,10,4,False,False,True,6.817182130584195,0.0
2024-10-05,44041.395833333336,50877.0,37684.0,4197.458333333333,4425.5625,36763.416666666664,11.368406357388315,2024,10,5,True,False,False,6.631593642611685,0.0
2024-10-06,42129.0,49201.0,35179.0,7514.583333333333,1723.4791666666667,35253.104166666664,13.73769329896907,2024,10,6,True,False,False,4.26230670103093,0.0
2024-10-07,46515.208333333336,53346.0,35269.0,6159.458333333333,1149.125,38942.979166666664,16.641580756013745,2024,10,0,False,False,True,1.3584192439862548,0.0
2024-10-08,46913.9375,53731.0,37018.0,10612.083333333334,2658.7291666666665,37122.4375,16.06000859106529,2024,10,1,False,False,True,1.9399914089347092,0.0
2024-10-09,47492.458333333336,54682.0,37128.0,10239.75,1552.8333333333333,39078.958333333336,16.127663230240547,2024,10,2,False,False,True,1.8723367697594533,0.0
2024-10-10,47410.666666666664,53710.0,37358.0,6113.833333333333,2764.4791666666665,40486.979166666664,14.284321305841926,2024,10,3,False,False,True,3.7156786941580737,0.0
2024-10-11,47808.708333333336,53901.0,38624.0,1236.125,3477.6458333333335,41411.083333333336,11.60878436426117,2024,10,4,False,False,True,6.3912156357388294,0.0
2024-10-12,44364.9375,50988.0,37439.0,5822.645833333333,1660.0416666666667,39917.208333333336,13.083505154639177,2024,10,5,True,False,False,4.916494845360823,0.0
2024-10-13,41511.979166666664,48139.0,34430.0,2190.1041666666665,2972.375,31459.208333333332,14.673947594501719,2024,10,6,True,False,False,3.326052405498281,0.0
2024-10-14,46726.25,53831.0,35840.0,2812.625,2138.0,41532.666666666664,15.526181271477663,2024,10,0,False,False,True,2.473818728522337,0.0
2024-10-15,46831.75,53155.0,36759.0,5400.875,1892.1875,41667.3125,16.943191580756015,2024,10,1,False,False,True,1.0568084192439855,0.0
2024-10-16,46460.625,53148.0,36570.0,10365.916666666666,1857.4375,37979.833333333336,18.46252147766323,2024,10,2,False,False,True,0.0,0.0
2024-10-17,46349.291666666664,52779.0,36212.0,4492.729166666667,997.6875,39276.6875,16.82405498281787,2024,10,3,False,False,True,1.17594501718213,0.0
2024-10-18,46464.916666666664,53406.0,36669.0,3172.2083333333335,1734.5416666666667,39915.520833333336,14.463788659793815,2024,10,4,False,False,True,3.5362113402061848,0.0
2024-10-19,42451.729166666664,49409.0,35261.0,4922.0,2398.6041666666665,38757.416666666664,14.482474226804124,2024,10,5,True,False,False,3.5175257731958762,0.0
2024-10-20,40831.0625,47161.0,34015.0,8031.854166666667,2449.5,33272.5,14.91327319587629,2024,10,6,True,False,False,3.0867268041237104,0.0
2024-10-21,45644.020833333336,53439.0,34433.0,4359.9375,2992.1875,38314.916666666664,16.05996563573883,2024,10,0,False,False,True,1.9400343642611695,0.0
2024-10-22,46793.583333333336,53509.0,36522.0,1859.1666666666667,1942.5625,42240.1875,14.126073883161514,2024,10,1,False,False,True,3.8739261168384864,0.0
2024-10-23,47983.583333333336,54981.0,38330.0,2544.6458333333335,3010.8333333333335,42915.541666666664,12.712156357388317,2024,10,2,False,False,True,5.2878436426116835,0.0
2024-10-24,48030.1875,54518.0,38861.0,5481.354166666667,2687.3125,42870.145833333336,13.586877147766321,2024,10,3,False,False,True,4.413122852233679,0.0
2024-10-25,46946.5,53430.0,37963.0,4584.3125,1696.4375,43295.104166666664,15.550816151202747,2024,10,4,False,False,True,2.4491838487972526,0.0
2024-10-26,42921.604166666664,49926.0,35444.0,1510.0833333333333,1211.5833333333333,44280.916666666664,13.925279209621992,2024,10,5,True,False,False,4.074720790378008,0.0
2024-10-27,41336.979166666664,47470.0,33875.0,1086.3541666666667,1864.2708333333333,43729.333333333336,14.28131443298969,2024,10,6,True,False,False,3.7186855670103096,0.0
2024-10-28,46951.979166666664,54564.0,35840.0,1535.5208333333333,1890.8541666666667,43911.458333333336,13.894265463917524,2024,10,0,False,False,True,4.105734536082476,0.0
2024-10-29,48354.583333333336,55328.0,38247.0,1251.9375,1876.375,44348.895833333336,13.418728522336771,2024,10,1,False,False,True,4.581271477663229,0.0
2024-10-30,48655.583333333336,55142.0,38825.0,2195.7083333333335,1875.5416666666667,44652.895833333336,13.69093642611684,2024,10,2,False,False,True,4.30906357388316,0.0
2024-10-31,48808.416666666664,55765.0,39033.0,1344.8333333333333,1968.875,45167.5625,13.535137457044673,2024,10,3,False,False,True,4.464862542955327,0.0
2024-11-01,44783.5,51240.0,37670.0,689.4583333333334,2525.9791666666665,44629.979166666664,12.875042955326462,2024,11,4,False,True,False,5.124957044673538,0.0
2024-11-02,44941.333333333336,52203.0,36869.0,3341.3541666666665,2054.8125,41761.4375,11.757495704467354,2024,11,5,True,False,False,6.242504295532646,0.0
2024-11-03,44706.770833333336,52262.0,36958.0,2506.4791666666665,2269.9375,42965.3125,11.56767611683849,2024,11,6,True,False,False,6.43232388316151,0.0
2024-11-04,51342.520833333336,59252.0,39724.0,2369.2083333333335,1992.25,44812.666666666664,11.019523195876289,2024,11,0,False,False,True,6.980476804123711,0.0
2024-11-05,51898.333333333336,58761.0,41803.0,962.4166666666666,1697.8125,45406.375,12.030841924398622,2024,11,1,False,False,True,5.969158075601378,0.0
2024-11-06,51833.625,59261.0,41131.0,736.3333333333334,1580.4375,45999.0625,12.30798969072165,2024,11,2,False,False,True,5.69201030927835,0.0
2024-11-07,52182.833333333336,59171.0,41496.0,2447.25,1576.5416666666667,45808.3125,11.90073024054983,2024,11,3,False,False,True,6.09926975945017,0.0
2024-11-08,52414.229166666664,58912.0,42462.0,2181.1875,1896.7291666666667,45765.729166666664,11.380047250859109,2024,11,4,False,False,True,6.619952749140891,0.0
2024-11-09,47473.854166666664,54182.0,40180.0,729.0625,1180.8541666666667,42994.8125,11.486168384879726,2024,11,5,True,False,False,6.513831615120274,0.0
2024-11-10,45194.291666666664,51486.0,38260.0,1300.1666666666667,1462.6666666666667,41529.270833333336,11.109858247422684,2024,11,6,True,False,False,6.890141752577316,0.0
2024-11-11,47190.229166666664,54903.0,39267.0,4959.083333333333,1683.5,41429.6875,9.805498281786942,2024,11,0,False,True,False,8.194501718213058,0.0
2024-11-12,55310.354166666664,64021.0,42645.0,9934.083333333334,1205.5833333333333,43983.854166666664,8.609536082474227,2024,11,1,False,False,True,9.390463917525773,0.0
2024-11-13,57797.979166666664,65866.0,46733.0,5887.0,1698.1041666666667,46229.625,7.543835910652921,2024,11,2,False,False,True,10.45616408934708,0.0
2024-11-14,58746.8125,65334.0,49231.0,2983.7291666666665,2212.2708333333335,47522.25,7.285459621993128,2024,11,3,False,False,True,10.714540378006873,0.0
2024-11-15,58351.645833333336,64554.0,48685.0,1879.2916666666667,2225.875,47511.25,7.7166022336769755,2024,11,4,False,False,True,10.283397766323024,0.0
2024-11-16,54542.833333333336,59751.0,47691.0,1568.5,1944.5416666666667,47659.9375,7.013981958762887,2024,11,5,True,False,False,10.986018041237113,0.0
2024-11-17,52735.020833333336,58881.0,46191.0,4659.5625,1351.2916666666667,47219.1875,7.791172680412372,2024,11,6,True,False,False,10.208827319587627,0.0
2024-11-18,57746.5625,65508.0,46471.0,8752.520833333334,1233.75,47697.104166666664,8.587972508591067,2024,11,0,False,False,True,9.412027491408933,0.0
2024-11-19,58013.020833333336,65152.0,47718.0,15878.0625,1026.2916666666667,47611.354166666664,10.22061855670103,2024,11,1,False,False,True,7.77938144329897,0.0
2024-11-20,60647.25,70256.0,48303.0,7074.25,1353.625,48957.625,7.194652061855671,2024,11,2,False,False,True,10.80534793814433,0.0
2024-11-21,66002.45833333333,73686.0,54073.0,7159.166666666667,529.7916666666666,49549.229166666664,4.969630584192441,2024,11,3,False,False,True,13.03036941580756,0.0
2024-11-22,66922.14583333333,73648.0,56800.0,9207.270833333334,1988.6666666666667,49299.604166666664,3.378801546391752,2024,11,4,False,False,True,14.621198453608248,0.0
2024-11-23,62082.729166666664,67987.0,56498.0,14557.666666666666,1646.0833333333333,48697.520833333336,5.361769759450173,2024,11,5,True,False,False,12.638230240549827,0.0
2024-11-24,51880.833333333336,58655.0,46735.0,19077.875,1509.5,34514.854166666664,13.628071305841924,2024,11,6,True,False,False,4.3719286941580755,0.0
2024-11-25,54319.166666666664,62680.0,42659.0,11687.958333333334,720.6041666666666,42759.583333333336,13.531421821305841,2024,11,0,False,False,True,4.468578178694159,0.0
2024-11-26,56683.6875,64028.0,46144.0,5520.229166666667,1468.6041666666667,48372.416666666664,9.72132731958763,2024,11,1,False,False,True,8.27867268041237,0.0
2024-11-27,57408.791666666664,64170.0,47506.0,12026.020833333334,1736.3333333333333,47459.5625,9.675644329896908,2024,11,2,False,False,True,8.324355670103092,0.0
2024-11-28,58250.291666666664,65707.0,47704.0,2668.2708333333335,1700.4791666666667,48628.729166666664,8.258634020618558,2024,11,3,False,False,True,9.741365979381442,0.0
2024-11-29,60251.1875,67623.0,50670.0,6461.645833333333,2127.0833333333335,49768.3125,6.303887457044674,2024,11,4,False,False,True,11.696112542955326,0.0
2024-11-30,57200.604166666664,62309.0,50427.0,2908.7708333333335,1703.9166666666667,49641.979166666664,5.412392611683849,2024,11,5,True,False,False,12.587607388316151,0.0
2024-12-01,55141.895833333336,61586.0,48986.0,6339.645833333333,1683.1666666666667,49420.458333333336,7.334149484536082,2024,12,6,True,False,False,10.665850515463918,0.0
2024-12-02,57848.625,65832.0,46676.0,7956.583333333333,1139.625,48463.229166666664,9.241365979381444,2024,12,0,False,False,True,8.758634020618556,0.0
2024-12-03,60711.333333333336,68538.0,49402.0,2552.4166666666665,1119.7916666666667,49231.9375,7.020231958762888,2024,12,1,False,False,True,10.979768041237111,0.0
2024-12-04,64084.541666666664,71495.0,53361.0,2843.6666666666665,1889.6041666666667,49121.270833333336,5.001632302405498,2024,12,2,False,False,True,12.998367697594503,0.0
2024-12-05,64916.520833333336,71167.0,55689.0,13719.75,1098.1875,47890.166666666664,6.298002577319588,2024,12,3,False,False,True,11.701997422680412,0.0
2024-12-06,59946.0,65622.0,50905.0,12109.104166666666,1649.375,45801.416666666664,9.828865979381442,2024,12,4,False,False,True,8.171134020618558,0.0
2024-12-07,56579.041666666664,62763.0,47783.0,18064.895833333332,827.6041666666666,44267.8125,8.636318728522337,2024,12,5,True,False,False,9.363681271477663,0.0
2024-12-08,57486.020833333336,64604.0,49394.0,15775.145833333334,745.5625,44764.583333333336,6.880670103092784,2024,12,6,True,False,False,11.119329896907216,0.0
2024-12-09,64767.958333333336,73430.0,51560.0,13612.083333333334,597.0,49101.395833333336,6.046756872852234,2024,12,0,False,False,True,11.953243127147765,0.0
2024-12-10,67064.6875,74307.0,55729.0,9076.8125,630.7916666666666,50441.541666666664,4.978801546391753,2024,12,1,False,False,True,13.021198453608246,0.0
2024-12-11,67965.85416666667,75351.0,56847.0,5380.729166666667,975.2708333333334,51570.895833333336,4.393105670103092,2024,12,2,False,False,True,13.606894329896907,0.0
2024-12-12,69343.97916666667,76232.0,58833.0,2954.9375,1520.4166666666667,52047.354166666664,3.8040807560137457,2024,12,3,False,False,True,14.195919243986253,0.0
2024-12-13,70172.14583333333,77000.0,59903.0,1846.6041666666667,922.2708333333334,52148.875,3.308526632302406,2024,12,4,False,False,True,14.691473367697593,0.0
2024-12-14,64172.375,70352.0,56831.0,2886.0833333333335,817.9583333333334,52544.354166666664,3.9710910652920965,2024,12,5,True,False,False,14.028908934707903,0.0
2024-12-15,60726.645833333336,66786.0,53829.0,6759.5625,1451.1458333333333,50832.458333333336,5.750493986254296,2024,12,6,True,False,False,12.249506013745705,0.0
2024-12-16,64734.541666666664,71776.0,54354.0,5517.0,1503.1458333333333,50420.75,6.66243556701031,2024,12,0,False,False,True,11.33756443298969,0.0
2024-12-17,64957.916666666664,71348.0,54404.0,4460.395833333333,1270.0208333333333,52318.0,6.366387457044674,2024,12,1,False,False,True,11.633612542955326,0.0
2024-12-18,62194.520833333336,68272.0,53975.0,14177.770833333334,1289.0208333333333,49682.875,9.52762027491409,2024,12,2,False,False,True,8.47237972508591,0.0
2024-12-19,61015.354166666664,69688.0,49443.0,15722.5625,899.9791666666666,47803.145833333336,8.965592783505153,2024,12,3,False,False,True,9.034407216494847,0.0
2024-12-20,64346.25,72210.0,55175.0,8539.416666666666,1700.9166666666667,50325.375,5.2018470790378,2024,12,4,False,False,True,12.798152920962199,0.0
2024-12-21,58367.770833333336,64049.0,51553.0,12912.229166666666,1056.1875,45396.791666666664,7.510803264604812,2024,12,5,True,False,False,10.489196735395188,0.0
2024-12-22,56536.104166666664,63569.0,47706.0,17310.958333333332,759.0,40824.4375,8.185803264604811,2024,12,6,True,False,False,9.814196735395189,0.0
2024-12-23,61849.895833333336,67969.0,52576.0,11833.104166666666,1291.4583333333333,46782.354166666664,5.870661512027492,2024,12,0,False,False,True,12.129338487972507,0.0
2024-12-24,58504.625,65068.0,51324.0,3103.6875,988.0,48851.666666666664,6.763853092783504,2024,12,1,False,False,True,11.236146907216497,0.0
2024-12-25,51904.416666666664,56227.0,46407.0,1475.875,1247.6875,49237.229166666664,7.497164948453609,2024,12,2,False,True,False,10.502835051546391,0.0
2024-12-26,57378.4375,64890.0,47562.0,2364.4166666666665,1529.6875,51617.916666666664,5.368792955326461,2024,12,3,False,False,True,12.63120704467354,0.0
2024-12-27,62468.979166666664,68769.0,53607.0,1061.7083333333333,1595.4791666666667,52866.020833333336,2.8382302405498274,2024,12,4,False,False,True,15.161769759450173,0.0
2024-12-28,63059.770833333336,69203.0,55797.0,525.5625,1736.9166666666667,52068.604166666664,1.595167525773196,2024,12,5,True,False,False,16.404832474226804,0.0
2024-12-29,61668.3125,67648.0,54859.0,630.9583333333334,1311.7291666666667,50986.083333333336,2.205240549828179,2024,12,6,True,False,False,15.79475945017182,0.0
2024-12-30,65399.3125,72840.0,55346.0,936.0,982.3541666666666,50172.625,2.4679123711340205,2024,12,0,False,False,True,15.53208762886598,0.0
2024-12-31,66072.6875,72924.0,58094.0,5782.645833333333,1104.8958333333333,50140.416666666664,2.4692869415807555,2024,12,1,False,False,True,15.530713058419245,0.0
2025-01-01,59790.729166666664,64756.0,56306.0,14596.395833333334,1614.8541666666667,44383.541666666664,5.204123711340206,2025,1,2,False,True,False,12.795876288659795,0.0
2025-01-02,62413.520833333336,69987.0,51671.0,5903.291666666667,626.5,50779.3125,6.203157216494846,2025,1,3,False,False,True,11.796842783505154,0.0
2025-01-03,65688.83333333333,73292.0,55384.0,2876.3958333333335,1205.3333333333333,52854.458333333336,3.4990120274914087,2025,1,4,False,False,True,14.500987972508591,0.0
2025-01-04,66310.27083333333,73192.0,59686.0,5632.25,836.8333333333334,50681.833333333336,2.8422036082474227,2025,1,5,True,False,False,15.157796391752576,0.0
2025-01-05,57273.375,63979.0,51638.0,16807.770833333332,873.2291666666666,46900.104166666664,9.421134020618556,2025,1,6,True,False,False,8.578865979381444,0.0
2025-01-06,60432.25,69746.0,47785.0,17827.895833333332,826.875,44517.979166666664,10.35515463917526,2025,1,0,False,False,True,7.644845360824741,0.0
2025-01-07,64806.6875,72214.0,53928.0,12536.333333333334,1442.9375,50838.958333333336,6.637843642611684,2025,1,1,False,False,True,11.362156357388315,0.0
2025-01-08,64756.854166666664,72328.0,54027.0,8812.708333333334,836.7916666666666,54169.729166666664,7.985996563573884,2025,1,2,False,False,True,10.014003436426115,0.0
2025-01-09,63750.520833333336,72352.0,51805.0,10521.958333333334,984.8125,53426.875,8.09557560137457,2025,1,3,False,False,True,9.90442439862543,0.0
2025-01-10,66689.16666666667,73504.0,55979.0,3415.125,776.7291666666666,53402.4375,4.998990549828179,2025,1,4,False,False,True,13.001009450171821,0.0
2025-01-11,64020.458333333336,70978.0,54977.0,2275.625,1293.2916666666667,53979.375,3.7492053264604817,2025,1,5,True,False,False,14.250794673539518,0.0
2025-01-12,66651.0625,74362.0,59022.0,3474.7291666666665,2199.7083333333335,54990.020833333336,1.099441580756014,2025,1,6,True,False,False,16.900558419243985,0.0
2025-01-13,74351.25,82890.0,63559.0,4331.145833333333,2561.7083333333335,53555.270833333336,0.03333333333333325,2025,1,0,False,False,True,17.966666666666665,0.0
2025-01-14,78031.14583333333,87716.0,69443.0,2211.1458333333335,2454.75,53673.75,-0.8709407216494846,2025,1,1,False,False,True,18.870940721649486,0.0
2025-01-15,76777.10416666667,84391.0,68962.0,2863.25,1898.6458333333333,55353.395833333336,1.0364046391752577,2025,1,2,False,False,True,16.96359536082474,0.0
2025-01-16,73292.54166666667,79901.0,63673.0,3866.1458333333335,1447.375,55523.291666666664,3.0113831615120272,2025,1,3,False,False,True,14.988616838487973,0.0
2025-01-17,74723.0625,83221.0,65807.0,1173.2916666666667,2162.75,55960.0625,1.3513530927835056,2025,1,4,False,False,True,16.648646907216495,0.0
2025-01-18,71608.85416666667,78686.0,64216.0,1395.3125,1431.1458333333333,55830.354166666664,0.6638745704467356,2025,1,5,True,False,False,17.336125429553263,0.0
2025-01-19,69201.08333333333,76049.0,62167.0,997.9583333333334,1621.7291666666667,55956.145833333336,1.112886597938144,2025,1,6,True,False,False,16.887113402061857,0.0
2025-01-20,74469.54166666667,82012.0,63459.0,1342.375,1202.0208333333333,56073.333333333336,1.9524269759450172,2025,1,0,False,False,True,16.047573024054984,0.0
2025-01-21,73878.72916666667,81833.0,65001.0,3122.0625,1614.1666666666667,55924.4375,3.029016323024055,2025,1,1,False,False,True,14.970983676975944,0.0
2025-01-22,68785.4375,75320.0,60015.0,6249.791666666667,975.9375,55562.645833333336,6.765012886597938,2025,1,2,False,False,True,11.234987113402063,0.0
2025-01-23,66165.89583333333,73296.0,55848.0,10609.5,1675.3125,54525.041666666664,7.461404639175258,2025,1,3,False,False,True,10.538595360824742,0.0
2025-01-24,65302.979166666664,72833.0,57432.0,15144.395833333334,1272.5833333333333,54051.75,8.286855670103092,2025,1,4,False,False,True,9.713144329896908,0.0
2025-01-25,56647.708333333336,62401.0,48702.0,8948.416666666666,833.2708333333334,51994.875,10.347615979381445,2025,1,5,True,False,False,7.652384020618555,0.0
2025-01-26,58454.604166666664,65949.0,50673.0,14612.75,1166.9166666666667,46099.520833333336,7.048947594501718,2025,1,6,True,False,False,10.951052405498281,0.0
2025-01-27,61068.354166666664,69000.0,49686.0,17764.5625,1129.625,43452.229166666664,10.479703608247423,2025,1,0,False,False,True,7.520296391752577,0.0
2025-01-28,63297.625,70634.0,52515.0,18443.479166666668,1183.7916666666667,45879.208333333336,8.270897766323024,2025,1,1,False,False,True,9.729102233676976,0.0
2025-01-29,63754.895833333336,70949.0,53558.0,11774.729166666666,1526.75,50034.3125,7.947229381443298,2025,1,2,False,False,True,10.052770618556702,0.0
2025-01-30,63953.104166666664,71143.0,53451.0,5843.020833333333,1470.5833333333333,52305.479166666664,7.458161512027492,2025,1,3,False,False,True,10.541838487972509,0.0
2025-01-31,66688.45833333333,73881.0,57147.0,4037.4583333333335,1919.9583333333333,52671.208333333336,4.992547250859106,2025,1,4,False,False,True,13.007452749140894,0.0
2025-02-01,62841.208333333336,68506.0,55907.0,2857.6666666666665,2233.75,49726.395833333336,3.7365764604811,2025,2,5,True,False,False,14.2634235395189,0.0
2025-02-02,62902.0,68944.0,57273.0,1735.8125,2544.4791666666665,49614.291666666664,2.9713273195876297,2025,2,6,True,False,False,15.02867268041237,0.0
2025-02-03,69654.27083333333,78601.0,60084.0,1580.2083333333333,2615.3541666666665,49974.104166666664,2.6205756013745702,2025,2,0,False,False,True,15.37942439862543,0.0
2025-02-04,70843.625,79333.0,61868.0,2611.3958333333335,2685.375,48919.770833333336,2.7102448453608243,2025,2,1,False,False,True,15.289755154639176,0.0
2025-02-05,69232.35416666667,77293.0,61009.0,2214.8958333333335,2566.8958333333335,48726.541666666664,4.132280927835051,2025,2,2,False,False,True,13.867719072164949,0.0
2025-02-06,69721.58333333333,77226.0,59082.0,7731.229166666667,2124.2291666666665,48431.9375,4.152190721649485,2025,2,3,False,False,True,13.847809278350514,0.0
2025-02-07,70016.375,76872.0,60779.0,10105.916666666666,1273.5416666666667,47613.833333333336,4.626245704467354,2025,2,4,False,False,True,13.373754295532645,0.0
2025-02-08,63256.479166666664,69768.0,56011.0,6261.958333333333,1364.3125,45558.645833333336,5.307538659793815,2025,2,5,True,False,False,12.692461340206185,0.0
2025-02-09,60770.708333333336,66777.0,54810.0,2623.6875,1842.2916666666667,46158.041666666664,4.893943298969072,2025,2,6,True,False,False,13.106056701030928,0.0
2025-02-10,65685.1875,73711.0,54071.0,4829.8125,1198.125,47229.5625,6.334901202749142,2025,2,0,False,False,True,11.665098797250858,0.0
2025-02-11,65947.85416666667,72553.0,56166.0,3384.8958333333335,1499.4375,47210.625,6.994909793814433,2025,2,1,False,False,True,11.005090206185567,0.0
2025-02-12,64604.916666666664,71118.0,54801.0,1459.875,1282.6875,48353.166666666664,7.446606529209623,2025,2,2,False,False,True,10.553393470790377,0.0
2025-02-13,64191.041666666664,71143.0,53702.0,2096.6041666666665,1544.8333333333333,49461.979166666664,7.048732817869415,2025,2,3,False,False,True,10.951267182130586,0.0
2025-02-14,65552.60416666667,72878.0,56037.0,5179.5,2757.8125,50242.729166666664,4.738681271477663,2025,2,4,False,False,True,13.261318728522337,0.0
2025-02-15,63427.541666666664,68191.0,57867.0,4732.75,3754.2708333333335,49295.083333333336,3.1718857388316146,2025,2,5,True,False,False,14.828114261168386,0.0
2025-02-16,61054.625,65782.0,54690.0,4094.6875,3496.6875,48454.395833333336,4.085524054982818,2025,2,6,True,False,False,13.914475945017182,0.0
2025-02-17,65591.97916666667,73972.0,56772.0,2845.0,3180.625,49153.083333333336,4.470060137457045,2025,2,0,False,False,True,13.529939862542955,0.0
2025-02-18,65873.1875,74221.0,58422.0,6534.1875,3023.2291666666665,49311.75,4.847723367697594,2025,2,1,False,False,True,13.152276632302407,0.0
2025-02-19,63760.395833333336,71410.0,56407.0,7019.270833333333,2553.2291666666665,49011.854166666664,7.307517182130584,2025,2,2,False,False,True,10.692482817869415,0.0
2025-02-20,59564.3125,65548.0,51820.0,7861.104166666667,2589.3958333333335,46862.166666666664,9.850493986254294,2025,2,3,False,False,True,8.149506013745706,0.0
2025-02-21,56761.770833333336,62336.0,48819.0,11916.833333333334,2075.4583333333335,45473.541666666664,11.183805841924396,2025,2,4,False,False,True,6.816194158075604,0.0
2025-02-22,51531.520833333336,57621.0,44528.0,8116.75,1649.9375,43532.208333333336,11.06956615120275,2025,2,5,True,False,False,6.93043384879725,0.0
2025-02-23,50991.666666666664,57095.0,45046.0,6214.270833333333,3122.9375,42710.604166666664,9.654746563573884,2025,2,6,True,False,False,8.345253436426116,0.0
2025-02-24,56430.041666666664,62847.0,46922.0,10900.5625,1682.5625,44336.104166666664,10.327920962199313,2025,2,0,False,False,True,7.672079037800687,0.0
2025-02-25,58014.520833333336,65930.0,46754.0,8360.541666666666,1930.7083333333333,46573.208333333336,9.402749140893471,2025,2,1,False,False,True,8.597250859106529,0.0
2025-02-26,60789.75,67543.0,51629.0,10170.895833333334,3079.3125,46555.895833333336,7.629617697594502,2025,2,2,False,False,True,10.370382302405499,0.0
2025-02-27,61366.041666666664,68349.0,53323.0,5153.729166666667,3207.0416666666665,47513.979166666664,6.960910652920962,2025,2,3,False,False,True,11.039089347079038,0.0
2025-02-28,61607.208333333336,69135.0,54193.0,4709.729166666667,3748.25,47599.479166666664,6.070274914089349,2025,2,4,False,False,True,11.92972508591065,0.0
2025-03-01,58872.25,63161.0,53790.0,8646.791666666666,3777.2083333333335,46272.25,4.914497422680412,2025,3,5,True,False,False,13.085502577319588,0.0
2025-03-02,56447.770833333336,61062.0,48787.0,6519.541666666667,4774.833333333333,44505.541666666664,5.672637457044675,2025,3,6,True,False,False,12.327362542955324,0.0
2025-03-03,60927.541666666664,70845.0,53615.0,2433.6666666666665,4176.979166666667,45775.020833333336,6.295768900343642,2025,3,0,False,False,True,11.704231099656358,0.0
2025-03-04,60029.520833333336,69141.0,53927.0,2146.0416666666665,4047.125,46530.354166666664,7.385008591065292,2025,3,1,False,False,True,10.614991408934708,0.0
2025-03-05,58217.520833333336,67821.0,51473.0,2328.7291666666665,4815.145833333333,46304.208333333336,8.355476804123711,2025,3,2,False,False,True,9.644523195876289,0.0
2025-03-06,55996.395833333336,63685.0,50080.0,8156.75,4211.1875,45135.520833333336,9.765807560137459,2025,3,3,False,False,True,8.234192439862541,0.0
2025-03-07,53450.333333333336,59879.0,47064.0,8906.479166666666,3971.9375,44449.145833333336,10.947723367697597,2025,3,4,False,False,True,7.052276632302403,0.0
2025-03-08,48295.145833333336,52934.0,43731.0,10510.208333333334,3401.0416666666665,39994.979166666664,11.852147766323025,2025,3,5,True,False,False,6.147852233676975,0.0
2025-03-09,46796.104166666664,53079.0,40339.0,5871.25,1955.2291666666667,39902.458333333336,11.610073024054984,2025,3,6,True,False,False,6.389926975945016,0.0
2025-03-10,52717.9375,59472.0,42497.0,1631.3541666666667,3249.1041666666665,45406.75,10.273217353951889,2025,3,0,False,False,True,7.726782646048111,0.0
2025-03-11,55253.645833333336,61919.0,46137.0,3235.1875,2767.75,44865.604166666664,8.787392611683849,2025,3,1,False,False,True,9.212607388316151,0.0
2025-03-12,58401.958333333336,66326.0,47788.0,2372.375,1888.8958333333333,45095.104166666664,7.480820446735397,2025,3,2,False,False,True,10.519179553264603,0.0
2025-03-13,61137.854166666664,68102.0,51747.0,2727.3541666666665,2345.9583333333335,45590.875,5.519716494845361,2025,3,3,False,False,True,12.480283505154638,0.0
2025-03-14,63278.1875,70115.0,55475.0,3972.1666666666665,2926.7916666666665,46837.1875,4.603393470790378,2025,3,4,False,False,True,13.396606529209622,0.0
2025-03-15,60288.020833333336,64958.0,54641.0,11358.166666666666,2820.625,45072.291666666664,4.693320446735395,2025,3,5,True,False,False,13.306679553264605,0.0
2025-03-16,58055.979166666664,63516.0,53192.0,7348.6875,2909.6458333333335,43741.125,5.167203608247422,2025,3,6,True,False,False,12.832796391752577,0.0
2025-03-17,61699.625,69973.0,54352.0,7450.291666666667,4772.104166666667,45795.875,6.061361683848799,2025,3,0,False,False,True,11.938638316151202,0.0
2025-03-18,60250.375,69062.0,54032.0,9802.770833333334,5253.791666666667,44242.083333333336,7.533784364261169,2025,3,1,False,False,True,10.46621563573883,0.0
2025-03-19,56660.5625,63267.0,50902.0,7134.791666666667,4507.020833333333,44414.625,10.098883161512028,2025,3,2,False,False,True,7.901116838487972,0.0
2025-03-20,54229.729166666664,60352.0,47802.0,6393.895833333333,3285.3333333333335,43957.979166666664,11.563745704467355,2025,3,3,False,False,True,6.436254295532645,0.0
2025-03-21,52138.854166666664,57075.0,44550.0,9906.333333333334,1856.6458333333333,40644.1875,13.224892611683847,2025,3,4,False,False,True,4.775107388316153,0.0
2025-03-22,47082.875,51988.0,40865.0,7011.1875,2648.5208333333335,36710.1875,12.648818728522336,2025,3,5,True,False,False,5.351181271477664,0.0
2025-03-23,46679.75,53128.0,40690.0,3431.9166666666665,3104.2083333333335,39808.5625,10.420919243986255,2025,3,6,True,False,False,7.579080756013745,0.0
2025-03-24,52273.020833333336,58493.0,42973.0,1544.5208333333333,3288.1041666666665,45474.5625,10.554145189003437,2025,3,0,False,False,True,7.445854810996563,0.0
2025-03-25,53228.604166666664,58805.0,44894.0,2598.9791666666665,3194.875,45359.395833333336,10.570038659793813,2025,3,1,False,False,True,7.429961340206187,0.0
2025-03-26,53336.479166666664,58644.0,45058.0,2894.6041666666665,3109.8958333333335,45007.770833333336,10.607409793814432,2025,3,2,False,False,True,7.392590206185568,0.0
2025-03-27,52964.5,59234.0,46460.0,2821.1041666666665,4701.5625,43646.5625,10.103865979381442,2025,3,3,False,False,True,7.8961340206185575,0.0
2025-03-28,53175.125,58639.0,45566.0,4953.104166666667,4160.75,43685.604166666664,9.771391752577319,2025,3,4,False,False,True,8.228608247422681,0.0
2025-03-29,49622.5,54895.0,44331.0,7818.5,4312.916666666667,38789.895833333336,9.420983676975947,2025,3,5,True,False,False,8.579016323024053,0.0
2025-03-30,47161.0,52319.0,41845.0,5951.166666666667,4070.9791666666665,32519.75,10.231507731958763,2025,3,6,True,False,False,7.768492268041237,0.0
2025-03-31,50732.25,58062.0,42569.0,5299.0625,5656.041666666667,40762.9375,10.753930412371133,2025,3,0,False,False,True,7.246069587628867,0.0
2025-04-01,51725.0625,58494.0,43765.0,11497.604166666666,5059.020833333333,40318.354166666664,10.278286082474226,2025,4,1,False,False,True,7.721713917525774,0.0
2025-04-02,52389.979166666664,58901.0,44546.0,12978.958333333334,3567.4166666666665,40416.833333333336,11.097830756013746,2025,4,2,False,False,True,6.902169243986254,0.0
2025-04-03,50520.833333333336,56345.0,43299.0,7680.625,3143.0,39773.041666666664,13.23840206185567,2025,4,3,False,False,True,4.76159793814433,0.0
2025-04-04,48098.354166666664,54407.0,40949.0,5710.0625,3847.8958333333335,39205.625,14.71350945017182,2025,4,4,False,False,True,3.28649054982818,0.0
2025-04-05,42065.958333333336,47296.0,36910.0,5509.270833333333,4696.875,34382.854166666664,15.129145189003436,2025,4,5,True,False,False,2.8708548109965637,0.0
2025-04-06,40152.4375,45723.0,34298.0,7271.333333333333,4893.166666666667,32806.0625,13.570038659793815,2025,4,6,True,False,False,4.4299613402061855,0.0
2025-04-07,46542.020833333336,52775.0,37169.0,4053.1041666666665,5632.75,38450.875,11.4525558419244,2025,4,0,False,False,True,6.547444158075599,0.0
2025-04-08,47654.0625,54179.0,40038.0,2283.8125,5926.3125,40745.083333333336,12.209493127147766,2025,4,1,False,False,True,5.790506872852234,0.0
2025-04-09,47505.916666666664,53193.0,39185.0,5577.833333333333,4597.583333333333,40194.875,12.491430412371136,2025,4,2,False,False,True,5.508569587628864,0.0
2025-04-10,47833.854166666664,53708.0,39860.0,6155.895833333333,5837.479166666667,39198.4375,12.391945876288661,2025,4,3,False,False,True,5.608054123711339,0.0
2025-04-11,46985.229166666664,53164.0,39957.0,3665.3541666666665,5338.4375,39317.375,13.6411941580756,2025,4,4,False,False,True,4.358805841924401,0.0
2025-04-12,41896.791666666664,47271.0,35742.0,7940.541666666667,3343.2916666666665,35684.75,14.876610824742269,2025,4,5,True,False,False,3.1233891752577314,0.0
2025-04-13,40634.583333333336,47318.0,33589.0,5325.791666666667,2201.4583333333335,36558.3125,14.337177835051545,2025,4,6,True,False,False,3.662822164948455,0.0
2025-04-14,46234.1875,52444.0,36912.0,1968.9791666666667,4050.3541666666665,41390.083333333336,13.95085910652921,2025,4,0,False,False,True,4.04914089347079,0.0
2025-04-15,47381.354166666664,54061.0,37528.0,7161.0625,2389.8958333333335,39898.958333333336,13.583526632302405,2025,4,1,False,False,True,4.416473367697595,0.0
2025-04-16,49651.979166666664,56285.0,39994.0,3331.375,3557.2291666666665,41756.229166666664,10.817998281786942,2025,4,2,False,False,True,7.182001718213058,0.0
2025-04-17,51168.395833333336,57179.0,42467.0,2585.8333333333335,4001.6875,42450.291666666664,10.358118556701031,2025,4,3,False,False,True,7.641881443298969,0.0
2025-04-18,49614.0,55551.0,42944.0,4804.1875,5212.1875,38992.9375,11.4284793814433,2025,4,4,False,False,True,6.5715206185567006,0.0
2025-04-19,44314.791666666664,49740.0,38735.0,6487.1875,2807.8541666666665,34223.791666666664,12.910309278350518,2025,4,5,True,False,False,5.089690721649482,0.0
2025-04-20,42216.708333333336,48256.0,36440.0,5150.729166666667,3119.7916666666665,31581.291666666668,12.158655498281785,2025,4,6,True,False,False,5.841344501718215,0.0
2025-04-21,42990.083333333336,49196.0,36907.0,3535.8125,4060.5208333333335,35844.4375,12.402598797250858,2025,4,0,False,True,False,5.5974012027491415,0.0
2025-04-22,47430.75,53767.0,38151.0,1885.5208333333333,4687.020833333333,37972.791666666664,12.701224226804126,2025,4,1,False,False,True,5.2987757731958745,0.0
2025-04-23,48980.166666666664,56026.0,39195.0,6934.145833333333,3032.7916666666665,38024.8125,11.84188144329897,2025,4,2,False,False,True,6.15811855670103,0.0
2025-04-24,49201.1875,55357.0,40727.0,3713.3958333333335,3901.4166666666665,38020.270833333336,12.470124570446735,2025,4,3,False,False,True,5.529875429553265,0.0
2025-04-25,48338.708333333336,54798.0,40730.0,2713.375,5849.0625,37468.270833333336,12.79009879725086,2025,4,4,False,False,True,5.2099012027491405,0.0
2025-04-26,43018.5625,48603.0,37549.0,3833.6875,3262.9166666666665,34689.416666666664,12.958247422680413,2025,4,5,True,False,False,5.041752577319587,0.0
2025-04-27,40511.25,46119.0,35034.0,2632.0208333333335,4014.5833333333335,32118.979166666668,14.504059278350514,2025,4,6,True,False,False,3.495940721649486,0.0
2025-04-28,44435.8125,50368.0,35860.0,2788.2291666666665,5287.416666666667,35623.5625,15.798539518900343,2025,4,0,False,False,True,2.201460481099657,0.0
2025-04-29,44027.708333333336,49793.0,35580.0,4287.5625,5889.3125,34981.666666666664,17.45801116838488,2025,4,1,False,False,True,0.5419888316151216,0.0
2025-04-30,43650.75,50113.0,35045.0,3672.9166666666665,6160.375,35972.854166666664,18.894780927835058,2025,4,2,False,False,True,0.0,0.0
2025-05-01,36963.5,42897.0,30811.0,2942.6458333333335,5247.458333333333,29552.895833333332,19.56640893470791,2025,5,3,False,True,False,0.0,0.0
2025-05-02,40049.979166666664,46448.0,31529.0,2718.0833333333335,4644.6875,33092.958333333336,19.704317010309282,2025,5,4,False,False,True,0.0,0.0
2025-05-03,38113.0,44268.0,31479.0,4568.1875,4869.770833333333,31470.416666666668,18.557216494845363,2025,5,5,True,False,False,0.0,0.0
2025-05-04,37245.833333333336,43598.0,30344.0,6439.875,2587.6041666666665,30076.25,14.502233676975946,2025,5,6,True,False,False,3.497766323024054,0.0
2025-05-05,43755.708333333336,50586.0,33489.0,9473.208333333334,4068.0,33474.145833333336,11.69123711340206,2025,5,0,False,False,True,6.30876288659794,0.0
2025-05-06,45523.166666666664,51304.0,36919.0,9150.416666666666,3993.6041666666665,35422.208333333336,11.525408075601375,2025,5,1,False,False,True,6.474591924398625,0.0
2025-05-07,46210.604166666664,53049.0,37496.0,6407.666666666667,4283.416666666667,37679.833333333336,12.08739261168385,2025,5,2,False,False,True,5.91260738831615,0.0
2025-05-08,41839.020833333336,46956.0,36292.0,4575.875,4350.541666666667,38181.875,13.111189862542954,2025,5,3,False,True,False,4.888810137457046,0.0
2025-05-09,42920.375,48851.0,35832.0,4712.375,5019.291666666667,38703.166666666664,14.22493556701031,2025,5,4,False,False,True,3.7750644329896907,0.0
2025-05-10,39672.8125,45192.0,34157.0,5388.895833333333,4585.0,33184.3125,16.102083333333333,2025,5,5,True,False,False,1.8979166666666671,0.0
2025-05-11,38266.666666666664,44130.0,31767.0,3939.6041666666665,3307.6666666666665,32545.25,16.39821735395189,2025,5,6,True,False,False,1.601782646048111,0.0
2025-05-12,43584.125,49998.0,33703.0,1753.7916666666667,4184.645833333333,38779.479166666664,15.538810137457045,2025,5,0,False,False,True,2.4611898625429554,0.0
2025-05-13,44358.833333333336,49972.0,35721.0,783.625,4962.25,39721.583333333336,15.769501718213059,2025,5,1,False,False,True,2.230498281786941,0.0
2025-05-14,44256.208333333336,50374.0,35492.0,1925.9166666666667,5470.979166666667,39061.229166666664,16.834965635738833,2025,5,2,False,False,True,1.1650343642611674,0.0
2025-05-15,44248.791666666664,50293.0,35220.0,6368.8125,5202.375,36575.520833333336,16.034364261168385,2025,5,3,False,False,True,1.9656357388316152,0.0
2025-05-16,44011.375,50003.0,35697.0,6212.375,5646.979166666667,34944.770833333336,15.359235395189005,2025,5,4,False,False,True,2.640764604810995,0.0
2025-05-17,39777.375,45992.0,33591.0,3194.7916666666665,5576.666666666667,32215.375,15.472487113402062,2025,5,5,True,False,False,2.527512886597938,0.0
2025-05-18,38411.75,44238.0,32224.0,2202.1041666666665,5804.020833333333,31594.395833333332,16.24536082474227,2025,5,6,True,False,False,1.7546391752577293,0.0
2025-05-19,43289.833333333336,49725.0,33204.0,4315.958333333333,4819.958333333333,35067.75,17.222744845360825,2025,5,0,False,False,True,0.7772551546391746,0.0
2025-05-20,43935.333333333336,50007.0,34670.0,4223.1875,5235.895833333333,35655.604166666664,17.719931271477662,2025,5,1,False,False,True,0.28006872852233755,0.0
2025-05-21,44386.583333333336,51148.0,34645.0,3167.7916666666665,4437.8125,37224.916666666664,15.75979381443299,2025,5,2,False,False,True,2.2402061855670095,0.0
2025-05-22,44882.3125,51077.0,35802.0,4508.708333333333,4836.458333333333,36206.5625,14.205863402061858,2025,5,3,False,False,True,3.7941365979381416,0.0
2025-05-23,44388.479166666664,50755.0,36191.0,2996.1666666666665,6390.916666666667,34713.291666666664,14.359901202749143,2025,5,4,False,False,True,3.6400987972508574,0.0
2025-05-24,40118.229166666664,45901.0,34138.0,5281.291666666667,5633.125,30073.8125,15.074892611683849,2025,5,5,True,False,False,2.9251073883161514,0.0
2025-05-25,37995.166666666664,43854.0,31632.0,7461.75,4206.583333333333,25792.354166666668,17.121542096219933,2025,5,6,True,False,False,0.8784579037800668,0.0
2025-05-26,43147.4375,49802.0,33150.0,5026.208333333333,4954.125,31059.708333333332,16.629832474226802,2025,5,0,False,False,True,1.3701675257731978,0.0
2025-05-27,44433.75,50737.0,35202.0,9267.208333333334,5650.791666666667,32304.4375,17.161340206185567,2025,5,1,False,False,True,0.8386597938144327,0.0
2025-05-28,44601.166666666664,51755.0,35577.0,10922.1875,5421.8125,33162.25,18.139132302405496,2025,5,2,False,False,True,0.0,0.0
2025-05-29,39858.979166666664,45689.0,33383.0,2291.9583333333335,5645.979166666667,34725.354166666664,19.55560567010309,2025,5,3,False,True,False,0.0,0.0
2025-05-30,41187.416666666664,47675.0,32821.0,717.4791666666666,6211.041666666667,36119.916666666664,22.457646048109964,2025,5,4,False,False,True,0.0,0.0
2025-05-31,39065.104166666664,44868.0,32405.0,1298.625,4867.479166666667,34605.416666666664,22.113380584192438,2025,5,5,True,False,False,0.0,0.0
2025-06-01,37353.979166666664,43258.0,30306.0,2050.8541666666665,3722.0625,33335.166666666664,20.087371134020618,2025,6,6,True,False,False,0.0,0.0
2025-06-02,42684.645833333336,49815.0,32169.0,1747.375,3762.9583333333335,38605.416666666664,18.346864261168385,2025,6,0,False,False,True,0.0,0.0
2025-06-03,43732.666666666664,50330.0,34142.0,3505.3958333333335,4380.8125,37429.020833333336,18.907474226804123,2025,6,1,False,False,True,0.0,0.0
2025-06-04,44184.145833333336,51366.0,34664.0,3610.75,3660.5833333333335,39051.770833333336,17.608655498281788,2025,6,2,False,False,True,0.391344501718212,0.0
2025-06-05,44519.791666666664,50842.0,34915.0,7214.958333333333,3185.7291666666665,37340.604166666664,17.407345360824745,2025,6,3,False,False,True,0.5926546391752545,0.0
2025-06-06,43938.416666666664,50776.0,34994.0,7007.458333333333,3925.0833333333335,34638.75,18.332689003436425,2025,6,4,False,False,True,0.0,0.0
2025-06-07,39704.770833333336,46055.0,32803.0,8576.6875,3922.3958333333335,31794.958333333332,17.678479381443303,2025,6,5,True,False,False,0.321520618556697,0.0
2025-06-08,37410.833333333336,43588.0,30987.0,6585.958333333333,4995.333333333333,28094.854166666668,17.245725945017185,2025,6,6,True,False,False,0.7542740549828153,0.0
2025-06-09,39114.458333333336,45777.0,31414.0,1089.4166666666667,5953.25,34148.0,17.68732817869416,2025,6,0,False,True,False,0.31267182130584104,0.0
2025-06-10,44138.458333333336,51297.0,33142.0,2205.9375,6168.416666666667,38626.916666666664,20.035137457044673,2025,6,1,False,False,True,0.0,0.0
2025-06-11,45381.625,52647.0,35144.0,2982.9583333333335,5962.9375,39358.729166666664,22.32774914089347,2025,6,2,False,False,True,0.0,0.0
2025-06-12,45987.125,52865.0,35625.0,4221.9375,5671.375,37746.0,23.420017182130582,2025,6,3,False,False,True,0.0,0.0
2025-06-13,46297.5625,53708.0,36228.0,2355.6458333333335,5902.375,38842.354166666664,24.72212199312715,2025,6,4,False,False,True,0.0,0.7221219931271499
2025-06-14,41124.333333333336,47409.0,34081.0,3027.4375,4541.583333333333,35965.520833333336,23.789948453608247,2025,6,5,True,False,False,0.0,0.0
2025-06-15,38357.229166666664,44163.0,31300.0,2453.6875,3660.875,35803.1875,20.70362972508591,2025,6,6,True,False,False,0.0,0.0
2025-06-16,43975.791666666664,51732.0,32668.0,2187.9166666666665,7288.1875,38812.4375,20.387693298969072,2025,6,0,False,False,True,0.0,0.0
2025-06-17,45363.229166666664,52079.0,35055.0,2004.4583333333333,6786.0625,39881.041666666664,22.08782216494846,2025,6,1,False,False,True,0.0,0.0
2025-06-18,46228.166666666664,53369.0,35673.0,1848.5,7223.791666666667,40391.25,23.47306701030928,2025,6,2,False,False,True,0.0,0.0
2025-06-19,47087.0,54250.0,36218.0,3628.75,6135.1875,38600.416666666664,25.09755154639175,2025,6,3,False,False,True,0.0,1.097551546391749
2025-06-20,47219.6875,54969.0,36550.0,3772.7916666666665,7182.0,37091.041666666664,26.183719931271483,2025,6,4,False,False,True,0.0,2.183719931271483
2025-06-21,42857.666666666664,49718.0,34821.0,2544.3125,7076.229166666667,33322.375,27.047873711340202,2025,6,5,True,False,False,0.0,3.047873711340202
2025-06-22,40612.375,46332.0,32969.0,3509.625,5082.5,33586.8125,25.36930841924399,2025,6,6,True,False,False,0.0,1.369308419243989
2025-06-23,46041.895833333336,53414.0,34847.0,5643.395833333333,5102.0625,36690.729166666664,23.342010309278347,2025,6,0,False,False,True,0.0,0.0
2025-06-24,47044.0625,53945.0,36247.0,2262.4375,6167.125,38132.708333333336,24.15152491408935,2025,6,1,False,False,True,0.0,0.1515249140893502
2025-06-25,47996.104166666664,56007.0,36663.0,1709.2916666666667,6165.6875,37870.083333333336,25.842289518900344,2025,6,2,False,False,True,0.0,1.842289518900344
2025-06-26,47194.3125,53933.0,37063.0,6611.583333333333,5295.6875,37250.479166666664,23.631529209621995,2025,6,3,False,False,True,0.0,0.0
2025-06-27,47108.166666666664,54507.0,36954.0,2593.1041666666665,6406.645833333333,37080.125,23.97422680412371,2025,6,4,False,False,True,0.0,0.0
2025-06-28,43456.5625,49926.0,35394.0,1395.6458333333333,6417.8125,33257.083333333336,25.618406357388317,2025,6,5,True,False,False,0.0,1.6184063573883165
2025-06-29,42057.3125,48117.0,33328.0,1879.0833333333333,6290.125,33193.229166666664,26.876310137457047,2025,6,6,True,False,False,0.0,2.876310137457047
2025-06-30,50147.333333333336,60470.0,36219.0,2009.6041666666667,7588.791666666667,36173.041666666664,28.606615120274917,2025,6,0,False,False,True,0.0,4.606615120274917
2025-07-01,51280.604166666664,59754.0,39327.0,996.6666666666666,7075.125,37638.354166666664,29.534729381443302,2025,7,1,False,False,True,0.0,5.534729381443302
2025-07-02,50348.520833333336,58927.0,39668.0,3901.5416666666665,5519.583333333333,38730.75,26.646756872852237,2025,7,2,False,False,True,0.0,2.6467568728522366
2025-07-03,48736.604166666664,55757.0,38591.0,3750.1875,6366.583333333333,38691.6875,23.85637886597938,2025,7,3,False,False,True,0.0,0.0
2025-07-04,48246.041666666664,55726.0,38046.0,2854.6875,7532.75,38702.75,24.122229381443297,2025,7,4,False,False,True,0.0,0.12222938144329731
2025-07-05,43376.583333333336,50030.0,36240.0,3196.6458333333335,6079.666666666667,35475.270833333336,23.992633161512032,2025,7,5,True,False,False,0.0,0.0
2025-07-06,39849.458333333336,46005.0,33464.0,7273.166666666667,3597.75,36307.020833333336,20.488530927835054,2025,7,6,True,False,False,0.0,0.0
2025-07-07,44381.770833333336,52372.0,33801.0,6886.770833333333,4877.145833333333,39654.75,18.67162800687285,2025,7,0,False,False,True,0.0,0.0
2025-07-08,44928.3125,52037.0,35471.0,4597.041666666667,6811.354166666667,40947.375,18.062972508591066,2025,7,1,False,False,True,0.0,0.0
2025-07-09,45420.541666666664,52768.0,35776.0,1455.2916666666667,7742.604166666667,42719.666666666664,19.528157216494847,2025,7,2,False,False,True,0.0,0.0
2025-07-10,46157.833333333336,53610.0,35964.0,2350.0,7921.375,42423.979166666664,21.878371993127146,2025,7,3,False,False,True,0.0,0.0
2025-07-11,46343.5,54076.0,36511.0,4096.416666666667,7712.395833333333,42739.458333333336,23.602040378006876,2025,7,4,False,False,True,0.0,0.0
2025-07-12,41820.729166666664,48412.0,34713.0,3083.6666666666665,6718.583333333333,39748.8125,23.66123281786942,2025,7,5,True,False,False,0.0,0.0
2025-07-13,39715.229166666664,46259.0,32514.0,2459.2291666666665,6899.708333333333,37524.770833333336,23.812027491408934,2025,7,6,True,False,False,0.0,0.0
2025-07-14,40776.416666666664,47441.0,33318.0,5559.854166666667,5839.145833333333,39440.625,22.993556701030926,2025,7,0,False,True,False,0.0,0.0
2025-07-15,45710.354166666664,53859.0,34824.0,5241.916666666667,5907.9375,41215.333333333336,22.056658075601376,2025,7,1,False,False,True,0.0,0.0
2025-07-16,46595.270833333336,53960.0,36711.0,6534.395833333333,6499.583333333333,41207.666666666664,22.065743127147762,2025,7,2,False,False,True,0.0,0.0
2025-07-17,47322.0625,54571.0,36952.0,1157.5208333333333,7013.395833333333,41809.8125,23.51795532646048,2025,7,3,False,False,True,0.0,0.0
2025-07-18,47165.645833333336,55035.0,37049.0,1312.6041666666667,6292.854166666667,41849.104166666664,24.357044673539516,2025,7,4,False,False,True,0.0,0.35704467353951586
2025-07-19,41898.395833333336,48322.0,35325.0,5512.895833333333,4316.5,38311.583333333336,23.021198453608246,2025,7,5,True,False,False,0.0,0.0
2025-07-20,39503.125,45868.0,32568.0,5640.8125,4776.229166666667,35987.0,21.27420532646048,2025,7,6,True,False,False,0.0,0.0
2025-07-21,43962.395833333336,51938.0,33757.0,10779.395833333334,5328.458333333333,36439.3125,19.989497422680415,2025,7,0,False,False,True,0.0,0.0
2025-07-22,44363.854166666664,51571.0,34748.0,6400.854166666667,5740.1875,39320.583333333336,19.941516323024054,2025,7,1,False,False,True,0.0,0.0
2025-07-23,44421.6875,51822.0,34978.0,1522.5416666666667,4307.4375,41162.895833333336,19.453157216494848,2025,7,2,False,False,True,0.0,0.0
2025-07-24,44436.916666666664,51699.0,35096.0,2599.625,5519.958333333333,41409.083333333336,19.119136597938144,2025,7,3,False,False,True,0.0,0.0
2025-07-25,43912.979166666664,51272.0,35027.0,2270.4791666666665,5777.291666666667,40873.6875,20.00992268041237,2025,7,4,False,False,True,0.0,0.0
2025-07-26,40004.3125,47086.0,32934.0,3523.3958333333335,6206.854166666667,38325.604166666664,20.824978522336774,2025,7,5,True,False,False,0.0,0.0
2025-07-27,38009.458333333336,44379.0,31214.0,3500.2916666666665,4831.833333333333,38431.770833333336,19.971520618556703,2025,7,6,True,False,False,0.0,0.0
2025-07-28,42392.3125,49976.0,32489.0,3971.0,5711.895833333333,40230.354166666664,19.36436855670103,2025,7,0,False,False,True,0.0,0.0
2025-07-29,43252.854166666664,50528.0,33901.0,3080.3541666666665,6119.1875,40034.5625,19.537199312714776,2025,7,1,False,False,True,0.0,0.0
2025-07-30,43566.979166666664,50733.0,34138.0,1973.625,5460.0625,41112.979166666664,20.403200171821307,2025,7,2,False,False,True,0.0,0.0
2025-07-31,43860.5,51002.0,34512.0,3349.8541666666665,6075.041666666667,41973.4375,20.860932130584192,2025,7,3,False,False,True,0.0,0.0
2025-08-01,42898.479166666664,50000.0,34317.0,3570.1458333333335,5758.333333333333,41459.145833333336,20.521842783505157,2025,8,4,False,False,True,0.0,0.0
2025-08-02,38820.208333333336,45022.0,32339.0,3773.0416666666665,6367.5,35488.125,19.167976804123715,2025,8,5,True,False,False,0.0,0.0
2025-08-03,36954.0625,42899.0,30398.0,2667.1875,5795.666666666667,34689.333333333336,19.588230240549827,2025,8,6,True,False,False,0.0,0.0
2025-08-04,41097.229166666664,48169.0,31384.0,3789.5,6826.416666666667,39025.625,22.240420962199313,2025,8,0,False,False,True,0.0,0.0
2025-08-05,41629.875,48486.0,33082.0,4107.354166666667,5152.666666666667,37304.020833333336,21.800837628865985,2025,8,1,False,False,True,0.0,0.0
2025-08-06,41091.979166666664,47721.0,32459.0,1764.1875,5241.291666666667,39620.479166666664,20.439948453608245,2025,8,2,False,False,True,0.0,0.0
2025-08-07,41892.416666666664,48894.0,32601.0,1082.6875,6426.25,40535.208333333336,22.737499999999997,2025,8,3,False,False,True,0.0,0.0
2025-08-08,42439.25,49661.0,33182.0,1200.9375,6253.104166666667,41856.75,23.92820017182131,2025,8,4,False,False,True,0.0,0.0
2025-08-09,40140.916666666664,46468.0,32238.0,1925.125,5701.25,37566.583333333336,24.408483676975944,2025,8,5,True,False,False,0.0,0.4084836769759441
2025-08-10,38846.416666666664,44837.0,31416.0,2868.5625,5783.354166666667,35670.395833333336,24.55708762886598,2025,8,6,True,False,False,0.0,0.557087628865979
2025-08-11,43003.5,50780.0,32283.0,4278.416666666667,6968.5625,37990.333333333336,26.433075601374576,2025,8,0,False,False,True,0.0,2.4330756013745756
2025-08-12,44382.645833333336,51751.0,34297.0,3152.4583333333335,6616.791666666667,38122.875,27.592353951890036,2025,8,1,False,False,True,0.0,3.5923539518900363
2025-08-13,44266.3125,52064.0,34503.0,1482.375,4836.770833333333,38545.8125,27.393105670103097,2025,8,2,False,False,True,0.0,3.393105670103097
2025-08-14,44107.9375,51580.0,34580.0,1809.25,6225.333333333333,39789.0625,26.579617697594504,2025,8,3,False,False,True,0.0,2.5796176975945038
2025-08-15,41436.770833333336,47676.0,33534.0,3604.8333333333335,6540.0,36528.625,26.97781357388316,2025,8,4,False,True,False,0.0,2.977813573883161
2025-08-16,41010.666666666664,47243.0,33244.0,6512.75,5437.291666666667,36532.416666666664,26.93743556701031,2025,8,5,True,False,False,0.0,2.9374355670103114
2025-08-17,39006.458333333336,44380.0,32133.0,5156.791666666667,6296.6875,35822.854166666664,24.643341924398626,2025,8,6,True,False,False,0.0,0.6433419243986265
2025-08-18,42682.75,50232.0,32661.0,3658.6458333333335,5038.104166666667,39510.708333333336,23.689218213058417,2025,8,0,False,False,True,0.0,0.0
2025-08-19,43099.9375,50188.0,34240.0,2663.5625,3354.0833333333335,39959.625,22.54179553264605,2025,8,1,False,False,True,0.0,0.0
2025-08-20,42299.770833333336,49180.0,34180.0,3734.7916666666665,3271.0208333333335,40345.5625,19.89100085910653,2025,8,2,False,False,True,0.0,0.0
2025-08-21,41980.645833333336,48918.0,33239.0,5380.875,4084.0833333333335,40194.5,19.095274914089345,2025,8,3,False,False,True,0.0,0.0
2025-08-22,41885.5,49320.0,33371.0,3054.3541666666665,5801.395833333333,40016.041666666664,19.09817439862543,2025,8,4,False,False,True,0.0,0.0
2025-08-23,38830.604166666664,45265.0,31850.0,1737.125,6825.541666666667,35281.375,18.784772336769763,2025,8,5,True,False,False,0.0,0.0
2025-08-24,37337.25,43422.0,30501.0,2363.6041666666665,5962.875,35554.229166666664,19.96509879725086,2025,8,6,True,False,False,0.0,0.0
2025-08-25,42811.4375,50553.0,32016.0,1884.6041666666667,5591.916666666667,41689.020833333336,21.515270618556702,2025,8,0,False,False,True,0.0,0.0
2025-08-26,44449.895833333336,51826.0,34483.0,3716.7708333333335,4818.145833333333,41038.458333333336,22.379768041237114,2025,8,1,False,False,True,0.0,0.0
2025-08-27,44725.604166666664,51775.0,35124.0,3062.1875,3151.8958333333335,42574.041666666664,21.936125429553265,2025,8,2,False,False,True,0.0,0.0
2025-08-28,44547.208333333336,52152.0,34987.0,4726.3125,3894.375,41449.666666666664,19.71980240549828,2025,8,3,False,False,True,0.0,0.0
2025-08-29,43682.145833333336,51046.0,34784.0,9559.333333333334,3806.2291666666665,38993.770833333336,17.590420962199314,2025,8,4,False,False,True,0.40957903780068605,0.0
2025-08-30,39543.583333333336,45920.0,32654.0,6596.875,4307.541666666667,35823.354166666664,18.41331615120275,2025,8,5,True,False,False,0.0,0.0
2025-08-31,38152.666666666664,44776.0,31246.0,4778.583333333333,3521.3958333333335,33578.416666666664,19.555627147766327,2025,8,6,True,False,False,0.0,0.0
2025-09-01,43184.520833333336,51225.0,32611.0,5607.604166666667,4175.229166666667,39555.0625,17.85414518900344,2025,9,0,False,False,True,0.1458548109965605,0.0
2025-09-02,44039.375,51423.0,33914.0,9307.75,4492.416666666667,38968.875,17.19297680412371,2025,9,1,False,False,True,0.8070231958762903,0.0
2025-09-03,45195.041666666664,52782.0,34746.0,12277.729166666666,4564.666666666667,36758.666666666664,19.91421821305842,2025,9,2,False,False,True,0.0,0.0
2025-09-04,44823.270833333336,52257.0,35203.0,8303.875,3493.9583333333335,38898.604166666664,18.487822164948454,2025,9,3,False,False,True,0.0,0.0
2025-09-05,44351.0625,51850.0,35194.0,2100.7916666666665,6175.875,41656.666666666664,17.338251718213055,2025,9,4,False,False,True,0.6617482817869451,0.0
2025-09-06,40226.9375,47250.0,32730.0,5574.604166666667,5918.125,36610.208333333336,18.493384879725088,2025,9,5,True,False,False,0.0,0.0
2025-09-07,38934.541666666664,46072.0,31594.0,5665.833333333333,4420.979166666667,34937.479166666664,21.100794673539518,2025,9,6,True,False,False,0.0,0.0
2025-09-08,43720.625,51277.0,32823.0,1966.2916666666667,3611.1666666666665,44458.208333333336,19.577126288659795,2025,9,0,False,False,True,0.0,0.0
2025-09-09,44226.0,51294.0,34441.0,1891.875,4932.416666666667,43281.5625,18.008999140893472,2025,9,1,False,False,True,0.0,0.0
2025-09-10,43895.416666666664,51286.0,34096.0,5683.895833333333,3522.2708333333335,41693.8125,17.411447594501716,2025,9,2,False,False,True,0.5885524054982838,0.0
2025-09-11,44742.479166666664,51505.0,34893.0,9990.6875,3595.7291666666665,38843.520833333336,17.5727233676976,2025,9,3,False,False,True,0.42727663230240154,0.0
2025-09-12,44260.4375,51183.0,35455.0,8313.458333333334,4619.854166666667,38113.458333333336,16.914905498281787,2025,9,4,False,False,True,1.0850945017182134,0.0
2025-09-13,39774.1875,46641.0,32893.0,7930.541666666667,2534.7916666666665,36783.625,16.192439862542955,2025,9,5,True,False,False,1.8075601374570454,0.0
2025-09-14,38576.833333333336,45525.0,31035.0,7470.708333333333,3233.5,36119.0,17.613445017182134,2025,9,6,True,False,False,0.3865549828178665,0.0
2025-09-15,44232.0,51768.0,33472.0,12377.729166666666,3569.7708333333335,34172.0,19.13189432989691,2025,9,0,False,False,True,0.0,0.0
2025-09-16,44726.166666666664,51752.0,34984.0,8188.75,4402.479166666667,37830.625,16.787478522336773,2025,9,1,False,False,True,1.212521477663227,0.0
2025-09-17,44822.1875,51904.0,34944.0,3549.0208333333335,5688.479166666667,42629.5625,17.049871134020616,2025,9,2,False,False,True,0.9501288659793836,0.0
2025-09-18,44427.208333333336,51457.0,34800.0,1542.9791666666667,6019.104166666667,41228.875,18.936769759450172,2025,9,3,False,False,True,0.0,0.0
2025-09-19,44644.625,52223.0,34804.0,4050.3958333333335,6010.0625,40978.416666666664,20.551997422680415,2025,9,4,False,False,True,0.0,0.0
2025-09-20,40459.625,47749.0,33006.0,8126.270833333333,4306.541666666667,35753.520833333336,21.4655498281787,2025,9,5,True,False,False,0.0,0.0
2025-09-21,38214.604166666664,44992.0,31171.0,3711.9791666666665,2379.7708333333335,35020.416666666664,16.84798109965635,2025,9,6,True,False,False,1.1520189003436485,0.0
2025-09-22,43653.875,50950.0,32494.0,8755.4375,2855.2083333333335,38981.104166666664,13.955498281786943,2025,9,0,False,False,True,4.044501718213057,0.0
2025-09-23,45441.854166666664,52116.0,35058.0,7840.770833333333,3005.5208333333335,40736.395833333336,12.294888316151205,2025,9,1,False,False,True,5.705111683848795,0.0
2025-09-24,46913.770833333336,53987.0,36130.0,6323.625,2397.75,43852.875,12.073754295532645,2025,9,2,False,False,True,5.926245704467355,0.0
2025-09-25,47734.104166666664,54252.0,37394.0,2687.1666666666665,2892.7083333333335,46518.354166666664,12.18739261168385,2025,9,3,False,False,True,5.812607388316151,0.0
2025-09-26,47747.958333333336,54894.0,37873.0,791.375,2729.5625,47710.770833333336,11.997422680412372,2025,9,4,False,False,True,6.002577319587628,0.0
2025-09-27,43009.5,50104.0,36154.0,809.5416666666666,4809.395833333333,44357.979166666664,13.044007731958763,2025,9,5,True,False,False,4.955992268041237,0.0
2025-09-28,41011.8125,47664.0,34465.0,1417.3333333333333,3981.7708333333335,44221.479166666664,13.688058419243987,2025,9,6,True,False,False,4.311941580756013,0.0
2025-09-29,45658.375,52962.0,35186.0,1656.125,5152.75,46536.145833333336,14.488036941580756,2025,9,0,False,False,True,3.5119630584192443,0.0
2025-09-30,46217.916666666664,52876.0,36631.0,1977.25,4947.6875,47157.6875,14.343964776632303,2025,9,1,False,False,True,3.656035223367697,0.0
2025-10-01,46769.5,53923.0,37210.0,1901.4791666666667,5404.875,46263.895833333336,14.094072164948452,2025,10,2,False,False,True,3.905927835051548,0.0
2025-10-02,46708.729166666664,53364.0,37261.0,2565.4375,5288.354166666667,46019.291666666664,13.716688144329897,2025,10,3,False,False,True,4.283311855670103,0.0
2025-10-03,47066.958333333336,53873.0,37441.0,7532.895833333333,2594.6875,44293.75,13.78833762886598,2025,10,4,False,False,True,4.21166237113402,0.0
2025-10-04,42707.354166666664,49251.0,35460.0,15657.208333333334,2673.5208333333335,28402.375,15.658548109965636,2025,10,5,True,False,False,2.3414518900343637,0.0
2025-10-05,41487.354166666664,48331.0,34397.0,9026.291666666666,3819.9791666666665,30580.9375,12.875536941580755,2025,10,6,True,False,False,5.124463058419245,0.0
2025-10-06,47072.75,54083.0,36272.0,2886.6041666666665,4852.625,42266.6875,12.650021477663232,2025,10,0,False,False,True,5.349978522336768,0.0
2025-10-07,47101.729166666664,53556.0,37754.0,1220.5208333333333,4931.5625,42050.708333333336,14.005841924398627,2025,10,1,False,False,True,3.994158075601373,0.0
2025-10-08,47023.041666666664,54030.0,37211.0,1087.3958333333333,4370.666666666667,42413.5625,14.031335910652924,2025,10,2,False,False,True,3.968664089347076,0.0
2025-10-09,46880.0625,52895.0,36992.0,2214.4375,2669.7291666666665,42099.791666666664,14.724742268041238,2025,10,3,False,False,True,3.275257731958762,0.0
2025-10-10,46926.9375,53852.0,37212.0,2645.0625,4347.895833333333,42043.854166666664,14.13638316151203,2025,10,4,False,False,True,3.863616838487969,0.0
2025-10-11,42421.291666666664,49989.0,35435.0,3586.5208333333335,4532.833333333333,40012.166666666664,14.259707903780068,2025,10,5,True,False,False,3.7402920962199318,0.0
2025-10-12,40856.270833333336,48442.0,33929.0,5138.395833333333,4887.020833333333,38351.708333333336,14.102319587628866,2025,10,6,True,False,False,3.897680412371134,0.0
2025-10-13,46361.395833333336,53649.0,35425.0,6464.125,4125.083333333333,39310.604166666664,13.970597079037802,2025,10,0,False,False,True,4.029402920962198,0.0
2025-10-14,47124.75,53309.0,37210.0,5914.291666666667,3519.5416666666665,39736.75,14.1990764604811,2025,10,1,False,False,True,3.8009235395189,0.0
2025-10-15,47696.333333333336,54350.0,37834.0,5016.291666666667,3773.9791666666665,41280.9375,13.379875429553266,2025,10,2,False,False,True,4.620124570446734,0.0
2025-10-16,48191.229166666664,54260.0,38458.0,4596.791666666667,4070.0625,42254.6875,12.95358676975945,2025,10,3,False,False,True,5.0464132302405496,0.0
2025-10-17,48073.833333333336,54351.0,39145.0,4607.375,4259.208333333333,42095.145833333336,12.693535223367697,2025,10,4,False,False,True,5.306464776632303,0.0
2025-10-18,44268.833333333336,51081.0,37463.0,4941.8125,4533.020833333333,41015.708333333336,12.393213058419244,2025,10,5,True,False,False,5.606786941580756,0.0
2025-10-19,43027.458333333336,50023.0,35839.0,9436.208333333334,1831.8333333333333,40878.229166666664,13.537263745704466,2025,10,6,True,False,False,4.4627362542955336,0.0
2025-10-20,47487.083333333336,55408.0,36319.0,14270.854166666666,2217.0416666666665,40344.229166666664,15.352126288659791,2025,10,0,False,False,True,2.6478737113402087,0.0
2025-10-21,47906.520833333336,54446.0,38030.0,9968.958333333334,1865.0833333333333,42771.458333333336,14.654725085910655,2025,10,1,False,False,True,3.3452749140893445,0.0
2025-10-22,47665.6875,54204.0,37770.0,5791.5625,2063.7916666666665,43730.791666666664,15.594695017182133,2025,10,2,False,False,True,2.405304982817867,0.0
2025-10-23,49146.5,56583.0,37777.0,17653.5625,2274.7083333333335,37316.75,13.814003436426116,2025,10,3,False,False,True,4.185996563573884,0.0
2025-10-24,50656.9375,57037.0,41599.0,13351.333333333334,2867.3333333333335,40520.479166666664,10.728221649484537,2025,10,4,False,False,True,7.271778350515463,0.0
2025-10-25,46235.8125,52140.0,39427.0,10985.270833333334,2111.5833333333335,36302.020833333336,11.684085051546392,2025,10,5,True,False,False,6.315914948453608,0.0
2025-10-26,45680.645833333336,52424.0,37883.0,10597.708333333334,3026.75,33602.604166666664,9.895962199312715,2025,10,6,True,False,False,8.104037800687285,0.0
2025-10-27,51462.958333333336,58557.0,40963.0,15409.916666666666,2095.75,40030.041666666664,11.610975085910654,2025,10,0,False,False,True,6.389024914089346,0.0
2025-10-28,50861.645833333336,57324.0,41736.0,9673.375,2693.7708333333335,43464.354166666664,12.82762027491409,2025,10,1,False,False,True,5.172379725085911,0.0
2025-10-29,51348.458333333336,58116.0,41294.0,7045.520833333333,1303.9791666666667,45562.520833333336,12.541988831615122,2025,10,2,False,False,True,5.458011168384878,0.0
2025-10-30,50887.604166666664,57113.0,41523.0,6187.333333333333,3368.0208333333335,46205.5,12.514884020618554,2025,10,3,False,False,True,5.485115979381446,0.0
2025-10-31,50251.6875,56333.0,42201.0,11553.583333333334,2288.6666666666665,43545.625,13.01426116838488,2025,10,4,False,False,True,4.985738831615119,0.0
2025-11-01,44537.75,51115.0,37410.0,12161.208333333334,1259.7708333333333,39284.875,14.921005154639175,2025,11,5,True,True,False,3.0789948453608247,0.0
2025-11-02,44470.333333333336,51974.0,36123.0,10257.25,2085.9375,39608.875,12.41958762886598,2025,11,6,True,False,False,5.58041237113402,0.0
2025-11-03,50560.958333333336,57619.0,40219.0,8408.395833333334,2884.9166666666665,44234.770833333336,11.59989261168385,2025,11,0,False,False,True,6.400107388316149,0.0
2025-11-04,51121.1875,57546.0,41711.0,9925.270833333334,3491.8333333333335,42853.5,12.12487113402062,2025,11,1,False,False,True,5.875128865979381,0.0
2025-11-05,50880.583333333336,57446.0,41906.0,11774.3125,2721.0625,42787.291666666664,13.631250000000001,2025,11,2,False,False,True,4.368749999999999,0.0
2025-11-06,50660.270833333336,57634.0,40502.0,5249.166666666667,1446.625,45701.0625,12.854660652920963,2025,11,3,False,False,True,5.145339347079037,0.0
2025-11-07,50946.9375,56613.0,41746.0,3682.8333333333335,2291.5625,47136.9375,11.631743986254296,2025,11,4,False,False,True,6.368256013745704,0.0
2025-11-08,47344.9375,53482.0,40256.0,1801.1666666666667,2274.4375,46777.145833333336,10.7296176975945,2025,11,5,True,False,False,7.270382302405499,0.0
2025-11-09,46644.104166666664,52976.0,39804.0,3448.8333333333335,2624.4791666666665,45055.583333333336,10.012671821305842,2025,11,6,True,False,False,7.987328178694158,0.0
2025-11-10,51001.6875,57321.0,41863.0,8039.5,2345.5416666666665,46742.208333333336,9.641516323024058,2025,11,0,False,False,True,8.358483676975942,0.0
2025-11-11,48457.0625,54884.0,41806.0,9675.583333333334,3197.5625,44254.916666666664,10.838638316151203,2025,11,1,False,True,False,7.1613616838487975,0.0
2025-11-12,52067.3125,58774.0,42306.0,12557.354166666666,2542.8958333333335,43277.291666666664,13.0856529209622,2025,11,2,False,False,True,4.9143470790378,0.0
2025-11-13,50764.0625,56757.0,41878.0,10204.9375,2022.1875,45274.270833333336,15.057646048109964,2025,11,3,False,False,True,2.942353951890036,0.0
2025-11-14,49523.020833333336,55616.0,40001.0,11178.958333333334,1046.8333333333333,45680.770833333336,15.828221649484538,2025,11,4,False,False,True,2.1717783505154618,0.0
2025-11-15,45244.833333333336,51852.0,37525.0,3333.7291666666665,2217.5625,46263.875,13.548389175257732,2025,11,5,True,False,False,4.451610824742268,0.0
2025-11-16,45224.958333333336,52246.0,37344.0,2983.6041666666665,1628.1875,45708.75,11.631615120274915,2025,11,6,True,False,False,6.368384879725085,0.0
2025-11-17,53741.770833333336,63637.0,40784.0,6701.270833333333,1826.2916666666667,49284.979166666664,8.69725085910653,2025,11,0,False,False,True,9.30274914089347,0.0
2025-11-18,60753.041666666664,68608.0,49938.0,4184.125,2952.1458333333335,49744.5625,4.376975945017183,2025,11,1,False,False,True,13.623024054982817,0.0
2025-11-19,63332.645833333336,71599.0,52626.0,11977.875,1862.4583333333333,48960.854166666664,4.559085051546392,2025,11,2,False,False,True,13.440914948453608,0.0
2025-11-20,66196.29166666667,75166.0,54836.0,5983.375,2072.9583333333335,49623.270833333336,3.5251718213058423,2025,11,3,False,False,True,14.474828178694157,0.0
2025-11-21,69764.20833333333,76164.0,59414.0,4894.125,1920.9583333333333,49474.229166666664,1.9987757731958764,2025,11,4,False,False,True,16.001224226804123,0.0
2025-11-22,68052.04166666667,73905.0,60760.0,6999.75,2654.6875,50597.208333333336,0.801159793814433,2025,11,5,True,False,False,17.198840206185565,0.0
2025-11-23,63634.25,69978.0,58178.0,10523.395833333334,1137.3541666666667,51405.4375,3.8490764604811,2025,11,6,True,False,False,14.1509235395189,0.0
2025-11-24,63130.270833333336,70856.0,51662.0,9286.458333333334,1138.6666666666667,51870.020833333336,8.11973797250859,2025,11,0,False,False,True,9.88026202749141,0.0
2025-11-25,64628.125,73110.0,53172.0,11100.083333333334,1656.7291666666667,50881.770833333336,6.502878006872853,2025,11,1,False,False,True,11.497121993127147,0.0
2025-11-26,67004.02083333333,74604.0,56279.0,4483.916666666667,2016.1041666666667,52017.8125,4.897573024054982,2025,11,2,False,False,True,13.102426975945018,0.0
2025-11-27,68040.41666666667,74433.0,58762.0,7771.583333333333,2175.2083333333335,51927.1875,4.795103092783506,2025,11,3,False,False,True,13.204896907216494,0.0
2025-11-28,64650.666666666664,70890.0,56350.0,7473.1875,1467.0833333333333,51010.0,6.671563573883161,2025,11,4,False,False,True,11.328436426116838,0.0
2025-11-29,57209.416666666664,62103.0,50823.0,8987.583333333334,1829.6458333333333,50404.791666666664,7.911146907216495,2025,11,5,True,False,False,10.088853092783506,0.0
2025-11-30,55892.6875,63623.0,47669.0,4491.5,1678.1875,50383.604166666664,7.15547680412371,2025,11,6,True,False,False,10.84452319587629,0.0
2025-12-01,65382.75,73341.0,54115.0,12405.125,2074.5416666666665,52188.895833333336,5.216365979381443,2025,12,0,False,False,True,12.783634020618557,0.0
2025-12-02,64187.541666666664,70161.0,54695.0,9141.020833333334,932.7083333333334,51174.895833333336,7.505927835051546,2025,12,1,False,False,True,10.494072164948454,0.0
2025-12-03,63540.4375,70915.0,52416.0,2956.375,1206.0208333333333,52628.083333333336,7.147422680412372,2025,12,2,False,False,True,10.852577319587628,0.0
2025-12-04,64442.333333333336,71617.0,53818.0,8884.770833333334,1048.0625,51580.291666666664,6.19553264604811,2025,12,3,False,False,True,11.804467353951889,0.0
2025-12-05,65971.39583333333,72846.0,55906.0,7422.375,1558.1666666666667,52913.416666666664,5.279789518900344,2025,12,4,False,False,True,12.720210481099656,0.0
2025-12-06,58015.833333333336,63666.0,51835.0,16168.9375,1044.3333333333333,49634.625,9.103071305841924,2025,12,5,True,False,False,8.896928694158076,0.0
2025-12-07,53044.229166666664,58954.0,45974.0,14699.125,968.7291666666666,48013.5625,11.487800687285224,2025,12,6,True,False,False,6.512199312714776,0.0
2025-12-08,55801.854166666664,62908.0,44831.0,11210.4375,1929.5,50678.020833333336,12.189153780068727,2025,12,0,False,False,True,5.810846219931273,0.0
2025-12-09,56571.958333333336,62786.0,46969.0,13211.854166666666,1926.1875,50766.0,11.555390893470792,2025,12,1,False,False,True,6.444609106529208,0.0
2025-12-10,56390.1875,63636.0,45538.0,5011.520833333333,821.6041666666666,52448.1875,11.557624570446736,2025,12,2,False,False,True,6.442375429553264,0.0
2025-12-11,58872.208333333336,65541.0,48050.0,3526.0416666666665,955.4375,53513.354166666664,9.085846219931272,2025,12,3,False,False,True,8.914153780068728,0.0
2025-12-12,57906.166666666664,63689.0,48495.0,3724.3125,1714.9166666666667,53606.208333333336,9.65899914089347,2025,12,4,False,False,True,8.34100085910653,0.0
2025-12-13,54622.791666666664,60109.0,47379.0,520.5208333333334,1939.5,53422.9375,8.103737113402062,2025,12,5,True,False,False,9.896262886597938,0.0
2025-12-14,55245.666666666664,62275.0,47666.0,3431.5,1681.9375,53639.5,6.9199527491408945,2025,12,6,True,False,False,11.080047250859106,0.0
2025-12-15,60564.625,67520.0,50149.0,10730.395833333334,1404.1666666666667,52421.270833333336,8.587800687285224,2025,12,0,False,False,True,9.412199312714776,0.0
2025-12-16,59021.458333333336,65292.0,48976.0,5090.9375,1351.8958333333333,51784.4375,9.172143470790378,2025,12,1,False,False,True,8.827856529209622,0.0
2025-12-17,59965.708333333336,66937.0,49563.0,3782.2708333333335,1313.8958333333333,52417.125,7.588552405498282,2025,12,2,False,False,True,10.411447594501718,0.0
2025-12-18,59323.291666666664,65070.0,50977.0,16376.395833333334,1905.625,51400.3125,10.066688144329897,2025,12,3,False,False,True,7.933311855670103,0.0
2025-12-19,56539.229166666664,62029.0,46452.0,5770.645833333333,648.3958333333334,52422.229166666664,10.626052405498283,2025,12,4,False,False,True,7.3739475945017166,0.0
2025-12-20,53487.333333333336,60093.0,45869.0,3776.2916666666665,805.8333333333334,54421.916666666664,9.165184707903782,2025,12,5,True,False,False,8.834815292096218,0.0
2025-12-21,51367.645833333336,57764.0,43469.0,7017.416666666667,845.5208333333334,53003.041666666664,9.58047680412371,2025,12,6,True,False,False,8.41952319587629,0.0
2025-12-22,57559.875,65214.0,45981.0,6114.5,706.0416666666666,54518.520833333336,7.610030068728523,2025,12,0,False,False,True,10.389969931271477,0.0
2025-12-23,60645.895833333336,68050.0,49491.0,6226.979166666667,697.9583333333334,54767.375,5.471971649484536,2025,12,1,False,False,True,12.528028350515463,0.0
2025-12-24,62357.541666666664,69637.0,52054.0,17688.458333333332,919.1458333333334,53855.583333333336,4.125536941580755,2025,12,2,False,False,True,13.874463058419245,0.0
2025-12-25,60971.020833333336,64871.0,55678.0,10861.729166666666,1577.7083333333333,54499.958333333336,1.9653780068728526,2025,12,3,False,True,False,16.034621993127146,0.0
2025-12-26,65034.833333333336,71109.0,56647.0,6867.3125,1670.7291666666667,55264.625,2.510459621993127,2025,12,4,False,False,True,15.489540378006872,0.0
2025-12-27,64343.020833333336,69629.0,57888.0,7622.791666666667,1987.7083333333333,55220.5625,3.3625644329896907,2025,12,5,True,False,False,14.637435567010309,0.0
2025-12-28,63636.0,69394.0,57432.0,8027.770833333333,2304.8125,54980.645833333336,2.993878865979381,2025,12,6,True,False,False,15.006121134020619,0.0
2025-12-29,68417.20833333333,75295.0,59700.0,4543.708333333333,1972.6458333333333,55348.041666666664,1.4385094501718212,2025,12,0,False,False,True,16.56149054982818,0.0
2025-12-30,68960.875,75673.0,60270.0,9309.541666666666,1809.1041666666667,55660.666666666664,1.8888745704467356,2025,12,1,False,False,True,16.111125429553265,0.0
2025-12-31,70048.27083333333,75909.0,62862.0,4782.6875,2434.0625,55882.020833333336,0.3881872852233676,2025,12,2,False,False,True,17.611812714776633,0.0
2026-01-01,67919.95833333333,72088.0,64271.0,6588.291666666667,1973.375,53917.354166666664,0.14037800687285232,2026,1,3,False,True,False,17.85962199312715,0.0
2026-01-02,70164.875,76652.0,61430.0,7271.229166666667,1665.125,53756.541666666664,1.2538230240549828,2026,1,4,False,False,True,16.746176975945016,0.0
2026-01-03,70199.75,76359.0,62920.0,5445.625,1829.5,53634.708333333336,0.16711769759450165,2026,1,5,True,False,False,17.832882302405498,0.0
2026-01-04,71302.22916666667,79150.0,64352.0,2566.9166666666665,2635.6666666666665,53890.958333333336,-0.7149914089347079,2026,1,6,True,False,False,18.714991408934708,0.0
2026-01-05,80680.33333333333,89626.0,68755.0,3293.7083333333335,1981.2291666666667,53325.416666666664,-1.7530498281786944,2026,1,0,False,False,True,19.753049828178696,0.0
2026-01-06,82566.35416666667,90224.0,72847.0,3679.5,1499.4791666666667,52811.375,-2.0143685567010308,2026,1,1,False,False,True,20.01436855670103,0.0
2026-01-07,81649.8125,88833.0,73513.0,10008.875,1283.2291666666667,53664.875,0.10335051546391757,2026,1,2,False,False,True,17.896649484536084,0.0
2026-01-08,74297.25,80393.0,65874.0,12409.958333333334,830.8541666666666,53435.666666666664,5.586640893470791,2026,1,3,False,False,True,12.41335910652921,0.0
2026-01-09,70588.04166666667,77401.0,59363.0,18517.3125,1150.2916666666667,51296.916666666664,6.7277491408934695,2026,1,4,False,False,True,11.272250859106531,0.0
2026-01-10,68042.95833333333,74267.0,60274.0,12664.5625,1680.2083333333333,51557.958333333336,4.1635953608247425,2026,1,5,True,False,False,13.836404639175257,0.0
2026-01-11,67510.75,74280.0,60683.0,8403.25,2226.0,51707.104166666664,2.803758591065292,2026,1,6,True,False,False,15.196241408934707,0.0
2026-01-12,69113.72916666667,75702.0,59754.0,14506.083333333334,1373.0,51255.854166666664,7.0428694158075595,2026,1,0,False,False,True,10.957130584192441,0.0
2026-01-13,64711.583333333336,71605.0,55587.0,9865.791666666666,1654.0,51303.0625,9.503758591065292,2026,1,1,False,False,True,8.496241408934708,0.0
2026-01-14,62371.354166666664,68592.0,52545.0,6691.854166666667,1520.7291666666667,51318.833333333336,9.783676975945015,2026,1,2,False,False,True,8.216323024054985,0.0
2026-01-15,62305.479166666664,69324.0,52331.0,13899.25,2039.2291666666667,49905.145833333336,9.703522336769758,2026,1,3,False,False,True,8.296477663230242,0.0
2026-01-16,61858.395833333336,68228.0,52053.0,8009.75,1136.2916666666667,49869.541666666664,9.119372852233678,2026,1,4,False,False,True,8.880627147766322,0.0
2026-01-17,57490.8125,64031.0,49623.0,4458.104166666667,940.6041666666666,49532.875,8.173711340206186,2026,1,5,True,False,False,9.826288659793814,0.0
2026-01-18,56064.520833333336,63386.0,48104.0,4779.145833333333,1164.4791666666667,49922.6875,7.556980240549827,2026,1,6,True,False,False,10.443019759450173,0.0
2026-01-19,63532.3125,71274.0,51559.0,3669.1666666666665,1023.375,50316.541666666664,6.4299613402061855,2026,1,0,False,False,True,11.570038659793815,0.0
2026-01-20,65300.104166666664,72803.0,54141.0,8594.979166666666,1646.9791666666667,50244.979166666664,6.257860824742269,2026,1,1,False,False,True,11.74213917525773,0.0
2026-01-21,65108.708333333336,71848.0,55692.0,15635.375,2047.9166666666667,50116.75,7.379982817869415,2026,1,2,False,False,True,10.620017182130585,0.0
2026-01-22,64166.916666666664,71250.0,53520.0,10548.208333333334,1495.8333333333333,49409.1875,7.218900343642611,2026,1,3,False,False,True,10.781099656357389,0.0
2026-01-23,65775.875,71953.0,55400.0,12354.895833333334,1611.0625,50561.270833333336,6.201073883161512,2026,1,4,False,False,True,11.798926116838487,0.0
2026-01-24,62563.229166666664,68794.0,55289.0,8961.416666666666,1759.4583333333333,50952.708333333336,4.925365120274914,2026,1,5,True,False,False,13.074634879725085,0.0
2026-01-25,61036.5,67958.0,53644.0,5745.104166666667,1597.4791666666667,52197.541666666664,4.935008591065292,2026,1,6,True,False,False,13.06499140893471,0.0
2026-01-26,66830.66666666667,74285.0,55766.0,4016.2083333333335,2018.875,53199.625,5.287177835051547,2026,1,0,False,False,True,12.712822164948452,0.0
2026-01-27,67613.20833333333,74447.0,57270.0,12462.708333333334,679.6666666666666,52586.1875,6.569609106529211,2026,1,1,False,False,True,11.43039089347079,0.0
2026-01-28,67352.04166666667,74401.0,56566.0,2570.9375,2006.5416666666667,53275.583333333336,5.7524914089347075,2026,1,2,False,False,True,12.247508591065293,0.0
2026-01-29,68645.47916666667,75578.0,58441.0,3694.75,1961.2916666666667,50448.25,5.136490549828179,2026,1,3,False,False,True,12.863509450171822,0.0
2026-01-30,65949.04166666667,72878.0,57150.0,10245.625,2161.0416666666665,50354.3125,7.142933848797251,2026,1,4,False,False,True,10.857066151202748,0.0
2026-01-31,60249.395833333336,67193.0,53237.0,4460.604166666667,2066.625,47753.333333333336,6.938853092783505,2026,1,5,True,False,False,11.061146907216495,0.0
2026-02-01,57461.354166666664,64111.0,50590.0,5922.791666666667,1852.4375,47711.416666666664,7.277878006872852,2026,2,6,True,False,False,10.722121993127148,0.0
2026-02-02,63571.125,70924.0,52304.0,7132.4375,1606.375,49166.979166666664,7.74274054982818,2026,2,0,False,False,True,10.25725945017182,0.0
2026-02-03,63118.666666666664,69901.0,53016.0,10048.041666666666,2605.875,50322.5625,8.075687285223367,2026,2,1,False,False,True,9.924312714776633,0.0
2026-02-04,64342.75,71497.0,54510.0,10195.583333333334,2173.4166666666665,50831.041666666664,7.024183848797251,2026,2,2,False,False,True,10.97581615120275,0.0
2026-02-05,63487.125,69841.0,53738.0,9975.645833333334,1293.8958333333333,50619.458333333336,8.13483676975945,2026,2,3,False,False,True,9.86516323024055,0.0
2026-02-06,60883.416666666664,67436.0,52120.0,10211.291666666666,2677.9375,50116.395833333336,9.082366838487971,2026,2,4,False,False,True,8.917633161512029,0.0
2026-02-07,56698.854166666664,61403.0,50614.0,8369.1875,3222.1875,48529.395833333336,8.196778350515466,2026,2,5,True,False,False,9.803221649484534,0.0
2026-02-08,55854.1875,61896.0,49486.0,2416.875,2732.6875,50752.416666666664,7.152534364261168,2026,2,6,True,False,False,10.847465635738832,0.0
2026-02-09,62591.583333333336,69772.0,52002.0,7130.3125,2177.3541666666665,50842.145833333336,6.871971649484536,2026,2,0,False,False,True,11.128028350515464,0.0
2026-02-10,61690.5,68051.0,51627.0,10737.645833333334,823.0625,50459.770833333336,9.703436426116838,2026,2,1,False,False,True,8.296563573883162,0.0
2026-02-11,59790.375,67082.0,49644.0,16427.166666666668,1808.1666666666667,46494.791666666664,11.36694587628866,2026,2,2,False,False,True,6.633054123711339,0.0
2026-02-12,59999.229166666664,67890.0,48669.0,16416.5625,1680.5,47267.208333333336,10.225493986254298,2026,2,3,False,False,True,7.774506013745702,0.0
2026-02-13,61299.041666666664,67110.0,50919.0,5534.4375,1226.9583333333333,51569.75,8.273926116838489,2026,2,4,False,False,True,9.726073883161511,0.0
2026-02-14,60842.854166666664,68255.0,50867.0,11894.0625,1633.2916666666667,46746.145833333336,5.826589347079038,2026,2,5,True,False,False,12.173410652920962,0.0
2026-02-15,62789.375,69711.0,56347.0,12093.645833333334,1488.4791666666667,48535.4375,4.508225945017183,2026,2,6,True,False,False,13.491774054982816,0.0
2026-02-16,63929.875,72175.0,52376.0,15919.145833333334,1710.2083333333333,48003.75,8.760953608247425,2026,2,0,False,False,True,9.239046391752575,0.0
2026-02-17,64226.833333333336,70779.0,55086.0,8974.4375,2663.0,50216.25,7.312414089347079,2026,2,1,False,False,True,10.68758591065292,0.0
2026-02-18,65252.791666666664,71416.0,55628.0,11781.645833333334,2502.9375,50463.416666666664,7.464798109965637,2026,2,2,False,False,True,10.535201890034363,0.0
2026-02-19,64375.395833333336,71123.0,53837.0,11620.229166666666,1730.4166666666667,49564.270833333336,8.259128006872851,2026,2,3,False,False,True,9.740871993127149,0.0
2026-02-20,63041.166666666664,69138.0,54294.0,9434.9375,2644.9583333333335,50611.354166666664,8.45719501718213,2026,2,4,False,False,True,9.54280498281787,0.0
2026-02-21,55004.1875,59957.0,49366.0,12385.416666666666,2919.1875,44974.645833333336,10.404746563573884,2026,2,5,True,False,False,7.595253436426116,0.0
2026-02-22,51892.604166666664,57726.0,45461.0,11005.541666666666,2777.9166666666665,43543.395833333336,10.402469931271476,2026,2,6,True,False,False,7.597530068728524,0.0
2026-02-23,56165.25,62197.0,46490.0,9399.5,3125.0625,47720.041666666664,10.924935567010309,2026,2,0,False,False,True,7.0750644329896915,0.0
2026-02-24,54681.104166666664,60912.0,46377.0,5177.5,4611.645833333333,48083.6875,11.876997422680414,2026,2,1,False,False,True,6.1230025773195855,0.0
2026-02-25,53951.6875,60725.0,45801.0,4654.3125,4518.458333333333,48642.291666666664,11.625622852233677,2026,2,2,False,False,True,6.374377147766323,0.0
2026-02-26,53142.75,58960.0,44887.0,6073.6875,4477.895833333333,47640.708333333336,11.596134020618557,2026,2,3,False,False,True,6.403865979381443,0.0
2026-02-27,53784.541666666664,58927.0,45353.0,10588.1875,3377.6875,45228.520833333336,11.142139175257732,2026,2,4,False,False,True,6.857860824742268,0.0
2026-02-28,50872.520833333336,56146.0,43899.0,9454.895833333334,2870.5,41273.1875,9.912478522336771,2026,2,5,True,False,False,8.087521477663229,0.0
2026-03-01,50704.541666666664,56191.0,45421.0,6295.791666666667,4219.520833333333,41535.5625,8.816237113402062,2026,3,6,True,False,False,9.183762886597938,0.0
2026-03-02,54745.666666666664,62209.0,46717.0,7662.25,4839.666666666667,42563.333333333336,10.374119415807558,2026,3,0,False,False,True,7.625880584192442,0.0
2026-03-03,54221.916666666664,61124.0,46984.0,2704.25,4242.1875,44536.166666666664,10.853758591065292,2026,3,1,False,False,True,7.146241408934708,0.0
2026-03-04,53503.458333333336,60763.0,46159.0,3548.3125,5178.645833333333,46109.895833333336,11.160051546391754,2026,3,2,False,False,True,6.839948453608246,0.0
2026-03-05,53166.020833333336,59003.0,45237.0,5551.166666666667,3551.2916666666665,46815.5625,11.654209621993127,2026,3,3,False,False,True,6.345790378006873,0.0
2026-03-06,52835.9375,58220.0,44346.0,2422.0208333333335,2375.4583333333335,46838.104166666664,12.087628865979383,2026,3,4,False,False,True,5.912371134020617,0.0
2026-03-07,48422.479166666664,53075.0,42555.0,2208.5625,3472.0833333333335,46043.541666666664,11.93221649484536,2026,3,5,True,False,False,6.06778350515464,0.0
2026-03-08,46939.875,52580.0,41072.0,1225.8958333333333,4101.333333333333,45413.708333333336,11.004059278350518,2026,3,6,True,False,False,6.995940721649482,0.0
2026-03-09,51839.333333333336,58274.0,42490.0,1359.7916666666667,3672.5625,46813.208333333336,11.189926975945017,2026,3,0,False,False,True,6.810073024054983,0.0
2026-03-10,52858.833333333336,58954.0,43857.0,3064.0416666666665,3484.3541666666665,47359.5625,10.794136597938145,2026,3,1,False,False,True,7.205863402061855,0.0
2026-03-11,54619.5625,61484.0,44702.0,11918.104166666666,2580.2083333333335,44695.5,10.538659793814434,2026,3,2,False,False,True,7.461340206185566,0.0
2026-03-12,55787.958333333336,61709.0,47851.0,9175.729166666666,4161.458333333333,45557.5,9.610524054982818,2026,3,3,False,False,True,8.389475945017182,0.0
2026-03-13,56515.770833333336,62043.0,47915.0,12464.145833333334,3486.8333333333335,42763.3125,9.485395189003436,2026,3,4,False,False,True,8.514604810996564,0.0
2026-03-14,54317.770833333336,59739.0,47280.0,5301.416666666667,3925.7708333333335,45219.479166666664,7.139518900343641,2026,3,5,True,False,False,10.860481099656358,0.0
2026-03-15,54199.104166666664,58497.0,48851.0,5693.791666666667,5858.5625,43556.375,6.7727663230240545,2026,3,6,True,False,False,11.227233676975946,0.0
2026-03-16,57200.291666666664,63293.0,48608.0,7655.104166666667,3813.5833333333335,45541.395833333336,8.660738831615122,2026,3,0,False,False,True,9.339261168384878,0.0
2026-03-17,54709.0625,62376.0,48823.0,4378.666666666667,5839.375,44931.3125,10.459471649484538,2026,3,1,False,False,True,7.540528350515462,0.0
2026-03-18,53473.5625,59007.0,45752.0,11592.3125,5235.416666666667,42941.729166666664,10.86524914089347,2026,3,2,False,False,True,7.13475085910653,0.0
2026-03-19,53154.604166666664,59571.0,46345.0,8540.5,5887.708333333333,42842.6875,10.61881443298969,2026,3,3,False,False,True,7.381185567010309,0.0
2026-03-20,52487.166666666664,60221.0,46501.0,4199.083333333333,6855.729166666667,44479.395833333336,10.07341065292096,2026,3,4,False,False,True,7.926589347079039,0.0
2026-03-21,48296.083333333336,52698.0,43320.0,3878.6666666666665,6899.770833333333,43462.0,9.921670962199313,2026,3,5,True,False,False,8.078329037800687,0.0
2026-03-22,47539.770833333336,53903.0,41340.0,3271.4791666666665,4123.708333333333,42184.958333333336,9.485481099656358,2026,3,6,True,False,False,8.514518900343642,0.0
2026-03-23,53155.4375,60393.0,45123.0,1068.1041666666667,6006.25,44090.458333333336,9.460266323024054,2026,3,0,False,False,True,8.539733676975946,0.0
2026-03-24,52788.333333333336,59745.0,46293.0,5427.75,6009.291666666667,43659.75,10.479145189003438,2026,3,1,False,False,True,7.520854810996562,0.0
2026-03-25,55467.833333333336,63765.0,44992.0,14004.5625,3876.0625,42838.8125,8.99359965635739,2026,3,2,False,False,True,9.00640034364261,0.0
2026-03-26,59402.5,65360.0,51327.0,8478.479166666666,5117.166666666667,45719.0,6.096305841924399,2026,3,3,False,False,True,11.903694158075602,0.0
2026-03-27,59785.354166666664,66039.0,53290.0,3832.9166666666665,6363.708333333333,45862.020833333336,6.1221219931271476,2026,3,4,False,False,True,11.877878006872852,0.0
2026-03-28,54861.125,59053.0,49449.0,10266.020833333334,4108.041666666667,42693.458333333336,6.80975085910653,2026,3,5,True,False,False,11.19024914089347,0.0
2026-03-29,53724.625,58607.0,48116.0,7606.791666666667,6362.458333333333,42850.833333333336,6.872229381443299,2026,3,6,True,False,False,11.127770618556701,0.0
2026-03-30,57035.645833333336,63330.0,47763.0,12890.666666666666,4293.666666666667,43982.458333333336,8.805756013745706,2026,3,0,False,False,True,9.194243986254294,0.0
2026-03-31,57769.5625,64349.0,48796.0,4787.979166666667,4674.6875,46984.083333333336,8.438359106529209,2026,3,1,False,False,True,9.561640893470791,0.0
2026-04-01,57534.270833333336,63248.0,48565.0,3620.0208333333335,3715.2916666666665,46882.083333333336,9.233225945017182,2026,4,2,False,False,True,8.766774054982818,0.0
2026-04-02,57106.479166666664,63885.0,49458.0,3673.5833333333335,5129.041666666667,46333.854166666664,9.308741408934708,2026,4,3,False,False,True,8.691258591065292,0.0
2026-04-03,56226.166666666664,63056.0,49101.0,8098.854166666667,4538.104166666667,44235.0625,10.035094501718214,2026,4,4,False,False,True,7.9649054982817855,0.0
2026-04-04,47607.375,54039.0,42842.0,7528.583333333333,5687.604166666667,38433.0625,13.637865120274915,2026,4,5,True,False,False,4.362134879725085,0.0
2026-04-05,43513.270833333336,48357.0,38603.0,6595.520833333333,4908.479166666667,34493.4375,13.776696735395191,2026,4,6,True,False,False,4.223303264604809,0.0
2026-04-06,43926.229166666664,48580.0,39125.0,2495.2291666666665,6022.895833333333,38104.854166666664,13.548646907216494,2026,4,0,False,True,False,4.451353092783506,0.0
2026-04-07,46871.6875,53154.0,37750.0,5526.520833333333,6325.708333333333,40599.708333333336,15.440034364261168,2026,4,1,False,False,True,2.5599656357388323,0.0
2026-04-08,46502.229166666664,51629.0,37961.0,2395.8541666666665,6350.520833333333,44099.541666666664,16.221885738831617,2026,4,2,False,False,True,1.7781142611683833,0.0
2026-04-09,46207.645833333336,51187.0,37348.0,2851.0,6303.125,42826.354166666664,16.714497422680413,2026,4,3,False,False,True,1.285502577319587,0.0
2026-04-10,46180.4375,52607.0,37046.0,3883.3333333333335,6503.666666666667,41085.229166666664,14.681486254295534,2026,4,4,False,False,True,3.3185137457044664,0.0
2026-04-11,42707.416666666664,47872.0,35761.0,7431.145833333333,2895.0625,35068.0625,13.601310137457045,2026,4,5,True,False,False,4.398689862542955,0.0
2026-04-12,43874.895833333336,49774.0,36846.0,3755.1875,3174.8541666666665,37398.416666666664,10.00985824742268,2026,4,6,True,False,False,7.990141752577321,0.0
2026-04-13,51218.229166666664,58031.0,40631.0,1903.0416666666667,4070.4791666666665,43442.8125,9.136254295532646,2026,4,0,False,False,True,8.863745704467354,0.0
2026-04-14,51337.520833333336,57942.0,44118.0,3220.2708333333335,6348.4375,41866.375,10.736812714776633,2026,4,1,False,False,True,7.263187285223367,0.0
2026-04-15,49275.625,54598.0,41763.0,4674.1875,5837.5625,40735.25,13.030262027491409,2026,4,2,False,False,True,4.969737972508591,0.0
2026-04-16,47680.791666666664,52987.0,39529.0,1924.3541666666667,6989.479166666667,41692.8125,14.468470790378007,2026,4,3,False,False,True,3.5315292096219935,0.0
2026-04-17,46491.208333333336,52150.0,38803.0,1108.1666666666667,7064.083333333333,42765.6875,15.601503436426118,2026,4,4,False,False,True,2.3984965635738824,0.0
2026-04-18,41536.645833333336,46477.0,35808.0,2041.5,5840.958333333333,39471.395833333336,15.712220790378007,2026,4,5,True,False,False,2.287779209621993,0.0
2026-04-19,40090.645833333336,45536.0,33880.0,4015.3125,5643.770833333333,38482.708333333336,14.655584192439862,2026,4,6,True,False,False,3.3444158075601376,0.0
2026-04-20,45671.333333333336,51923.0,35931.0,6372.6875,7222.895833333333,40911.041666666664,13.911254295532645,2026,4,0,False,False,True,4.088745704467355,0.0
2026-04-21,47216.229166666664,52505.0,38681.0,8826.333333333334,6356.9375,40826.979166666664,13.780068728522336,2026,4,1,False,False,True,4.219931271477664,0.0
2026-04-22,47423.583333333336,53024.0,39348.0,10790.541666666666,4746.854166666667,39118.083333333336,14.4025558419244,2026,4,2,False,False,True,3.5974441580756,0.0
2026-04-23,46827.770833333336,51554.0,39309.0,7906.375,6315.833333333333,39991.5625,15.475365120274914,2026,4,3,False,False,True,2.5246348797250864,0.0
2026-04-24,45737.75,50922.0,38351.0,5494.145833333333,6789.1875,41041.3125,15.872723367697597,2026,4,4,False,False,True,2.1272766323024026,0.0
2026-04-25,41084.729166666664,46163.0,35557.0,2218.7291666666665,5267.541666666667,38472.729166666664,15.787371134020617,2026,4,5,True,False,False,2.212628865979383,0.0
2026-04-26,39280.8125,44439.0,33267.0,2386.1875,5753.4375,37218.4375,16.3930412371134,2026,4,6,True,False,False,1.606958762886599,0.0
2026-04-27,44450.625,50613.0,34532.0,2345.9583333333335,6388.0,42336.895833333336,16.659170962199315,2026,4,0,False,False,True,1.3408290378006846,0.0
2026-04-28,44944.333333333336,50230.0,35845.0,6175.0625,4497.104166666667,41963.625,16.051009450171822,2026,4,1,False,False,True,1.9489905498281779,0.0
2026-04-29,45277.145833333336,50634.0,36312.0,9334.916666666666,5016.583333333333,40799.5,16.885287800687284,2026,4,2,False,False,True,1.1147121993127165,0.0
2026-04-30,44578.708333333336,50179.0,36460.0,8613.083333333334,4583.791666666667,39170.0,17.270446735395193,2026,4,3,False,False,True,0.7295532646048066,0.0
2026-05-01,37770.0625,43467.0,32542.0,3530.5833333333335,5119.604166666667,36298.083333333336,17.50625,2026,5,4,False,True,False,0.4937499999999986,0.0
2026-05-02,38527.0625,43903.0,31644.0,3239.25,4431.3125,35896.0625,17.5930412371134,2026,5,5,True,False,False,0.4069587628865996,0.0
2026-05-03,38228.958333333336,44006.0,31126.0,3945.7708333333335,4113.958333333333,36599.145833333336,16.50979381443299,2026,5,6,True,False,False,1.4902061855670112,0.0
2026-05-04,44528.479166666664,51311.0,33540.0,1723.9375,3172.2708333333335,40470.354166666664,14.565700171821305,2026,5,0,False,False,True,3.4342998281786947,0.0
2026-05-05,45970.8125,51942.0,36093.0,4159.104166666667,3970.625,39381.1875,13.651546391752577,2026,5,1,False,False,True,4.348453608247423,0.0
2026-05-06,46844.041666666664,52902.0,37260.0,3889.5208333333335,4332.75,39899.645833333336,12.489024914089347,2026,5,2,False,False,True,5.510975085910653,0.0
2026-05-07,46549.25,51917.0,38268.0,822.6458333333334,6585.6875,39969.75,13.208419243986254,2026,5,3,False,False,True,4.791580756013746,0.0
2026-05-08,41159.833333333336,46188.0,35880.0,1996.7083333333333,7696.958333333333,38046.791666666664,14.731808419243986,2026,5,4,False,True,False,3.268191580756014,0.0
2026-05-09,39182.1875,43946.0,33221.0,4454.916666666667,6506.75,36467.520833333336,16.306486254295535,2026,5,5,True,False,False,1.6935137457044647,0.0
2026-05-10,38612.083333333336,43789.0,31444.0,6272.145833333333,3702.2291666666665,35179.270833333336,15.420210481099657,2026,5,6,True,False,False,2.579789518900343,0.0
2026-05-11,44742.25,50997.0,34210.0,6254.75,5243.8125,39136.0625,13.289540378006874,2026,5,0,False,False,True,4.710459621993126,0.0
2026-05-12,45960.729166666664,51295.0,37662.0,3133.2916666666665,6744.125,39868.625,12.089862542955327,2026,5,1,False,False,True,5.910137457044673,0.0
2026-05-13,46519.354166666664,52633.0,37158.0,9349.791666666666,4757.75,39513.770833333336,12.49469501718213,2026,5,2,False,False,True,5.50530498281787,0.0
2026-05-14,43797.520833333336,49519.0,37010.0,7300.520833333333,5138.354166666667,38943.479166666664,10.739604810996564,2026,5,3,False,True,False,7.260395189003436,0.0
2026-05-15,45793.6875,51754.0,38436.0,3792.9583333333335,6298.0625,39298.4375,9.902040378006873,2026,5,4,False,False,True,8.097959621993127,0.0
2026-05-16,43668.4375,48606.0,38276.0,2792.3125,5458.5625,37118.854166666664,10.97594501718213,2026,5,5,True,False,False,7.024054982817869,0.0
2026-05-17,41687.083333333336,46526.0,35851.0,3306.7083333333335,6051.895833333333,36923.208333333336,12.971842783505155,2026,5,6,True,False,False,5.028157216494845,0.0
2026-05-18,46622.75,52802.0,36377.0,2310.4583333333335,5438.104166666667,41020.145833333336,13.227426975945015,2026,5,0,False,False,True,4.772573024054985,0.0
2026-05-19,47064.145833333336,52682.0,38076.0,7609.8125,5491.479166666667,40125.333333333336,14.931207044673538,2026,5,1,False,False,True,3.0687929553264617,0.0
2026-05-20,46007.979166666664,51640.0,37397.0,5885.3125,5608.020833333333,41712.333333333336,16.98318298969072,2026,5,2,False,False,True,1.0168170103092784,0.0
2026-05-21,45471.270833333336,51043.0,36892.0,944.9166666666666,7487.25,41995.5625,18.486683848797252,2026,5,3,False,False,True,0.0,0.0
2026-05-22,44777.541666666664,50667.0,35650.0,1529.0416666666667,7792.604166666667,41282.916666666664,21.23307560137457,2026,5,4,False,False,True,0.0,0.0
2026-05-23,40191.854166666664,45195.0,33364.0,1461.2083333333333,6683.833333333333,36833.270833333336,22.87686855670103,2026,5,5,True,False,False,0.0,0.0
2026-05-24,38144.895833333336,43336.0,31086.0,2906.1666666666665,6532.375,34797.979166666664,24.275300687285224,2026,5,6,True,False,False,0.0,0.27530068728522394
2026-05-25,40442.125,46160.0,31859.0,3289.75,6786.791666666667,35904.916666666664,25.647938144329895,2026,5,0,False,True,False,0.0,1.6479381443298955
2026-05-26,45970.729166666664,52867.0,34159.0,1734.9375,7278.5625,40275.958333333336,26.001116838487974,2026,5,1,False,False,True,0.0,2.001116838487974
2026-05-27,46784.6875,53421.0,35878.0,1648.5,7985.020833333333,39718.3125,25.824656357388317,2026,5,2,False,False,True,0.0,1.8246563573883172
2026-05-28,47402.5625,53895.0,36375.0,2274.0,8250.833333333334,39927.979166666664,25.7948883161512,2026,5,3,False,False,True,0.0,1.7948883161512015
2026-05-29,47102.895833333336,53624.0,37065.0,1975.9791666666667,8040.479166666667,39940.25,25.486855670103093,2026,5,4,False,False,True,0.0,1.4868556701030933
2026-05-30,41970.395833333336,47297.0,34976.0,1377.9166666666667,6006.375,38410.5625,23.992719072164945,2026,5,5,True,False,False,0.0,0.0
2026-05-31,39028.479166666664,43863.0,32140.0,4575.416666666667,5239.145833333333,37170.479166666664,21.34540378006873,2026,5,6,True,False,False,0.0,0.0
2026-06-01,44331.854166666664,51151.0,33399.0,1694.9375,7786.3125,41450.3125,20.873711340206185,2026,6,0,False,False,True,0.0,0.0
2026-06-02,44593.208333333336,50836.0,34996.0,7495.5625,4297.729166666667,40839.791666666664,19.1189647766323,2026,6,1,False,False,True,0.0,0.0
2026-06-03,44389.1875,51025.0,34361.0,9699.5,4668.708333333333,37734.145833333336,17.83021907216495,2026,6,2,False,False,True,0.16978092783504906,0.0
2026-06-04,45024.770833333336,51150.0,35473.0,11904.958333333334,3510.7083333333335,37624.541666666664,16.882517182130584,2026,6,3,False,False,True,1.1174828178694156,0.0
2026-06-05,43939.229166666664,50283.0,35234.0,4253.1875,6746.041666666667,40411.8125,15.694716494845359,2026,6,4,False,False,True,2.305283505154641,0.0
2026-06-06,39683.458333333336,45301.0,33321.0,7630.666666666667,5666.75,35692.270833333336,17.283805841924398,2026,6,5,True,False,False,0.7161941580756022,0.0
2026-06-07,38144.416666666664,43406.0,31146.0,2660.1041666666665,6167.4375,35639.166666666664,18.396091065292094,2026,6,6,True,False,False,0.0,0.0
2026-06-08,43667.895833333336,50584.0,32451.0,4751.645833333333,5423.4375,41745.770833333336,18.63092783505155,2026,6,0,False,False,True,0.0,0.0
2026-06-09,44290.479166666664,50213.0,35099.0,5391.291666666667,5668.229166666667,41861.270833333336,16.91872852233677,2026,6,1,False,False,True,1.081271477663229,0.0
2026-06-10,44377.729166666664,50992.0,34985.0,3893.4166666666665,5591.166666666667,42766.416666666664,15.845060137457045,2026,6,2,False,False,True,2.154939862542955,0.0
2026-06-11,45017.645833333336,51184.0,35455.0,4799.979166666667,6566.208333333333,41723.458333333336,16.248969072164947,2026,6,3,False,False,True,1.7510309278350533,0.0
2026-06-12,45286.083333333336,51809.0,35893.0,8019.1875,6613.645833333333,39294.791666666664,19.66069587628866,2026,6,4,False,False,True,0.0,0.0
2026-06-13,40907.729166666664,46527.0,34036.0,3855.9375,6597.0,34668.0,22.244394329896906,2026,6,5,True,False,False,0.0,0.0
2026-06-14,38867.479166666664,44068.0,31192.0,2482.5833333333335,6660.604166666667,33768.416666666664,22.45783934707904,2026,6,6,True,False,False,0.0,0.0
2026-06-15,44858.416666666664,51920.0,33333.0,2517.2916666666665,8530.520833333334,38638.645833333336,22.48036941580756,2026,6,0,False,False,True,0.0,0.0
2026-06-16,46158.75,52472.0,35690.0,2970.5416666666665,7130.5625,40903.208333333336,22.76512027491409,2026,6,1,False,False,True,0.0,0.0
2026-06-17,47479.854166666664,54265.0,36433.0,770.6875,8146.020833333333,42800.3125,24.63560996563574,2026,6,2,False,False,True,0.0,0.6356099656357408
2026-06-18,48684.416666666664,56008.0,37371.0,1501.0,8036.916666666667,42824.208333333336,26.423775773195874,2026,6,3,False,False,True,0.0,2.4237757731958745
2026-06-19,48329.104166666664,55564.0,37701.0,3613.6041666666665,8221.625,41651.458333333336,26.551503436426117,2026,6,4,False,False,True,0.0,2.551503436426117
2026-06-20,43928.875,49737.0,35835.0,1792.9583333333333,7536.791666666667,39433.604166666664,26.260803264604814,2026,6,5,True,False,False,0.0,2.2608032646048137
2026-06-21,43040.666666666664,48613.0,34185.0,1847.6458333333333,7895.916666666667,38145.625,28.567375429553262,2026,6,6,True,False,False,0.0,4.5673754295532625
2026-06-22,50240.604166666664,58549.0,36875.0,2609.6666666666665,8113.770833333333,40323.416666666664,30.112972508591067,2026,6,0,False,False,True,0.0,6.112972508591067
2026-06-23,51881.604166666664,59323.0,39984.0,2555.3958333333335,7967.5625,37441.0,30.73487972508591,2026,6,1,False,False,True,0.0,6.734879725085911
2026-06-24,52540.645833333336,60256.0,40703.0,2141.5833333333335,7909.9375,37942.270833333336,31.141902920962202,2026,6,2,False,False,True,0.0,7.1419029209622025
2026-06-25,53033.4375,60543.0,41616.0,4036.2708333333335,8071.833333333333,38068.0625,31.035244845360825,2026,6,3,False,False,True,0.0,7.035244845360825
2026-06-26,52187.5,59374.0,41847.0,3241.4166666666665,7983.395833333333,37799.229166666664,29.754682130584193,2026,6,4,False,False,True,0.0,5.754682130584193
2026-06-27,46890.291666666664,53069.0,38526.0,3093.1458333333335,8182.270833333333,35284.125,28.718234536082473,2026,6,5,True,False,False,0.0,4.718234536082473
2026-06-28,43557.5,48561.0,35814.0,2683.5625,7061.416666666667,33128.645833333336,26.12757731958763,2026,6,6,True,False,False,0.0,2.1275773195876297
2026-06-29,47635.979166666664,54868.0,36550.0,2877.4583333333335,7464.145833333333,35614.5625,23.525236254295535,2026,6,0,False,False,True,0.0,0.0
2026-06-30,48287.5625,55318.0,37845.0,2467.1041666666665,7634.3125,36420.1875,23.743792955326466,2026,6,1,False,False,True,0.0,0.0
